{
"type": "FeatureCollection",
"name": "india_polyline",
"crs": { "type": "name", "properties": { "name": "urn:ogc:def:crs:OGC:1.3:CRS84" } },
"features": [
{ "type": "Feature", "properties": { "full_id": "w23036319", "osm_id": "23036319", "osm_type": "way", "highway": "primary", "hazard": null, "psv": null, "name:en": null, "ref:old": null, "bridge": null, "sidewalk:right": null, "sidewalk:left": null, "dual_carriageway": null, "tunnel": null, "maxheight": null, "int_ref": null, "maxweight:signed": null, "sidewalk:left:surface": null, "lane_markings": null, "smoothness": null, "short_name": null, "junction": null, "loc_name": null, "year_of_construction": null, "start_date": null, "full_name": null, "foot": null, "bicycle": null, "wikipedia": null, "official_name": null, "alt_name": null, "motorroad": "no", "maxspeed": "50", "layer": "1", "embankment": "yes", "old_name": null, "name:etymology:wikidata": null, "lit": "yes", "hgv": null, "surface": "asphalt", "sidewalk": "no", "oneway": "yes", "name:kn": null, "name": "Dairy Circle Flyover", "lanes": "2", "len": 226.097 }, "geometry": { "type": "LineString", "coordinates": [ [ 77.6009457, 12.9371798 ], [ 77.6004796, 12.9372455 ], [ 77.6002107, 12.9373012 ], [ 77.5999909, 12.9373529 ], [ 77.5998446, 12.9373996 ], [ 77.5997112, 12.9374514 ], [ 77.599398, 12.9376017 ], [ 77.5992085, 12.9377048 ], [ 77.5990915, 12.9377881 ], [ 77.5990454, 12.9378208 ] ] } },
{ "type": "Feature", "properties": { "full_id": "w24231604", "osm_id": "24231604", "osm_type": "way", "highway": "primary", "hazard": null, "psv": null, "name:en": null, "ref:old": null, "bridge": null, "sidewalk:right": null, "sidewalk:left": null, "dual_carriageway": null, "tunnel": null, "maxheight": null, "int_ref": null, "maxweight:signed": null, "sidewalk:left:surface": null, "lane_markings": null, "smoothness": null, "short_name": null, "junction": null, "loc_name": null, "year_of_construction": null, "start_date": null, "full_name": null, "foot": null, "bicycle": null, "wikipedia": null, "official_name": null, "alt_name": null, "motorroad": null, "maxspeed": null, "layer": null, "embankment": null, "old_name": null, "name:etymology:wikidata": "Q7424146", "lit": "yes", "hgv": null, "surface": "asphalt", "sidewalk": "both", "oneway": "yes", "name:kn": "ಸರ್ಜಾಪುರ ರಸ್ತೆ", "name": "Sarjapura Road", "lanes": "2", "len": 502.874 }, "geometry": { "type": "LineString", "coordinates": [ [ 77.6251492, 12.9257 ], [ 77.624579, 12.9259489 ], [ 77.6240841, 12.9261499 ], [ 77.6239618, 12.9262016 ], [ 77.6237777, 12.9262794 ], [ 77.6227449, 12.9267157 ], [ 77.6226928, 12.9267373 ], [ 77.6222171, 12.9269392 ], [ 77.6211127, 12.9274069 ], [ 77.6210876, 12.9274187 ], [ 77.6209908, 12.9274643 ] ] } },
{ "type": "Feature", "properties": { "full_id": "w24238080", "osm_id": "24238080", "osm_type": "way", "highway": "primary", "hazard": null, "psv": null, "name:en": null, "ref:old": null, "bridge": null, "sidewalk:right": null, "sidewalk:left": null, "dual_carriageway": null, "tunnel": null, "maxheight": null, "int_ref": null, "maxweight:signed": null, "sidewalk:left:surface": null, "lane_markings": null, "smoothness": null, "short_name": null, "junction": null, "loc_name": null, "year_of_construction": "1997..2000", "start_date": "2000", "full_name": "Koramangala Inner Ring Road", "foot": "yes", "bicycle": "yes", "wikipedia": null, "official_name": null, "alt_name": "Koramangala Ring Road", "motorroad": null, "maxspeed": null, "layer": null, "embankment": null, "old_name": "Indiranagar Koramangala Ring Road", "name:etymology:wikidata": null, "lit": null, "hgv": null, "surface": "asphalt", "sidewalk": null, "oneway": "yes", "name:kn": "ಒಳ ವರ್ತುಲ ರಸ್ತೆ", "name": "Inner Ring Road", "lanes": "2", "len": 204.952 }, "geometry": { "type": "LineString", "coordinates": [ [ 77.6269369, 12.9373325 ], [ 77.6269885, 12.9373785 ], [ 77.627084, 12.9374592 ], [ 77.62723, 12.9375825 ], [ 77.6273983, 12.9377023 ], [ 77.6276162, 12.9378348 ], [ 77.6278228, 12.9379459 ], [ 77.6282821, 12.9381715 ], [ 77.6285082, 12.9382733 ] ] } },
{ "type": "Feature", "properties": { "full_id": "w27777244", "osm_id": "27777244", "osm_type": "way", "highway": "primary", "hazard": null, "psv": null, "name:en": null, "ref:old": null, "bridge": null, "sidewalk:right": null, "sidewalk:left": null, "dual_carriageway": null, "tunnel": null, "maxheight": null, "int_ref": null, "maxweight:signed": null, "sidewalk:left:surface": null, "lane_markings": null, "smoothness": null, "short_name": null, "junction": null, "loc_name": "17th Main Road", "year_of_construction": null, "start_date": null, "full_name": null, "foot": null, "bicycle": null, "wikipedia": null, "official_name": null, "alt_name": "100 Feet Road", "motorroad": null, "maxspeed": null, "layer": null, "embankment": null, "old_name": null, "name:etymology:wikidata": "Q7919473", "lit": null, "hgv": null, "surface": "asphalt", "sidewalk": null, "oneway": "yes", "name:kn": "ಮಹಾಯೋಗಿ ವೇಮನ ರಸ್ತೆ", "name": "Mahayogi Vemana Road", "lanes": "2", "len": 198.99 }, "geometry": { "type": "LineString", "coordinates": [ [ 77.626942, 12.937197 ], [ 77.6266664, 12.9369729 ], [ 77.6265291, 12.9368612 ], [ 77.6255428, 12.9360846 ] ] } },
{ "type": "Feature", "properties": { "full_id": "w36853145", "osm_id": "36853145", "osm_type": "way", "highway": "primary", "hazard": null, "psv": null, "name:en": null, "ref:old": null, "bridge": null, "sidewalk:right": null, "sidewalk:left": null, "dual_carriageway": null, "tunnel": null, "maxheight": null, "int_ref": null, "maxweight:signed": null, "sidewalk:left:surface": null, "lane_markings": null, "smoothness": null, "short_name": "K. H. Circle", "junction": "roundabout", "loc_name": null, "year_of_construction": null, "start_date": null, "full_name": null, "foot": null, "bicycle": null, "wikipedia": null, "official_name": null, "alt_name": "Lalbhag Circle", "motorroad": "no", "maxspeed": null, "layer": null, "embankment": null, "old_name": null, "name:etymology:wikidata": "Q6389169", "lit": null, "hgv": null, "surface": "asphalt", "sidewalk": null, "oneway": null, "name:kn": "ಕೆಂಗಲ್ ಹನುಮಂತಯ್ಯ ವೃತ್ತ", "name": "Kengal Hanumanthaiah Circle", "lanes": null, "len": 40.603 }, "geometry": { "type": "LineString", "coordinates": [ [ 77.5906659, 12.9514638 ], [ 77.5906562, 12.9514473 ], [ 77.59063, 12.95142 ], [ 77.5905568, 12.9513847 ], [ 77.5904991, 12.9513823 ], [ 77.5904472, 12.9513976 ], [ 77.5903999, 12.9514311 ], [ 77.5903675, 12.9514776 ] ] } },
{ "type": "Feature", "properties": { "full_id": "w36965408", "osm_id": "36965408", "osm_type": "way", "highway": "primary", "hazard": null, "psv": null, "name:en": null, "ref:old": null, "bridge": null, "sidewalk:right": null, "sidewalk:left": null, "dual_carriageway": null, "tunnel": null, "maxheight": null, "int_ref": null, "maxweight:signed": null, "sidewalk:left:surface": null, "lane_markings": null, "smoothness": null, "short_name": null, "junction": null, "loc_name": null, "year_of_construction": null, "start_date": null, "full_name": null, "foot": null, "bicycle": null, "wikipedia": null, "official_name": null, "alt_name": null, "motorroad": null, "maxspeed": null, "layer": null, "embankment": null, "old_name": null, "name:etymology:wikidata": null, "lit": "yes", "hgv": null, "surface": "asphalt", "sidewalk": "separate", "oneway": "yes", "name:kn": "ಲಾಲ್‌ಬಾಗ್‌ ಕೋಟೆ ರಸ್ತೆ", "name": "Lalbagh Fort Road", "lanes": "2", "len": 570.82 }, "geometry": { "type": "LineString", "coordinates": [ [ 77.5857023, 12.9539378 ], [ 77.5868733, 12.9529472 ], [ 77.5870677, 12.9528106 ], [ 77.5876508, 12.9525986 ], [ 77.5891348, 12.9520798 ], [ 77.5893313, 12.9520112 ], [ 77.590012, 12.9517732 ], [ 77.5901998, 12.9517241 ], [ 77.590239, 12.9517139 ] ] } },
{ "type": "Feature", "properties": { "full_id": "w92196675", "osm_id": "92196675", "osm_type": "way", "highway": "primary", "hazard": null, "psv": null, "name:en": null, "ref:old": null, "bridge": null, "sidewalk:right": null, "sidewalk:left": null, "dual_carriageway": null, "tunnel": null, "maxheight": null, "int_ref": null, "maxweight:signed": null, "sidewalk:left:surface": null, "lane_markings": null, "smoothness": "good", "short_name": null, "junction": null, "loc_name": null, "year_of_construction": null, "start_date": null, "full_name": null, "foot": null, "bicycle": null, "wikipedia": null, "official_name": null, "alt_name": null, "motorroad": null, "maxspeed": "60", "layer": null, "embankment": null, "old_name": null, "name:etymology:wikidata": "Q297967", "lit": null, "hgv": null, "surface": "concrete", "sidewalk": "left", "oneway": "yes", "name:kn": "ಹೊಸೂರು ರಸ್ತೆ", "name": "Hosur Road", "lanes": "2", "len": 27.36 }, "geometry": { "type": "LineString", "coordinates": [ [ 77.6122579, 12.934403 ], [ 77.6122378, 12.9344425 ], [ 77.6121427, 12.9346201 ] ] } },
{ "type": "Feature", "properties": { "full_id": "w92196679", "osm_id": "92196679", "osm_type": "way", "highway": "primary", "hazard": null, "psv": null, "name:en": null, "ref:old": null, "bridge": null, "sidewalk:right": null, "sidewalk:left": null, "dual_carriageway": null, "tunnel": null, "maxheight": null, "int_ref": null, "maxweight:signed": null, "sidewalk:left:surface": "paving_stones", "lane_markings": "no", "smoothness": null, "short_name": null, "junction": null, "loc_name": null, "year_of_construction": null, "start_date": null, "full_name": null, "foot": null, "bicycle": null, "wikipedia": null, "official_name": null, "alt_name": null, "motorroad": null, "maxspeed": null, "layer": null, "embankment": null, "old_name": null, "name:etymology:wikidata": null, "lit": "yes", "hgv": null, "surface": "concrete", "sidewalk": "both", "oneway": "yes", "name:kn": "ಮಡಿವಾಳ ಸರ್ಜಾಪುರ ರಸ್ತೆ", "name": "Madiwala Sarjapura Road", "lanes": null, "len": 968.078 }, "geometry": { "type": "LineString", "coordinates": [ [ 77.6288623, 12.9241419 ], [ 77.6286643, 12.9239992 ], [ 77.6285248, 12.9239475 ], [ 77.627065, 12.9236267 ], [ 77.6266787, 12.9235503 ], [ 77.6242948, 12.9230244 ], [ 77.6236503, 12.92289 ], [ 77.6235996, 12.9228794 ], [ 77.6232282, 12.9227511 ], [ 77.6231013, 12.922675 ], [ 77.6220184, 12.9220258 ], [ 77.6217106, 12.9218412 ], [ 77.6210995, 12.9214902 ], [ 77.6207556, 12.9212926 ] ] } },
{ "type": "Feature", "properties": { "full_id": "w111814614", "osm_id": "111814614", "osm_type": "way", "highway": "primary", "hazard": null, "psv": null, "name:en": null, "ref:old": null, "bridge": null, "sidewalk:right": null, "sidewalk:left": null, "dual_carriageway": null, "tunnel": null, "maxheight": null, "int_ref": null, "maxweight:signed": null, "sidewalk:left:surface": null, "lane_markings": null, "smoothness": null, "short_name": null, "junction": null, "loc_name": null, "year_of_construction": null, "start_date": null, "full_name": null, "foot": null, "bicycle": null, "wikipedia": null, "official_name": null, "alt_name": "17th Main Road", "motorroad": null, "maxspeed": null, "layer": null, "embankment": null, "old_name": null, "name:etymology:wikidata": "Q7919473", "lit": null, "hgv": null, "surface": "asphalt", "sidewalk": null, "oneway": "yes", "name:kn": "ಮಹಾಯೋಗಿ ವೇಮನ ರಸ್ತೆ", "name": "Mahayogi Vemana Road", "lanes": "2", "len": 472.302 }, "geometry": { "type": "LineString", "coordinates": [ [ 77.620899, 12.9272267 ], [ 77.6204316, 12.925982 ], [ 77.6203664, 12.9258085 ], [ 77.6203441, 12.9257492 ], [ 77.6201569, 12.9255148 ], [ 77.6201379, 12.9254909 ], [ 77.6200898, 12.9254422 ], [ 77.6200089, 12.9253882 ], [ 77.619846, 12.9252826 ], [ 77.6185737, 12.9247611 ], [ 77.6183237, 12.9246425 ], [ 77.618251, 12.9246054 ], [ 77.6180426, 12.9244848 ] ] } },
{ "type": "Feature", "properties": { "full_id": "w111814615", "osm_id": "111814615", "osm_type": "way", "highway": "primary", "hazard": null, "psv": null, "name:en": null, "ref:old": null, "bridge": null, "sidewalk:right": null, "sidewalk:left": null, "dual_carriageway": null, "tunnel": null, "maxheight": null, "int_ref": null, "maxweight:signed": null, "sidewalk:left:surface": null, "lane_markings": null, "smoothness": "good", "short_name": null, "junction": null, "loc_name": "17th Main Road", "year_of_construction": null, "start_date": null, "full_name": null, "foot": null, "bicycle": null, "wikipedia": null, "official_name": null, "alt_name": "100 Feet Road", "motorroad": null, "maxspeed": null, "layer": null, "embankment": null, "old_name": null, "name:etymology:wikidata": "Q7919473", "lit": null, "hgv": null, "surface": "asphalt", "sidewalk": null, "oneway": "yes", "name:kn": "ಮಹಾಯೋಗಿ ವೇಮನ ರಸ್ತೆ", "name": "Mahayogi Vemana Road", "lanes": "2", "len": 466.018 }, "geometry": { "type": "LineString", "coordinates": [ [ 77.622498, 12.9315406 ], [ 77.6225692, 12.9317164 ], [ 77.6226551, 12.9319288 ], [ 77.6232731, 12.9334559 ], [ 77.623801, 12.9345854 ], [ 77.6240716, 12.9349653 ], [ 77.6243708, 12.9352411 ] ] } },
{ "type": "Feature", "properties": { "full_id": "w128443958", "osm_id": "128443958", "osm_type": "way", "highway": "primary", "hazard": null, "psv": null, "name:en": null, "ref:old": null, "bridge": null, "sidewalk:right": null, "sidewalk:left": null, "dual_carriageway": null, "tunnel": null, "maxheight": null, "int_ref": null, "maxweight:signed": "no", "sidewalk:left:surface": null, "lane_markings": null, "smoothness": "good", "short_name": null, "junction": null, "loc_name": null, "year_of_construction": null, "start_date": null, "full_name": null, "foot": null, "bicycle": null, "wikipedia": null, "official_name": null, "alt_name": null, "motorroad": null, "maxspeed": "60", "layer": null, "embankment": null, "old_name": null, "name:etymology:wikidata": "Q297967", "lit": null, "hgv": null, "surface": "asphalt", "sidewalk": "no", "oneway": "yes", "name:kn": "ಹೊಸೂರು ರಸ್ತೆ", "name": "Hosur Road", "lanes": null, "len": 29.569 }, "geometry": { "type": "LineString", "coordinates": [ [ 77.60582, 12.9498651 ], [ 77.6057426, 12.9501192 ] ] } },
{ "type": "Feature", "properties": { "full_id": "w133763758", "osm_id": "133763758", "osm_type": "way", "highway": "primary", "hazard": null, "psv": null, "name:en": null, "ref:old": null, "bridge": null, "sidewalk:right": null, "sidewalk:left": null, "dual_carriageway": null, "tunnel": null, "maxheight": null, "int_ref": "AH43", "maxweight:signed": null, "sidewalk:left:surface": null, "lane_markings": null, "smoothness": "good", "short_name": null, "junction": null, "loc_name": null, "year_of_construction": null, "start_date": null, "full_name": null, "foot": "no", "bicycle": null, "wikipedia": null, "official_name": null, "alt_name": "Hosur Road", "motorroad": "no", "maxspeed": "60", "layer": "-1", "embankment": null, "old_name": null, "name:etymology:wikidata": "Q6728242", "lit": "yes", "hgv": null, "surface": "concrete", "sidewalk": "no", "oneway": "yes", "name:kn": "ಹೊಸೂರು ರಸ್ತೆ", "name": "Madiwala Underpass", "lanes": "2", "len": 92.104 }, "geometry": { "type": "LineString", "coordinates": [ [ 77.6186023, 12.9237068 ], [ 77.6181717, 12.9244133 ] ] } },
{ "type": "Feature", "properties": { "full_id": "w133763760", "osm_id": "133763760", "osm_type": "way", "highway": "primary", "hazard": null, "psv": null, "name:en": null, "ref:old": null, "bridge": null, "sidewalk:right": null, "sidewalk:left": null, "dual_carriageway": null, "tunnel": null, "maxheight": null, "int_ref": "AH43", "maxweight:signed": null, "sidewalk:left:surface": null, "lane_markings": null, "smoothness": "good", "short_name": null, "junction": null, "loc_name": null, "year_of_construction": null, "start_date": null, "full_name": null, "foot": "no", "bicycle": null, "wikipedia": null, "official_name": null, "alt_name": "Hosur Road", "motorroad": "no", "maxspeed": "60", "layer": "-1", "embankment": null, "old_name": null, "name:etymology:wikidata": "Q6728242", "lit": "yes", "hgv": null, "surface": "concrete", "sidewalk": "no", "oneway": "yes", "name:kn": "ಹೊಸೂರು ರಸ್ತೆ", "name": "Madiwala Underpass", "lanes": "2", "len": 168.084 }, "geometry": { "type": "LineString", "coordinates": [ [ 77.6172816, 12.9260375 ], [ 77.6173844, 12.9258298 ], [ 77.6180631, 12.9247467 ] ] } },
{ "type": "Feature", "properties": { "full_id": "w133763768", "osm_id": "133763768", "osm_type": "way", "highway": "primary", "hazard": null, "psv": null, "name:en": null, "ref:old": null, "bridge": null, "sidewalk:right": null, "sidewalk:left": null, "dual_carriageway": null, "tunnel": null, "maxheight": null, "int_ref": null, "maxweight:signed": null, "sidewalk:left:surface": null, "lane_markings": null, "smoothness": null, "short_name": null, "junction": null, "loc_name": null, "year_of_construction": null, "start_date": null, "full_name": null, "foot": null, "bicycle": null, "wikipedia": null, "official_name": null, "alt_name": "17th Main Road", "motorroad": null, "maxspeed": "30", "layer": null, "embankment": null, "old_name": null, "name:etymology:wikidata": "Q7919473", "lit": null, "hgv": null, "surface": "asphalt", "sidewalk": null, "oneway": "yes", "name:kn": "ಮಹಾಯೋಗಿ ವೇಮನ ರಸ್ತೆ", "name": "Mahayogi Vemana Road", "lanes": "2", "len": 489.832 }, "geometry": { "type": "LineString", "coordinates": [ [ 77.6179924, 12.9245641 ], [ 77.6182077, 12.9246842 ], [ 77.6187994, 12.9249368 ], [ 77.6196979, 12.9253587 ], [ 77.6197775, 12.9253911 ], [ 77.6199272, 12.9254987 ], [ 77.6199902, 12.9255403 ], [ 77.6200295, 12.9255663 ], [ 77.6200541, 12.9256006 ], [ 77.6201989, 12.9258029 ], [ 77.6202175, 12.9258503 ], [ 77.6207581, 12.927227 ], [ 77.6208361, 12.9274056 ], [ 77.6208578, 12.9274554 ], [ 77.6208789, 12.9275058 ] ] } },
{ "type": "Feature", "properties": { "full_id": "w133764735", "osm_id": "133764735", "osm_type": "way", "highway": "primary", "hazard": null, "psv": null, "name:en": null, "ref:old": null, "bridge": null, "sidewalk:right": null, "sidewalk:left": null, "dual_carriageway": null, "tunnel": null, "maxheight": "5.5", "int_ref": null, "maxweight:signed": null, "sidewalk:left:surface": null, "lane_markings": null, "smoothness": null, "short_name": null, "junction": null, "loc_name": null, "year_of_construction": null, "start_date": null, "full_name": null, "foot": null, "bicycle": null, "wikipedia": null, "official_name": null, "alt_name": "Christ College Road", "motorroad": "no", "maxspeed": "50", "layer": null, "embankment": null, "old_name": null, "name:etymology:wikidata": "Q6712641", "lit": "yes", "hgv": null, "surface": null, "sidewalk": "separate", "oneway": "yes", "name:kn": "ಡಾ ಮರಿಗೌಡ ರಸ್ತೆ", "name": "Dr. M H Marigowda Road", "lanes": "2", "len": 56.133 }, "geometry": { "type": "LineString", "coordinates": [ [ 77.61384, 12.9315208 ], [ 77.6136342, 12.93167 ], [ 77.6134432, 12.9318314 ] ] } },
{ "type": "Feature", "properties": { "full_id": "w145409123", "osm_id": "145409123", "osm_type": "way", "highway": "primary", "hazard": null, "psv": null, "name:en": null, "ref:old": null, "bridge": null, "sidewalk:right": null, "sidewalk:left": null, "dual_carriageway": null, "tunnel": null, "maxheight": null, "int_ref": null, "maxweight:signed": null, "sidewalk:left:surface": null, "lane_markings": null, "smoothness": null, "short_name": null, "junction": null, "loc_name": null, "year_of_construction": null, "start_date": null, "full_name": null, "foot": null, "bicycle": null, "wikipedia": null, "official_name": null, "alt_name": null, "motorroad": "no", "maxspeed": null, "layer": null, "embankment": null, "old_name": null, "name:etymology:wikidata": null, "lit": "yes", "hgv": null, "surface": "asphalt", "sidewalk": null, "oneway": "yes", "name:kn": "ಲಾಲ್‌ಬಾಗ್‌ ಕೋಟೆ ರಸ್ತೆ", "name": "Lalbagh Fort Road", "lanes": "2", "len": 413.079 }, "geometry": { "type": "LineString", "coordinates": [ [ 77.5933165, 12.9490798 ], [ 77.593219, 12.9493404 ], [ 77.5930799, 12.9496012 ], [ 77.5928561, 12.9499867 ], [ 77.5928396, 12.9500158 ], [ 77.5928053, 12.9500548 ], [ 77.5925004, 12.9503598 ], [ 77.5924187, 12.9504384 ], [ 77.5921501, 12.9506823 ], [ 77.5918962, 12.9509145 ], [ 77.5918071, 12.9509877 ], [ 77.591607, 12.9511019 ], [ 77.5910298, 12.9513363 ], [ 77.5908495, 12.9513994 ], [ 77.5908168, 12.9514109 ], [ 77.5906659, 12.9514638 ] ] } },
{ "type": "Feature", "properties": { "full_id": "w148210028", "osm_id": "148210028", "osm_type": "way", "highway": "primary", "hazard": null, "psv": null, "name:en": null, "ref:old": null, "bridge": null, "sidewalk:right": null, "sidewalk:left": null, "dual_carriageway": null, "tunnel": null, "maxheight": null, "int_ref": "AH43", "maxweight:signed": null, "sidewalk:left:surface": null, "lane_markings": null, "smoothness": "good", "short_name": null, "junction": null, "loc_name": null, "year_of_construction": null, "start_date": null, "full_name": null, "foot": "no", "bicycle": null, "wikipedia": null, "official_name": null, "alt_name": "Hosur Road", "motorroad": "no", "maxspeed": "60", "layer": "-1", "embankment": null, "old_name": null, "name:etymology:wikidata": "Q6728242", "lit": "yes", "hgv": null, "surface": "concrete", "sidewalk": "no", "oneway": "yes", "name:kn": "ಹೊಸೂರು ರಸ್ತೆ", "name": "Madiwala Underpass", "lanes": "2", "len": 134.079 }, "geometry": { "type": "LineString", "coordinates": [ [ 77.6182327, 12.924461 ], [ 77.6185009, 12.9239986 ], [ 77.6188855, 12.9234501 ] ] } },
{ "type": "Feature", "properties": { "full_id": "w148210029", "osm_id": "148210029", "osm_type": "way", "highway": "primary", "hazard": null, "psv": null, "name:en": null, "ref:old": null, "bridge": null, "sidewalk:right": null, "sidewalk:left": null, "dual_carriageway": null, "tunnel": null, "maxheight": null, "int_ref": "AH43", "maxweight:signed": null, "sidewalk:left:surface": null, "lane_markings": null, "smoothness": "good", "short_name": null, "junction": null, "loc_name": null, "year_of_construction": null, "start_date": null, "full_name": null, "foot": "no", "bicycle": null, "wikipedia": null, "official_name": null, "alt_name": "Hosur Road", "motorroad": "no", "maxspeed": "50", "layer": "-1", "embankment": null, "old_name": null, "name:etymology:wikidata": "Q6728242", "lit": "yes", "hgv": null, "surface": "concrete", "sidewalk": "no", "oneway": "yes", "name:kn": "ಹೊಸೂರು ರಸ್ತೆ", "name": "Madiwala Underpass", "lanes": "3", "len": 167.039 }, "geometry": { "type": "LineString", "coordinates": [ [ 77.6179908, 12.9247095 ], [ 77.6174042, 12.9256504 ], [ 77.6171909, 12.925979 ] ] } },
{ "type": "Feature", "properties": { "full_id": "w148210030", "osm_id": "148210030", "osm_type": "way", "highway": "primary", "hazard": null, "psv": null, "name:en": null, "ref:old": null, "bridge": null, "sidewalk:right": null, "sidewalk:left": null, "dual_carriageway": null, "tunnel": "yes", "maxheight": null, "int_ref": "AH43", "maxweight:signed": null, "sidewalk:left:surface": null, "lane_markings": null, "smoothness": "good", "short_name": null, "junction": null, "loc_name": null, "year_of_construction": null, "start_date": null, "full_name": null, "foot": null, "bicycle": null, "wikipedia": null, "official_name": null, "alt_name": "Hosur Road", "motorroad": "no", "maxspeed": "60", "layer": "-1", "embankment": null, "old_name": null, "name:etymology:wikidata": "Q6728242", "lit": "yes", "hgv": null, "surface": "concrete", "sidewalk": "no", "oneway": "yes", "name:kn": "ಹೊಸೂರು ರಸ್ತೆ", "name": "Madiwala Underpass", "lanes": "2", "len": 36.986 }, "geometry": { "type": "LineString", "coordinates": [ [ 77.6180631, 12.9247467 ], [ 77.6182327, 12.924461 ] ] } },
{ "type": "Feature", "properties": { "full_id": "w148927117", "osm_id": "148927117", "osm_type": "way", "highway": "primary", "hazard": null, "psv": null, "name:en": null, "ref:old": null, "bridge": null, "sidewalk:right": null, "sidewalk:left": null, "dual_carriageway": null, "tunnel": null, "maxheight": null, "int_ref": null, "maxweight:signed": null, "sidewalk:left:surface": null, "lane_markings": null, "smoothness": null, "short_name": null, "junction": null, "loc_name": null, "year_of_construction": null, "start_date": null, "full_name": null, "foot": null, "bicycle": null, "wikipedia": null, "official_name": null, "alt_name": null, "motorroad": null, "maxspeed": null, "layer": null, "embankment": null, "old_name": null, "name:etymology:wikidata": null, "lit": null, "hgv": null, "surface": "asphalt", "sidewalk": "separate", "oneway": "yes", "name:kn": null, "name": null, "lanes": "3", "len": 45.11 }, "geometry": { "type": "LineString", "coordinates": [ [ 77.5854347, 12.9542788 ], [ 77.5852663, 12.9541872 ], [ 77.5852457, 12.9541769 ], [ 77.585226, 12.9541678 ], [ 77.585073, 12.9540965 ] ] } },
{ "type": "Feature", "properties": { "full_id": "w150510724", "osm_id": "150510724", "osm_type": "way", "highway": "primary", "hazard": null, "psv": null, "name:en": null, "ref:old": null, "bridge": null, "sidewalk:right": null, "sidewalk:left": null, "dual_carriageway": null, "tunnel": null, "maxheight": null, "int_ref": null, "maxweight:signed": null, "sidewalk:left:surface": null, "lane_markings": null, "smoothness": "good", "short_name": null, "junction": null, "loc_name": null, "year_of_construction": null, "start_date": null, "full_name": null, "foot": null, "bicycle": null, "wikipedia": null, "official_name": null, "alt_name": null, "motorroad": null, "maxspeed": null, "layer": null, "embankment": null, "old_name": null, "name:etymology:wikidata": "Q7424146", "lit": "yes", "hgv": null, "surface": "asphalt", "sidewalk": "both", "oneway": "yes", "name:kn": "ಸರ್ಜಾಪುರ ರಸ್ತೆ", "name": "Sarjapura Road", "lanes": "3", "len": 872.845 }, "geometry": { "type": "LineString", "coordinates": [ [ 77.6210315, 12.9275608 ], [ 77.6211292, 12.9275183 ], [ 77.6223418, 12.9270019 ], [ 77.6227986, 12.9268106 ], [ 77.623379, 12.9265612 ], [ 77.6251691, 12.9258055 ], [ 77.6251869, 12.9257981 ], [ 77.626535, 12.9252385 ], [ 77.6270231, 12.9250287 ], [ 77.6282515, 12.924503 ] ] } },
{ "type": "Feature", "properties": { "full_id": "w151676283", "osm_id": "151676283", "osm_type": "way", "highway": "primary", "hazard": null, "psv": null, "name:en": null, "ref:old": null, "bridge": null, "sidewalk:right": null, "sidewalk:left": null, "dual_carriageway": "yes", "tunnel": null, "maxheight": null, "int_ref": null, "maxweight:signed": null, "sidewalk:left:surface": null, "lane_markings": null, "smoothness": null, "short_name": null, "junction": null, "loc_name": null, "year_of_construction": null, "start_date": null, "full_name": null, "foot": null, "bicycle": null, "wikipedia": null, "official_name": null, "alt_name": null, "motorroad": null, "maxspeed": null, "layer": null, "embankment": null, "old_name": null, "name:etymology:wikidata": "Q7424146", "lit": null, "hgv": null, "surface": "asphalt", "sidewalk": "separate", "oneway": "yes", "name:kn": "ಸರ್ಜಪುರ ರಸ್ತೆ", "name": "Sarjapur Road", "lanes": "2", "len": 1154.669 }, "geometry": { "type": "LineString", "coordinates": [ [ 77.6399269, 12.9238482 ], [ 77.6399982, 12.9238197 ], [ 77.6401349, 12.9237686 ], [ 77.6403323, 12.9236953 ], [ 77.6403436, 12.9236908 ], [ 77.6411747, 12.9233636 ], [ 77.6412327, 12.9233503 ], [ 77.6412934, 12.9233383 ], [ 77.6413506, 12.9233394 ], [ 77.6414334, 12.9233488 ], [ 77.6415461, 12.9233783 ], [ 77.6431436, 12.9238151 ], [ 77.6431918, 12.9238283 ], [ 77.6435221, 12.9239186 ], [ 77.6449262, 12.9243563 ], [ 77.6451601, 12.924424 ], [ 77.6453212, 12.9244444 ], [ 77.6466324, 12.9244807 ], [ 77.6474318, 12.9245443 ], [ 77.6476297, 12.9245581 ], [ 77.6479885, 12.9245819 ], [ 77.648397, 12.9246072 ], [ 77.6490252, 12.9246613 ], [ 77.6491711, 12.9246646 ], [ 77.6492644, 12.9246573 ], [ 77.6493442, 12.9246511 ], [ 77.6495523, 12.9246176 ], [ 77.6497268, 12.924611 ], [ 77.6498537, 12.924589 ], [ 77.6498925, 12.9245823 ], [ 77.649937, 12.9245563 ], [ 77.649974, 12.9244696 ] ] } },
{ "type": "Feature", "properties": { "full_id": "w160334705", "osm_id": "160334705", "osm_type": "way", "highway": "primary", "hazard": null, "psv": null, "name:en": null, "ref:old": null, "bridge": null, "sidewalk:right": null, "sidewalk:left": null, "dual_carriageway": null, "tunnel": null, "maxheight": "5.5", "int_ref": "AH43", "maxweight:signed": null, "sidewalk:left:surface": null, "lane_markings": null, "smoothness": "good", "short_name": null, "junction": null, "loc_name": null, "year_of_construction": null, "start_date": null, "full_name": null, "foot": "no", "bicycle": null, "wikipedia": null, "official_name": null, "alt_name": null, "motorroad": null, "maxspeed": "60", "layer": null, "embankment": null, "old_name": null, "name:etymology:wikidata": "Q297967", "lit": "yes", "hgv": null, "surface": "concrete", "sidewalk": "no", "oneway": "yes", "name:kn": "ಹೊಸೂರು ರಸ್ತೆ", "name": "Hosur Road", "lanes": "3", "len": 458.728 }, "geometry": { "type": "LineString", "coordinates": [ [ 77.6151658, 12.9295715 ], [ 77.6153, 12.9293925 ], [ 77.6154226, 12.929187 ], [ 77.6171742, 12.9262516 ], [ 77.6172816, 12.9260375 ] ] } },
{ "type": "Feature", "properties": { "full_id": "w162583705", "osm_id": "162583705", "osm_type": "way", "highway": "primary", "hazard": null, "psv": null, "name:en": null, "ref:old": null, "bridge": null, "sidewalk:right": null, "sidewalk:left": null, "dual_carriageway": null, "tunnel": null, "maxheight": null, "int_ref": null, "maxweight:signed": null, "sidewalk:left:surface": null, "lane_markings": null, "smoothness": "good", "short_name": null, "junction": null, "loc_name": null, "year_of_construction": null, "start_date": null, "full_name": null, "foot": null, "bicycle": null, "wikipedia": null, "official_name": null, "alt_name": null, "motorroad": null, "maxspeed": "60", "layer": null, "embankment": null, "old_name": null, "name:etymology:wikidata": "Q297967", "lit": null, "hgv": null, "surface": "concrete", "sidewalk": "left", "oneway": "yes", "name:kn": "ಹೊಸೂರು ರಸ್ತೆ", "name": "Hosur Road", "lanes": "2", "len": 5.955 }, "geometry": { "type": "LineString", "coordinates": [ [ 77.6075686, 12.9440048 ], [ 77.6075531, 12.944056 ] ] } },
{ "type": "Feature", "properties": { "full_id": "w169453737", "osm_id": "169453737", "osm_type": "way", "highway": "primary", "hazard": null, "psv": null, "name:en": null, "ref:old": null, "bridge": null, "sidewalk:right": null, "sidewalk:left": null, "dual_carriageway": null, "tunnel": null, "maxheight": null, "int_ref": null, "maxweight:signed": null, "sidewalk:left:surface": null, "lane_markings": null, "smoothness": null, "short_name": null, "junction": null, "loc_name": null, "year_of_construction": null, "start_date": null, "full_name": null, "foot": null, "bicycle": null, "wikipedia": null, "official_name": null, "alt_name": null, "motorroad": null, "maxspeed": null, "layer": null, "embankment": null, "old_name": null, "name:etymology:wikidata": null, "lit": null, "hgv": null, "surface": null, "sidewalk": null, "oneway": "yes", "name:kn": "ಲಾಲ್‌ಬಾಗ್‌ ಕೋಟೆ ರಸ್ತೆ", "name": "Lalbagh Fort Road", "lanes": null, "len": 568.19 }, "geometry": { "type": "LineString", "coordinates": [ [ 77.585073, 12.9540965 ], [ 77.5847004, 12.9542179 ], [ 77.5843853, 12.9543321 ], [ 77.584172, 12.9544003 ], [ 77.583697, 12.9545582 ], [ 77.5834677, 12.9546114 ], [ 77.583285, 12.9546431 ], [ 77.5832051, 12.954657 ], [ 77.5831304, 12.95467 ], [ 77.5829926, 12.954694 ], [ 77.5829636, 12.954699 ], [ 77.5829564, 12.9547003 ], [ 77.5827793, 12.954731 ], [ 77.5827448, 12.954737 ], [ 77.5824251, 12.9547608 ], [ 77.5823097, 12.9547747 ], [ 77.5822081, 12.9547846 ], [ 77.5819107, 12.954813 ], [ 77.5815567, 12.9548414 ], [ 77.5811778, 12.9548769 ], [ 77.5808037, 12.9549436 ], [ 77.5805032, 12.9550317 ], [ 77.5802666, 12.9551212 ], [ 77.5802248, 12.955137 ], [ 77.58016, 12.9551633 ], [ 77.5801106, 12.9551624 ] ] } },
{ "type": "Feature", "properties": { "full_id": "w172853382", "osm_id": "172853382", "osm_type": "way", "highway": "primary", "hazard": null, "psv": null, "name:en": null, "ref:old": null, "bridge": null, "sidewalk:right": null, "sidewalk:left": null, "dual_carriageway": null, "tunnel": null, "maxheight": null, "int_ref": "AH43", "maxweight:signed": null, "sidewalk:left:surface": null, "lane_markings": null, "smoothness": "good", "short_name": null, "junction": null, "loc_name": null, "year_of_construction": null, "start_date": null, "full_name": null, "foot": null, "bicycle": null, "wikipedia": null, "official_name": null, "alt_name": null, "motorroad": null, "maxspeed": "60", "layer": null, "embankment": null, "old_name": null, "name:etymology:wikidata": "Q297967", "lit": "yes", "hgv": null, "surface": "asphalt", "sidewalk": "no", "oneway": "yes", "name:kn": "ಹೊಸೂರು ರಸ್ತೆ", "name": "Hosur Road", "lanes": "2", "len": 294.712 }, "geometry": { "type": "LineString", "coordinates": [ [ 77.6188855, 12.9234501 ], [ 77.6189926, 12.9232773 ], [ 77.6193219, 12.9227458 ], [ 77.6195407, 12.9224033 ], [ 77.6197926, 12.9220184 ], [ 77.6202103, 12.9213448 ], [ 77.6202306, 12.9213128 ], [ 77.6202544, 12.9212751 ], [ 77.6202708, 12.9212494 ], [ 77.6202961, 12.9212099 ] ] } },
{ "type": "Feature", "properties": { "full_id": "w172853383", "osm_id": "172853383", "osm_type": "way", "highway": "primary", "hazard": null, "psv": null, "name:en": null, "ref:old": null, "bridge": null, "sidewalk:right": null, "sidewalk:left": null, "dual_carriageway": null, "tunnel": null, "maxheight": null, "int_ref": "AH43", "maxweight:signed": null, "sidewalk:left:surface": null, "lane_markings": null, "smoothness": "good", "short_name": null, "junction": null, "loc_name": null, "year_of_construction": null, "start_date": null, "full_name": null, "foot": "no", "bicycle": null, "wikipedia": null, "official_name": null, "alt_name": null, "motorroad": null, "maxspeed": "60", "layer": null, "embankment": null, "old_name": null, "name:etymology:wikidata": "Q297967", "lit": "yes", "hgv": null, "surface": "concrete", "sidewalk": "no", "oneway": "yes", "name:kn": "ಹೊಸೂರು ರಸ್ತೆ", "name": "Hosur Road", "lanes": "4", "len": 326.951 }, "geometry": { "type": "LineString", "coordinates": [ [ 77.6171909, 12.925979 ], [ 77.617103, 12.9261271 ], [ 77.616588, 12.9269951 ], [ 77.6160664, 12.9278594 ], [ 77.6156751, 12.9284946 ] ] } },
{ "type": "Feature", "properties": { "full_id": "w180820265", "osm_id": "180820265", "osm_type": "way", "highway": "primary", "hazard": null, "psv": null, "name:en": null, "ref:old": null, "bridge": null, "sidewalk:right": null, "sidewalk:left": null, "dual_carriageway": null, "tunnel": null, "maxheight": null, "int_ref": null, "maxweight:signed": null, "sidewalk:left:surface": null, "lane_markings": null, "smoothness": null, "short_name": null, "junction": null, "loc_name": null, "year_of_construction": null, "start_date": null, "full_name": null, "foot": null, "bicycle": null, "wikipedia": null, "official_name": null, "alt_name": null, "motorroad": "no", "maxspeed": "50", "layer": null, "embankment": null, "old_name": null, "name:etymology:wikidata": null, "lit": "yes", "hgv": null, "surface": "asphalt", "sidewalk": "no", "oneway": "yes", "name:kn": null, "name": "Dairy Circle Flyover", "lanes": "2", "len": 16.519 }, "geometry": { "type": "LineString", "coordinates": [ [ 77.5990454, 12.9378208 ], [ 77.5989314, 12.9379158 ] ] } },
{ "type": "Feature", "properties": { "full_id": "w191193142", "osm_id": "191193142", "osm_type": "way", "highway": "primary", "hazard": null, "psv": null, "name:en": null, "ref:old": null, "bridge": null, "sidewalk:right": null, "sidewalk:left": null, "dual_carriageway": "yes", "tunnel": null, "maxheight": "5.5", "int_ref": null, "maxweight:signed": null, "sidewalk:left:surface": null, "lane_markings": null, "smoothness": null, "short_name": null, "junction": null, "loc_name": null, "year_of_construction": null, "start_date": null, "full_name": null, "foot": null, "bicycle": null, "wikipedia": null, "official_name": null, "alt_name": "Christ College Road", "motorroad": "no", "maxspeed": "50", "layer": null, "embankment": null, "old_name": null, "name:etymology:wikidata": "Q6712641", "lit": "yes", "hgv": null, "surface": "concrete", "sidewalk": "separate", "oneway": "yes", "name:kn": "ಡಾ ಮರಿಗೌಡ ರಸ್ತೆ", "name": "Dr. M H Marigowda Road", "lanes": "2", "len": 576.573 }, "geometry": { "type": "LineString", "coordinates": [ [ 77.6047696, 12.9367299 ], [ 77.604874, 12.9367132 ], [ 77.6048965, 12.9367096 ], [ 77.6050137, 12.9366909 ], [ 77.6050652, 12.9366834 ], [ 77.6055647, 12.936609 ], [ 77.60569, 12.9365926 ], [ 77.6058255, 12.936575 ], [ 77.6060337, 12.936548 ], [ 77.6062346, 12.936522 ], [ 77.6063989, 12.9364956 ], [ 77.6064496, 12.9364875 ], [ 77.6065383, 12.9364732 ], [ 77.6067925, 12.9364003 ], [ 77.6069045, 12.9363604 ], [ 77.6069229, 12.9363538 ], [ 77.6069729, 12.936336 ], [ 77.6070047, 12.9363247 ], [ 77.6070407, 12.9363118 ], [ 77.6071729, 12.9362647 ], [ 77.6075926, 12.936102 ], [ 77.607673, 12.9360709 ], [ 77.6079118, 12.9359444 ], [ 77.6086846, 12.9354673 ], [ 77.609475, 12.9349712 ], [ 77.6094868, 12.9349638 ], [ 77.6095392, 12.9349309 ] ] } },
{ "type": "Feature", "properties": { "full_id": "w191193143", "osm_id": "191193143", "osm_type": "way", "highway": "primary", "hazard": null, "psv": null, "name:en": null, "ref:old": null, "bridge": null, "sidewalk:right": null, "sidewalk:left": null, "dual_carriageway": null, "tunnel": null, "maxheight": null, "int_ref": null, "maxweight:signed": null, "sidewalk:left:surface": null, "lane_markings": null, "smoothness": null, "short_name": null, "junction": null, "loc_name": null, "year_of_construction": null, "start_date": null, "full_name": null, "foot": null, "bicycle": null, "wikipedia": null, "official_name": null, "alt_name": null, "motorroad": "no", "maxspeed": "50", "layer": "1", "embankment": "yes", "old_name": null, "name:etymology:wikidata": null, "lit": "yes", "hgv": null, "surface": null, "sidewalk": "no", "oneway": "yes", "name:kn": null, "name": "Dairy Circle Flyover", "lanes": "2", "len": 226.189 }, "geometry": { "type": "LineString", "coordinates": [ [ 77.5990559, 12.937934 ], [ 77.5991183, 12.9378753 ], [ 77.5992715, 12.9377815 ], [ 77.5994415, 12.9376944 ], [ 77.5997485, 12.9375368 ], [ 77.5999944, 12.9374414 ], [ 77.6002224, 12.9373763 ], [ 77.6004865, 12.9373216 ], [ 77.6009419, 12.9372574 ] ] } },
{ "type": "Feature", "properties": { "full_id": "w191193144", "osm_id": "191193144", "osm_type": "way", "highway": "primary", "hazard": null, "psv": null, "name:en": null, "ref:old": null, "bridge": null, "sidewalk:right": null, "sidewalk:left": null, "dual_carriageway": null, "tunnel": null, "maxheight": "5.5", "int_ref": null, "maxweight:signed": null, "sidewalk:left:surface": null, "lane_markings": null, "smoothness": null, "short_name": null, "junction": null, "loc_name": null, "year_of_construction": null, "start_date": null, "full_name": null, "foot": null, "bicycle": null, "wikipedia": null, "official_name": null, "alt_name": "Christ College Road", "motorroad": "no", "maxspeed": "50", "layer": null, "embankment": null, "old_name": null, "name:etymology:wikidata": "Q6712641", "lit": "yes", "hgv": null, "surface": "concrete", "sidewalk": null, "oneway": "yes", "name:kn": "ಡಾ ಮರಿಗೌಡ ರಸ್ತೆ", "name": "Dr. M H Marigowda Road", "lanes": "2", "len": 467.141 }, "geometry": { "type": "LineString", "coordinates": [ [ 77.6104312, 12.9342559 ], [ 77.611161, 12.9336994 ], [ 77.6112518, 12.9336283 ], [ 77.6114358, 12.9334844 ], [ 77.6115464, 12.9333978 ], [ 77.611771, 12.933222 ], [ 77.6123657, 12.9327649 ], [ 77.6130714, 12.9322145 ], [ 77.6131896, 12.9321223 ], [ 77.6133247, 12.9320183 ], [ 77.613411, 12.9319553 ], [ 77.6135387, 12.9318621 ], [ 77.6137504, 12.9316887 ] ] } },
{ "type": "Feature", "properties": { "full_id": "w207470470", "osm_id": "207470470", "osm_type": "way", "highway": "primary", "hazard": null, "psv": null, "name:en": null, "ref:old": null, "bridge": null, "sidewalk:right": null, "sidewalk:left": null, "dual_carriageway": null, "tunnel": null, "maxheight": null, "int_ref": null, "maxweight:signed": null, "sidewalk:left:surface": null, "lane_markings": null, "smoothness": null, "short_name": null, "junction": null, "loc_name": null, "year_of_construction": null, "start_date": null, "full_name": null, "foot": null, "bicycle": null, "wikipedia": null, "official_name": null, "alt_name": null, "motorroad": "no", "maxspeed": "50", "layer": null, "embankment": null, "old_name": null, "name:etymology:wikidata": "Q6712641", "lit": "yes", "hgv": null, "surface": "asphalt", "sidewalk": "separate", "oneway": "yes", "name:kn": "ಡಾ. ಮರಿಗೌಡ ರಸ್ತೆ", "name": "Dr. M H Marigowda Road", "lanes": "2", "len": 999.203 }, "geometry": { "type": "LineString", "coordinates": [ [ 77.5989314, 12.9379158 ], [ 77.5986159, 12.9382634 ], [ 77.5984944, 12.9384158 ], [ 77.598427, 12.9385137 ], [ 77.5982554, 12.9388025 ], [ 77.5979654, 12.9392904 ], [ 77.5976701, 12.9397846 ], [ 77.5976244, 12.939928 ], [ 77.5976158, 12.9399724 ], [ 77.5975894, 12.9401179 ], [ 77.5974019, 12.9417487 ], [ 77.5973475, 12.9423696 ], [ 77.5972626, 12.9430212 ], [ 77.5972343, 12.9432144 ], [ 77.5971282, 12.9437869 ], [ 77.5971252, 12.9438028 ], [ 77.5971176, 12.9438437 ], [ 77.5970334, 12.9443074 ], [ 77.5969237, 12.9448 ], [ 77.5968936, 12.9448856 ], [ 77.596866, 12.9449366 ], [ 77.596733, 12.9450961 ], [ 77.5964933, 12.9453204 ], [ 77.5963246, 12.945433 ], [ 77.5959697, 12.9456302 ], [ 77.5956811, 12.9458161 ] ] } },
{ "type": "Feature", "properties": { "full_id": "w207472844", "osm_id": "207472844", "osm_type": "way", "highway": "primary", "hazard": null, "psv": null, "name:en": null, "ref:old": null, "bridge": null, "sidewalk:right": null, "sidewalk:left": null, "dual_carriageway": null, "tunnel": null, "maxheight": null, "int_ref": null, "maxweight:signed": null, "sidewalk:left:surface": null, "lane_markings": null, "smoothness": null, "short_name": null, "junction": null, "loc_name": null, "year_of_construction": null, "start_date": null, "full_name": null, "foot": null, "bicycle": null, "wikipedia": null, "official_name": null, "alt_name": null, "motorroad": "no", "maxspeed": "50", "layer": null, "embankment": null, "old_name": null, "name:etymology:wikidata": "Q6712641", "lit": "yes", "hgv": null, "surface": "asphalt", "sidewalk": null, "oneway": "yes", "name:kn": "ಡಾ. ಮರಿಗೌಡ ರಸ್ತೆ", "name": "Dr. M H Marigowda Road", "lanes": "2", "len": 256.865 }, "geometry": { "type": "LineString", "coordinates": [ [ 77.5965862, 12.9453401 ], [ 77.5967992, 12.9451312 ], [ 77.5969242, 12.9449872 ], [ 77.5969627, 12.944925 ], [ 77.5970012, 12.9448248 ], [ 77.5971101, 12.9443057 ], [ 77.5971727, 12.9439032 ], [ 77.5972017, 12.9437598 ], [ 77.5973115, 12.9432169 ] ] } },
{ "type": "Feature", "properties": { "full_id": "w207477321", "osm_id": "207477321", "osm_type": "way", "highway": "primary", "hazard": null, "psv": null, "name:en": null, "ref:old": null, "bridge": null, "sidewalk:right": null, "sidewalk:left": null, "dual_carriageway": null, "tunnel": null, "maxheight": null, "int_ref": null, "maxweight:signed": null, "sidewalk:left:surface": null, "lane_markings": null, "smoothness": null, "short_name": null, "junction": null, "loc_name": null, "year_of_construction": null, "start_date": null, "full_name": null, "foot": null, "bicycle": null, "wikipedia": null, "official_name": null, "alt_name": null, "motorroad": "no", "maxspeed": null, "layer": null, "embankment": null, "old_name": null, "name:etymology:wikidata": null, "lit": "yes", "hgv": null, "surface": "asphalt", "sidewalk": "separate", "oneway": "yes", "name:kn": "ಲಾಲ್‌ಬಾಗ್‌ ಕೋಟೆ ರಸ್ತೆ", "name": "Lalbagh Fort Road", "lanes": "2", "len": 450.217 }, "geometry": { "type": "LineString", "coordinates": [ [ 77.5906889, 12.9515344 ], [ 77.5908405, 12.9514765 ], [ 77.5915486, 12.951206 ], [ 77.5916216, 12.9511732 ], [ 77.591737, 12.9511214 ], [ 77.5918199, 12.9510624 ], [ 77.5918953, 12.9510021 ], [ 77.5921384, 12.9507845 ], [ 77.5925149, 12.9504155 ], [ 77.592869, 12.9500838 ], [ 77.5928946, 12.9500525 ], [ 77.5929089, 12.950035 ], [ 77.5931431, 12.9496271 ], [ 77.5932806, 12.9493576 ], [ 77.5933576, 12.9491418 ], [ 77.5934046, 12.9490315 ], [ 77.5934376, 12.9489551 ], [ 77.5934976, 12.94886 ] ] } },
{ "type": "Feature", "properties": { "full_id": "w208944724", "osm_id": "208944724", "osm_type": "way", "highway": "primary", "hazard": null, "psv": null, "name:en": null, "ref:old": null, "bridge": null, "sidewalk:right": "no", "sidewalk:left": "separate", "dual_carriageway": null, "tunnel": null, "maxheight": "5.5", "int_ref": null, "maxweight:signed": null, "sidewalk:left:surface": null, "lane_markings": null, "smoothness": "good", "short_name": null, "junction": null, "loc_name": null, "year_of_construction": "1997..2000", "start_date": "2000", "full_name": "Koramangala Inner Ring Road", "foot": null, "bicycle": null, "wikipedia": null, "official_name": null, "alt_name": "Koramangala Ring Road", "motorroad": null, "maxspeed": null, "layer": null, "embankment": null, "old_name": "Indiranagar Koramangala Ring Road", "name:etymology:wikidata": null, "lit": null, "hgv": null, "surface": "concrete", "sidewalk": null, "oneway": "yes", "name:kn": "ಒಳ ವರ್ತುಲ ರಸ್ತೆ", "name": "Inner Ring Road", "lanes": "2", "len": 2516.247 }, "geometry": { "type": "LineString", "coordinates": [ [ 77.6346476, 12.9387473 ], [ 77.6349106, 12.9388525 ], [ 77.6351774, 12.9389824 ], [ 77.6353249, 12.9390661 ], [ 77.6354529, 12.9391574 ], [ 77.6357568, 12.9393947 ], [ 77.6360208, 12.9396511 ], [ 77.6361014, 12.9397536 ], [ 77.6362744, 12.9399797 ], [ 77.6364934, 12.9403073 ], [ 77.6368526, 12.9408989 ], [ 77.6378354, 12.9424905 ], [ 77.6388024, 12.9440785 ], [ 77.6394005, 12.9450353 ], [ 77.6399778, 12.9459778 ], [ 77.6399851, 12.9459899 ], [ 77.640011, 12.9460321 ], [ 77.6400555, 12.9461078 ], [ 77.6403286, 12.9465737 ], [ 77.6406259, 12.947076 ], [ 77.6407094, 12.9472429 ], [ 77.6407322, 12.9473134 ], [ 77.6407665, 12.9474452 ], [ 77.6407765, 12.9475526 ], [ 77.6407665, 12.947791 ], [ 77.6407283, 12.9479742 ], [ 77.6406785, 12.9481526 ], [ 77.640608, 12.9482834 ], [ 77.6405618, 12.9483434 ], [ 77.6404694, 12.9484479 ], [ 77.6403386, 12.948576 ], [ 77.640002, 12.9488544 ], [ 77.639558, 12.9492636 ], [ 77.6394173, 12.9493974 ], [ 77.6392966, 12.9495483 ], [ 77.6391986, 12.9497451 ], [ 77.6391527, 12.9498759 ], [ 77.6391189, 12.9500777 ], [ 77.6391251, 12.9502703 ], [ 77.6391602, 12.950468 ], [ 77.63933, 12.950852 ], [ 77.6396446, 12.9514557 ], [ 77.6398068, 12.9517297 ], [ 77.6401966, 12.9523878 ], [ 77.6403715, 12.9526756 ], [ 77.640693, 12.9532268 ], [ 77.6408344, 12.9534691 ], [ 77.6411955, 12.9541534 ], [ 77.6412591, 12.9543926 ], [ 77.6412871, 12.9546887 ], [ 77.6413086, 12.9550654 ], [ 77.6413397, 12.9555613 ], [ 77.6413531, 12.9563938 ], [ 77.6413603, 12.9567428 ], [ 77.6413623, 12.9568407 ], [ 77.641363, 12.9569623 ], [ 77.6413469, 12.9571754 ], [ 77.6413016, 12.9578637 ], [ 77.6413115, 12.9580829 ] ] } },
{ "type": "Feature", "properties": { "full_id": "w208944725", "osm_id": "208944725", "osm_type": "way", "highway": "primary", "hazard": null, "psv": null, "name:en": null, "ref:old": null, "bridge": "yes", "sidewalk:right": null, "sidewalk:left": null, "dual_carriageway": null, "tunnel": null, "maxheight": null, "int_ref": null, "maxweight:signed": null, "sidewalk:left:surface": null, "lane_markings": null, "smoothness": null, "short_name": null, "junction": null, "loc_name": null, "year_of_construction": "1997..2000", "start_date": "2000", "full_name": "Koramangala Inner Ring Road", "foot": null, "bicycle": null, "wikipedia": null, "official_name": null, "alt_name": "Koramangala Ring Road", "motorroad": null, "maxspeed": null, "layer": "1", "embankment": null, "old_name": "Indiranagar Koramangala Ring Road", "name:etymology:wikidata": null, "lit": null, "hgv": null, "surface": "asphalt", "sidewalk": null, "oneway": "yes", "name:kn": "ಒಳ ವರ್ತುಲ ರಸ್ತೆ", "name": "Inner Ring Road", "lanes": "2", "len": 17.504 }, "geometry": { "type": "LineString", "coordinates": [ [ 77.6286878, 12.9382356 ], [ 77.6285411, 12.938179 ] ] } },
{ "type": "Feature", "properties": { "full_id": "w208944726", "osm_id": "208944726", "osm_type": "way", "highway": "primary", "hazard": null, "psv": null, "name:en": null, "ref:old": null, "bridge": null, "sidewalk:right": null, "sidewalk:left": null, "dual_carriageway": null, "tunnel": null, "maxheight": null, "int_ref": null, "maxweight:signed": null, "sidewalk:left:surface": null, "lane_markings": null, "smoothness": null, "short_name": null, "junction": null, "loc_name": null, "year_of_construction": "1997..2000", "start_date": "2000", "full_name": "Koramangala Inner Ring Road", "foot": null, "bicycle": null, "wikipedia": null, "official_name": null, "alt_name": "Koramangala Ring Road", "motorroad": null, "maxspeed": null, "layer": null, "embankment": null, "old_name": "Indiranagar Koramangala Ring Road", "name:etymology:wikidata": null, "lit": null, "hgv": null, "surface": "asphalt", "sidewalk": null, "oneway": "yes", "name:kn": "ಒಳ ವರ್ತುಲ ರಸ್ತೆ", "name": "Inner Ring Road", "lanes": "2", "len": 200.725 }, "geometry": { "type": "LineString", "coordinates": [ [ 77.6285411, 12.938179 ], [ 77.6284201, 12.9381191 ], [ 77.6283057, 12.9380641 ], [ 77.6281756, 12.9379981 ], [ 77.6279541, 12.9378841 ], [ 77.6277041, 12.937751 ], [ 77.6274688, 12.9376121 ], [ 77.6272877, 12.9374897 ], [ 77.6270752, 12.9373044 ], [ 77.6270563, 12.9372886 ], [ 77.6270053, 12.937249 ] ] } },
{ "type": "Feature", "properties": { "full_id": "w208944727", "osm_id": "208944727", "osm_type": "way", "highway": "primary", "hazard": null, "psv": null, "name:en": null, "ref:old": null, "bridge": "yes", "sidewalk:right": null, "sidewalk:left": null, "dual_carriageway": null, "tunnel": null, "maxheight": null, "int_ref": null, "maxweight:signed": null, "sidewalk:left:surface": null, "lane_markings": null, "smoothness": null, "short_name": null, "junction": null, "loc_name": null, "year_of_construction": "1997..2000", "start_date": "2000", "full_name": "Koramangala Inner Ring Road", "foot": null, "bicycle": null, "wikipedia": null, "official_name": null, "alt_name": "Koramangala Ring Road", "motorroad": null, "maxspeed": null, "layer": "1", "embankment": null, "old_name": "Indiranagar Koramangala Ring Road", "name:etymology:wikidata": null, "lit": null, "hgv": null, "surface": "asphalt", "sidewalk": null, "oneway": "yes", "name:kn": "ಒಳ ವರ್ತುಲ ರಸ್ತೆ", "name": "Inner Ring Road", "lanes": "2", "len": 23.442 }, "geometry": { "type": "LineString", "coordinates": [ [ 77.6285082, 12.9382733 ], [ 77.6287044, 12.9383498 ] ] } },
{ "type": "Feature", "properties": { "full_id": "w217565204", "osm_id": "217565204", "osm_type": "way", "highway": "primary", "hazard": null, "psv": null, "name:en": null, "ref:old": null, "bridge": null, "sidewalk:right": null, "sidewalk:left": null, "dual_carriageway": null, "tunnel": null, "maxheight": "5.5", "int_ref": null, "maxweight:signed": null, "sidewalk:left:surface": "paving_stones", "lane_markings": null, "smoothness": "good", "short_name": null, "junction": null, "loc_name": null, "year_of_construction": "1997..2000", "start_date": "2000", "full_name": "Koramangala Inner Ring Road", "foot": null, "bicycle": null, "wikipedia": null, "official_name": null, "alt_name": "Koramangala Ring Road", "motorroad": null, "maxspeed": null, "layer": null, "embankment": null, "old_name": "Indiranagar Koramangala Ring Road", "name:etymology:wikidata": null, "lit": null, "hgv": null, "surface": "concrete", "sidewalk": "left", "oneway": "yes", "name:kn": "ಒಳ ವರ್ತುಲ ರಸ್ತೆ", "name": "Inner Ring Road", "lanes": "2", "len": 2525.836 }, "geometry": { "type": "LineString", "coordinates": [ [ 77.6414244, 12.9580802 ], [ 77.641419, 12.9579156 ], [ 77.6414557, 12.9572778 ], [ 77.6414725, 12.9568439 ], [ 77.6414648, 12.9563798 ], [ 77.6414584, 12.9558712 ], [ 77.6414394, 12.9554138 ], [ 77.6413866, 12.9547164 ], [ 77.6413707, 12.9543943 ], [ 77.6413288, 12.9541917 ], [ 77.6412439, 12.9539876 ], [ 77.6409533, 12.9534566 ], [ 77.6408801, 12.9533227 ], [ 77.640587, 12.9528182 ], [ 77.6403398, 12.9524091 ], [ 77.6400015, 12.9518287 ], [ 77.6399105, 12.9516986 ], [ 77.6398655, 12.9516151 ], [ 77.6397621, 12.951437 ], [ 77.6396302, 12.95119 ], [ 77.639535, 12.9509894 ], [ 77.6394865, 12.9508872 ], [ 77.6394576, 12.9508219 ], [ 77.6393213, 12.9505385 ], [ 77.6392718, 12.9503986 ], [ 77.6392413, 12.9502519 ], [ 77.6392322, 12.9500894 ], [ 77.639263, 12.949896 ], [ 77.6393191, 12.9497665 ], [ 77.63942, 12.949585 ], [ 77.6394959, 12.9494899 ], [ 77.6395968, 12.9493752 ], [ 77.640059, 12.9489289 ], [ 77.6404073, 12.9486593 ], [ 77.6405552, 12.9485184 ], [ 77.640637, 12.9484388 ], [ 77.6407006, 12.9483606 ], [ 77.6408227, 12.9481415 ], [ 77.640877, 12.9479787 ], [ 77.6409046, 12.9478144 ], [ 77.6409106, 12.9475444 ], [ 77.6408986, 12.9474127 ], [ 77.64089, 12.9473464 ], [ 77.6408761, 12.9472949 ], [ 77.6408448, 12.9472059 ], [ 77.6407456, 12.9470102 ], [ 77.64046, 12.9465253 ], [ 77.6401963, 12.9461245 ], [ 77.6401606, 12.9460702 ], [ 77.640153, 12.9460574 ], [ 77.6401043, 12.945974 ], [ 77.6400807, 12.9459361 ], [ 77.6394944, 12.9449882 ], [ 77.6389194, 12.9440523 ], [ 77.638443, 12.9432695 ], [ 77.6379266, 12.9424487 ], [ 77.6374358, 12.9416396 ], [ 77.636945, 12.9408345 ], [ 77.6367245, 12.9404689 ], [ 77.636626, 12.9403057 ], [ 77.6363563, 12.9399024 ], [ 77.6362006, 12.9396895 ], [ 77.6361014, 12.9395719 ], [ 77.6358302, 12.9393019 ], [ 77.6355649, 12.9390747 ], [ 77.6354094, 12.9389693 ], [ 77.6352196, 12.9388543 ], [ 77.6350003, 12.9387511 ], [ 77.6347645, 12.9386513 ] ] } },
{ "type": "Feature", "properties": { "full_id": "w239438609", "osm_id": "239438609", "osm_type": "way", "highway": "primary", "hazard": null, "psv": null, "name:en": null, "ref:old": null, "bridge": null, "sidewalk:right": null, "sidewalk:left": null, "dual_carriageway": null, "tunnel": "yes", "maxheight": null, "int_ref": "AH43", "maxweight:signed": null, "sidewalk:left:surface": null, "lane_markings": null, "smoothness": "good", "short_name": null, "junction": null, "loc_name": null, "year_of_construction": null, "start_date": null, "full_name": null, "foot": null, "bicycle": null, "wikipedia": null, "official_name": null, "alt_name": "Hosur Road", "motorroad": "no", "maxspeed": "60", "layer": "-1", "embankment": null, "old_name": null, "name:etymology:wikidata": "Q6728242", "lit": "yes", "hgv": null, "surface": "concrete", "sidewalk": "no", "oneway": "yes", "name:kn": "ಹೊಸೂರು ರಸ್ತೆ", "name": "Madiwala Underpass", "lanes": "2", "len": 38.636 }, "geometry": { "type": "LineString", "coordinates": [ [ 77.6181717, 12.9244133 ], [ 77.6179908, 12.9247095 ] ] } },
{ "type": "Feature", "properties": { "full_id": "w239438610", "osm_id": "239438610", "osm_type": "way", "highway": "primary", "hazard": null, "psv": null, "name:en": null, "ref:old": null, "bridge": null, "sidewalk:right": null, "sidewalk:left": "yes", "dual_carriageway": null, "tunnel": null, "maxheight": null, "int_ref": null, "maxweight:signed": null, "sidewalk:left:surface": "paving_stones", "lane_markings": "no", "smoothness": null, "short_name": null, "junction": null, "loc_name": null, "year_of_construction": null, "start_date": null, "full_name": null, "foot": null, "bicycle": null, "wikipedia": null, "official_name": null, "alt_name": null, "motorroad": null, "maxspeed": null, "layer": null, "embankment": null, "old_name": null, "name:etymology:wikidata": null, "lit": "yes", "hgv": null, "surface": "concrete", "sidewalk": null, "oneway": "yes", "name:kn": "ಮಡಿವಾಳ ಸರ್ಜಾಪುರ ರಸ್ತೆ", "name": "Madiwala Sarjapura Road", "lanes": null, "len": 1007.175 }, "geometry": { "type": "LineString", "coordinates": [ [ 77.6202961, 12.9212099 ], [ 77.6204326, 12.9212646 ], [ 77.6206183, 12.9213614 ], [ 77.6208375, 12.9214785 ], [ 77.6209598, 12.9215439 ], [ 77.6219277, 12.9221108 ], [ 77.6228023, 12.9226377 ], [ 77.6229131, 12.9227043 ], [ 77.6232206, 12.9228858 ], [ 77.624256, 12.9231182 ], [ 77.6248792, 12.9232583 ], [ 77.6269752, 12.9237296 ], [ 77.6283741, 12.9240423 ], [ 77.6286029, 12.9240947 ], [ 77.6287288, 12.9241909 ] ] } },
{ "type": "Feature", "properties": { "full_id": "w239438926", "osm_id": "239438926", "osm_type": "way", "highway": "primary", "hazard": null, "psv": null, "name:en": null, "ref:old": "NH7", "bridge": null, "sidewalk:right": null, "sidewalk:left": null, "dual_carriageway": null, "tunnel": null, "maxheight": null, "int_ref": "AH43", "maxweight:signed": null, "sidewalk:left:surface": null, "lane_markings": null, "smoothness": "good", "short_name": null, "junction": null, "loc_name": null, "year_of_construction": null, "start_date": null, "full_name": null, "foot": "no", "bicycle": null, "wikipedia": null, "official_name": null, "alt_name": null, "motorroad": null, "maxspeed": "60", "layer": null, "embankment": null, "old_name": null, "name:etymology:wikidata": "Q297967", "lit": null, "hgv": null, "surface": "concrete", "sidewalk": "no", "oneway": "yes", "name:kn": "ಹೊಸೂರು ರಸ್ತೆ", "name": "Hosur road", "lanes": "3", "len": 20.192 }, "geometry": { "type": "LineString", "coordinates": [ [ 77.6151599, 12.92938 ], [ 77.6150603, 12.9295316 ] ] } },
{ "type": "Feature", "properties": { "full_id": "w239441160", "osm_id": "239441160", "osm_type": "way", "highway": "primary", "hazard": null, "psv": null, "name:en": null, "ref:old": null, "bridge": null, "sidewalk:right": null, "sidewalk:left": null, "dual_carriageway": null, "tunnel": null, "maxheight": null, "int_ref": null, "maxweight:signed": null, "sidewalk:left:surface": null, "lane_markings": null, "smoothness": "good", "short_name": null, "junction": null, "loc_name": null, "year_of_construction": null, "start_date": null, "full_name": null, "foot": null, "bicycle": null, "wikipedia": null, "official_name": null, "alt_name": null, "motorroad": null, "maxspeed": "60", "layer": null, "embankment": null, "old_name": null, "name:etymology:wikidata": "Q297967", "lit": null, "hgv": null, "surface": "asphalt", "sidewalk": "left", "oneway": "yes", "name:kn": "ಹೊಸೂರು ರಸ್ತೆ", "name": "Hosur Road", "lanes": "4", "len": 211.625 }, "geometry": { "type": "LineString", "coordinates": [ [ 77.6054639, 12.9508824 ], [ 77.6053924, 12.9510551 ], [ 77.6053298, 12.9512219 ], [ 77.6052627, 12.9513946 ], [ 77.6052061, 12.9515673 ], [ 77.6051291, 12.9517918 ], [ 77.6051176, 12.9518845 ], [ 77.6051135, 12.9519523 ], [ 77.6051288, 12.9522573 ], [ 77.6051573, 12.9526686 ], [ 77.6051609, 12.9527211 ] ] } },
{ "type": "Feature", "properties": { "full_id": "w328835371", "osm_id": "328835371", "osm_type": "way", "highway": "primary", "hazard": null, "psv": null, "name:en": null, "ref:old": "NH7", "bridge": null, "sidewalk:right": null, "sidewalk:left": null, "dual_carriageway": null, "tunnel": null, "maxheight": null, "int_ref": null, "maxweight:signed": null, "sidewalk:left:surface": null, "lane_markings": null, "smoothness": "good", "short_name": null, "junction": null, "loc_name": null, "year_of_construction": null, "start_date": null, "full_name": null, "foot": null, "bicycle": null, "wikipedia": null, "official_name": null, "alt_name": null, "motorroad": null, "maxspeed": "60", "layer": null, "embankment": null, "old_name": null, "name:etymology:wikidata": "Q297967", "lit": "yes", "hgv": null, "surface": "concrete", "sidewalk": "left", "oneway": "yes", "name:kn": "ಹೊಸೂರು ರಸ್ತೆ", "name": "Hosur Road", "lanes": "3", "len": 192.209 }, "geometry": { "type": "LineString", "coordinates": [ [ 77.6140453, 12.9313406 ], [ 77.6141692, 12.931146 ], [ 77.6143862, 12.9307504 ], [ 77.6147313, 12.9302149 ], [ 77.6147568, 12.9301741 ], [ 77.6148743, 12.9299865 ], [ 77.6149477, 12.9298694 ] ] } },
{ "type": "Feature", "properties": { "full_id": "w328835372", "osm_id": "328835372", "osm_type": "way", "highway": "primary", "hazard": null, "psv": null, "name:en": null, "ref:old": null, "bridge": null, "sidewalk:right": null, "sidewalk:left": null, "dual_carriageway": null, "tunnel": null, "maxheight": null, "int_ref": null, "maxweight:signed": null, "sidewalk:left:surface": null, "lane_markings": null, "smoothness": null, "short_name": null, "junction": null, "loc_name": null, "year_of_construction": null, "start_date": null, "full_name": null, "foot": null, "bicycle": null, "wikipedia": null, "official_name": null, "alt_name": null, "motorroad": null, "maxspeed": null, "layer": null, "embankment": null, "old_name": null, "name:etymology:wikidata": null, "lit": null, "hgv": null, "surface": null, "sidewalk": null, "oneway": "yes", "name:kn": null, "name": null, "lanes": null, "len": 25.422 }, "geometry": { "type": "LineString", "coordinates": [ [ 77.6018645, 12.9372153 ], [ 77.6018085, 12.9369939 ] ] } },
{ "type": "Feature", "properties": { "full_id": "w350096403", "osm_id": "350096403", "osm_type": "way", "highway": "primary", "hazard": null, "psv": null, "name:en": null, "ref:old": null, "bridge": null, "sidewalk:right": null, "sidewalk:left": null, "dual_carriageway": null, "tunnel": null, "maxheight": "5.5", "int_ref": null, "maxweight:signed": null, "sidewalk:left:surface": null, "lane_markings": null, "smoothness": null, "short_name": null, "junction": null, "loc_name": null, "year_of_construction": null, "start_date": null, "full_name": null, "foot": null, "bicycle": null, "wikipedia": null, "official_name": null, "alt_name": null, "motorroad": null, "maxspeed": null, "layer": null, "embankment": null, "old_name": null, "name:etymology:wikidata": "Q7424146", "lit": null, "hgv": null, "surface": "asphalt", "sidewalk": null, "oneway": "yes", "name:kn": "ಸರ್ಜಪುರ ರಸ್ತೆ", "name": "Sarjapura Road", "lanes": "3", "len": 258.664 }, "geometry": { "type": "LineString", "coordinates": [ [ 77.6373698, 12.9250709 ], [ 77.6371461, 12.9251429 ], [ 77.6369691, 12.9251913 ], [ 77.6368055, 12.9252213 ], [ 77.6367015, 12.9252241 ], [ 77.6363876, 12.9251744 ], [ 77.6360881, 12.9251318 ], [ 77.6354542, 12.9250415 ], [ 77.6354027, 12.9250325 ], [ 77.6350856, 12.9249774 ] ] } },
{ "type": "Feature", "properties": { "full_id": "w350096404", "osm_id": "350096404", "osm_type": "way", "highway": "primary", "hazard": null, "psv": null, "name:en": null, "ref:old": null, "bridge": null, "sidewalk:right": null, "sidewalk:left": null, "dual_carriageway": null, "tunnel": null, "maxheight": null, "int_ref": null, "maxweight:signed": null, "sidewalk:left:surface": null, "lane_markings": null, "smoothness": null, "short_name": null, "junction": null, "loc_name": null, "year_of_construction": null, "start_date": null, "full_name": null, "foot": null, "bicycle": null, "wikipedia": null, "official_name": null, "alt_name": null, "motorroad": null, "maxspeed": null, "layer": null, "embankment": null, "old_name": null, "name:etymology:wikidata": "Q7424146", "lit": null, "hgv": null, "surface": "asphalt", "sidewalk": null, "oneway": "yes", "name:kn": "ಸರ್ಜಾಪುರ ರಸ್ತೆ", "name": "Sarjapura Road", "lanes": "3", "len": 535.837 }, "geometry": { "type": "LineString", "coordinates": [ [ 77.6289059, 12.9242381 ], [ 77.6290638, 12.9242039 ], [ 77.6291285, 12.9242022 ], [ 77.6295706, 12.9241901 ], [ 77.6298347, 12.9242342 ], [ 77.6307423, 12.9243856 ], [ 77.6308399, 12.9244019 ], [ 77.6313682, 12.9245075 ], [ 77.6315293, 12.9245338 ], [ 77.6316434, 12.9245525 ], [ 77.6334583, 12.9248418 ], [ 77.6334868, 12.9248485 ], [ 77.6335624, 12.9248662 ], [ 77.633657, 12.9248811 ] ] } },
{ "type": "Feature", "properties": { "full_id": "w363621124", "osm_id": "363621124", "osm_type": "way", "highway": "primary", "hazard": null, "psv": null, "name:en": "Hosur Road", "ref:old": null, "bridge": null, "sidewalk:right": null, "sidewalk:left": null, "dual_carriageway": null, "tunnel": null, "maxheight": null, "int_ref": null, "maxweight:signed": null, "sidewalk:left:surface": null, "lane_markings": null, "smoothness": "good", "short_name": null, "junction": null, "loc_name": null, "year_of_construction": null, "start_date": null, "full_name": null, "foot": null, "bicycle": null, "wikipedia": null, "official_name": null, "alt_name": null, "motorroad": null, "maxspeed": "60", "layer": null, "embankment": null, "old_name": null, "name:etymology:wikidata": "Q297967", "lit": null, "hgv": null, "surface": "concrete", "sidewalk": "left", "oneway": "yes", "name:kn": "ಹೊಸೂರು ರಸ್ತೆ", "name": "Hosur Road", "lanes": "3", "len": 40.25 }, "geometry": { "type": "LineString", "coordinates": [ [ 77.6138662, 12.9316547 ], [ 77.6140453, 12.9313406 ] ] } },
{ "type": "Feature", "properties": { "full_id": "w430154366", "osm_id": "430154366", "osm_type": "way", "highway": "primary", "hazard": null, "psv": null, "name:en": null, "ref:old": null, "bridge": null, "sidewalk:right": null, "sidewalk:left": null, "dual_carriageway": null, "tunnel": null, "maxheight": null, "int_ref": null, "maxweight:signed": "no", "sidewalk:left:surface": null, "lane_markings": null, "smoothness": "good", "short_name": null, "junction": null, "loc_name": null, "year_of_construction": null, "start_date": null, "full_name": null, "foot": null, "bicycle": null, "wikipedia": null, "official_name": null, "alt_name": null, "motorroad": null, "maxspeed": "60", "layer": null, "embankment": null, "old_name": null, "name:etymology:wikidata": "Q297967", "lit": null, "hgv": null, "surface": "asphalt", "sidewalk": "left", "oneway": "yes", "name:kn": "ಹೊಸೂರು ರಸ್ತೆ", "name": "Hosur Road", "lanes": "3", "len": 33.759 }, "geometry": { "type": "LineString", "coordinates": [ [ 77.6058328, 12.9501326 ], [ 77.6059299, 12.9498453 ] ] } },
{ "type": "Feature", "properties": { "full_id": "w430154367", "osm_id": "430154367", "osm_type": "way", "highway": "primary", "hazard": null, "psv": null, "name:en": null, "ref:old": null, "bridge": null, "sidewalk:right": null, "sidewalk:left": null, "dual_carriageway": null, "tunnel": null, "maxheight": null, "int_ref": null, "maxweight:signed": null, "sidewalk:left:surface": null, "lane_markings": null, "smoothness": "good", "short_name": null, "junction": null, "loc_name": null, "year_of_construction": null, "start_date": null, "full_name": null, "foot": null, "bicycle": null, "wikipedia": null, "official_name": null, "alt_name": null, "motorroad": null, "maxspeed": "60", "layer": null, "embankment": null, "old_name": null, "name:etymology:wikidata": "Q297967", "lit": null, "hgv": null, "surface": "concrete", "sidewalk": "left", "oneway": "yes", "name:kn": "ಹೊಸೂರು ರಸ್ತೆ", "name": "Hosur Road", "lanes": "3", "len": 584.006 }, "geometry": { "type": "LineString", "coordinates": [ [ 77.6059299, 12.9498453 ], [ 77.605956, 12.9497453 ], [ 77.6059891, 12.9495591 ], [ 77.6061203, 12.9492019 ], [ 77.6063, 12.9486007 ], [ 77.6063386, 12.9484816 ], [ 77.606775, 12.9470279 ], [ 77.6068154, 12.9468932 ], [ 77.6068514, 12.9467734 ], [ 77.6069977, 12.9462861 ], [ 77.6070066, 12.9462563 ], [ 77.6071001, 12.9459449 ], [ 77.6072316, 12.9454935 ], [ 77.60736, 12.9450527 ], [ 77.60743, 12.9448203 ] ] } },
{ "type": "Feature", "properties": { "full_id": "w476886246", "osm_id": "476886246", "osm_type": "way", "highway": "primary", "hazard": null, "psv": null, "name:en": null, "ref:old": null, "bridge": null, "sidewalk:right": null, "sidewalk:left": null, "dual_carriageway": null, "tunnel": null, "maxheight": null, "int_ref": null, "maxweight:signed": null, "sidewalk:left:surface": null, "lane_markings": null, "smoothness": null, "short_name": null, "junction": null, "loc_name": null, "year_of_construction": null, "start_date": null, "full_name": null, "foot": null, "bicycle": null, "wikipedia": null, "official_name": null, "alt_name": null, "motorroad": null, "maxspeed": null, "layer": null, "embankment": null, "old_name": null, "name:etymology:wikidata": null, "lit": null, "hgv": null, "surface": "asphalt", "sidewalk": null, "oneway": "yes", "name:kn": "ಸರ್ಜಾಪುರ ರಸ್ತೆ", "name": "Sarjapur Road", "lanes": null, "len": 11.757 }, "geometry": { "type": "LineString", "coordinates": [ [ 77.6289059, 12.9242381 ], [ 77.6288623, 12.9241419 ] ] } },
{ "type": "Feature", "properties": { "full_id": "w545603936", "osm_id": "545603936", "osm_type": "way", "highway": "primary", "hazard": null, "psv": null, "name:en": null, "ref:old": null, "bridge": null, "sidewalk:right": null, "sidewalk:left": null, "dual_carriageway": null, "tunnel": null, "maxheight": null, "int_ref": null, "maxweight:signed": null, "sidewalk:left:surface": null, "lane_markings": null, "smoothness": null, "short_name": null, "junction": null, "loc_name": "17th Main Road", "year_of_construction": null, "start_date": null, "full_name": null, "foot": null, "bicycle": null, "wikipedia": null, "official_name": null, "alt_name": null, "motorroad": null, "maxspeed": null, "layer": null, "embankment": null, "old_name": null, "name:etymology:wikidata": null, "lit": null, "hgv": null, "surface": "asphalt", "sidewalk": null, "oneway": "yes", "name:kn": "ಮಹಾಯೋಗಿ ವೇಮನ ರಸ್ತೆ", "name": "Mahayogi Vemana Road", "lanes": "2", "len": 9.119 }, "geometry": { "type": "LineString", "coordinates": [ [ 77.6270053, 12.937249 ], [ 77.626942, 12.937197 ] ] } },
{ "type": "Feature", "properties": { "full_id": "w545603945", "osm_id": "545603945", "osm_type": "way", "highway": "primary", "hazard": null, "psv": null, "name:en": null, "ref:old": null, "bridge": null, "sidewalk:right": null, "sidewalk:left": null, "dual_carriageway": null, "tunnel": null, "maxheight": null, "int_ref": null, "maxweight:signed": null, "sidewalk:left:surface": null, "lane_markings": null, "smoothness": null, "short_name": null, "junction": null, "loc_name": null, "year_of_construction": null, "start_date": null, "full_name": null, "foot": null, "bicycle": null, "wikipedia": null, "official_name": null, "alt_name": null, "motorroad": null, "maxspeed": null, "layer": null, "embankment": null, "old_name": null, "name:etymology:wikidata": null, "lit": null, "hgv": null, "surface": "asphalt", "sidewalk": null, "oneway": "yes", "name:kn": "೧೦೦ ಅಡಿ ರಸ್ತೆ", "name": "100 feet Road", "lanes": "2", "len": 9.081 }, "geometry": { "type": "LineString", "coordinates": [ [ 77.6268738, 12.9372808 ], [ 77.6269369, 12.9373325 ] ] } },
{ "type": "Feature", "properties": { "full_id": "w545604694", "osm_id": "545604694", "osm_type": "way", "highway": "primary", "hazard": null, "psv": null, "name:en": null, "ref:old": null, "bridge": null, "sidewalk:right": null, "sidewalk:left": null, "dual_carriageway": null, "tunnel": null, "maxheight": null, "int_ref": null, "maxweight:signed": null, "sidewalk:left:surface": null, "lane_markings": null, "smoothness": null, "short_name": null, "junction": null, "loc_name": null, "year_of_construction": "1997..2000", "start_date": "2000", "full_name": "Koramangala Inner Ring Road", "foot": null, "bicycle": null, "wikipedia": null, "official_name": null, "alt_name": "Koramangala Ring Road", "motorroad": null, "maxspeed": null, "layer": null, "embankment": null, "old_name": "Indiranagar Koramangala Ring Road", "name:etymology:wikidata": null, "lit": null, "hgv": null, "surface": "asphalt", "sidewalk": null, "oneway": "yes", "name:kn": "ಒಳ ವರ್ತುಲ ರಸ್ತೆ", "name": "Inner Ring Road", "lanes": "2", "len": 121.347 }, "geometry": { "type": "LineString", "coordinates": [ [ 77.6327689, 12.9384471 ], [ 77.6317931, 12.9384714 ], [ 77.6316793, 12.9384651 ] ] } },
{ "type": "Feature", "properties": { "full_id": "w545604695", "osm_id": "545604695", "osm_type": "way", "highway": "primary", "hazard": null, "psv": null, "name:en": null, "ref:old": null, "bridge": null, "sidewalk:right": null, "sidewalk:left": null, "dual_carriageway": null, "tunnel": null, "maxheight": null, "int_ref": null, "maxweight:signed": null, "sidewalk:left:surface": null, "lane_markings": null, "smoothness": "bad", "short_name": null, "junction": null, "loc_name": null, "year_of_construction": "1997..2000", "start_date": "2000", "full_name": "Koramangala Inner Ring Road", "foot": null, "bicycle": null, "wikipedia": null, "official_name": null, "alt_name": "Koramangala Ring Road", "motorroad": null, "maxspeed": null, "layer": null, "embankment": null, "old_name": "Indiranagar Koramangala Ring Road", "name:etymology:wikidata": null, "lit": null, "hgv": null, "surface": "asphalt", "sidewalk": null, "oneway": "yes", "name:kn": "ಒಳ ವರ್ತುಲ ರಸ್ತೆ", "name": "Inner Ring Road", "lanes": "2", "len": 336.658 }, "geometry": { "type": "LineString", "coordinates": [ [ 77.6316793, 12.9384651 ], [ 77.6311339, 12.9384426 ], [ 77.6308833, 12.9384422 ], [ 77.6305999, 12.9384318 ], [ 77.6303383, 12.9384373 ], [ 77.6301075, 12.9384423 ], [ 77.6296591, 12.9384552 ], [ 77.629489, 12.9384533 ], [ 77.6293303, 12.9384337 ], [ 77.629189, 12.9384034 ], [ 77.6288703, 12.9382965 ], [ 77.6287795, 12.9382646 ], [ 77.6286878, 12.9382356 ] ] } },
{ "type": "Feature", "properties": { "full_id": "w545604696", "osm_id": "545604696", "osm_type": "way", "highway": "primary", "hazard": null, "psv": null, "name:en": null, "ref:old": null, "bridge": null, "sidewalk:right": null, "sidewalk:left": null, "dual_carriageway": null, "tunnel": null, "maxheight": null, "int_ref": null, "maxweight:signed": null, "sidewalk:left:surface": null, "lane_markings": null, "smoothness": null, "short_name": null, "junction": null, "loc_name": null, "year_of_construction": "1997..2000", "start_date": "2000", "full_name": "Koramangala Inner Ring Road", "foot": null, "bicycle": null, "wikipedia": null, "official_name": null, "alt_name": "Koramangala Ring Road", "motorroad": null, "maxspeed": null, "layer": null, "embankment": null, "old_name": "Indiranagar Koramangala Ring Road", "name:etymology:wikidata": null, "lit": null, "hgv": null, "surface": "asphalt", "sidewalk": null, "oneway": "yes", "name:kn": "ಒಳ ವರ್ತುಲ ರಸ್ತೆ", "name": "Inner Ring Road", "lanes": "2", "len": 72.544 }, "geometry": { "type": "LineString", "coordinates": [ [ 77.6320374, 12.9385822 ], [ 77.6325141, 12.9385742 ], [ 77.6325528, 12.9385736 ], [ 77.632689, 12.9385725 ] ] } },
{ "type": "Feature", "properties": { "full_id": "w545604697", "osm_id": "545604697", "osm_type": "way", "highway": "primary", "hazard": null, "psv": null, "name:en": null, "ref:old": null, "bridge": null, "sidewalk:right": null, "sidewalk:left": null, "dual_carriageway": null, "tunnel": null, "maxheight": null, "int_ref": null, "maxweight:signed": null, "sidewalk:left:surface": null, "lane_markings": null, "smoothness": null, "short_name": null, "junction": null, "loc_name": null, "year_of_construction": "1997..2000", "start_date": "2000", "full_name": "Koramangala Inner Ring Road", "foot": null, "bicycle": null, "wikipedia": null, "official_name": null, "alt_name": "Koramangala Ring Road", "motorroad": null, "maxspeed": null, "layer": null, "embankment": null, "old_name": "Indiranagar Koramangala Ring Road", "name:etymology:wikidata": null, "lit": null, "hgv": null, "surface": "asphalt", "sidewalk": null, "oneway": "yes", "name:kn": "ಒಳ ವರ್ತುಲ ರಸ್ತೆ", "name": "Inner Ring Road", "lanes": "2", "len": 270.514 }, "geometry": { "type": "LineString", "coordinates": [ [ 77.6287044, 12.9383498 ], [ 77.6291682, 12.9384931 ], [ 77.6293771, 12.938538 ], [ 77.62954, 12.938548 ], [ 77.6296832, 12.9385483 ], [ 77.6303164, 12.9385257 ], [ 77.6305721, 12.9385254 ], [ 77.6308242, 12.9385597 ], [ 77.6311049, 12.9385683 ] ] } },
{ "type": "Feature", "properties": { "full_id": "w545610202", "osm_id": "545610202", "osm_type": "way", "highway": "primary", "hazard": null, "psv": null, "name:en": null, "ref:old": null, "bridge": null, "sidewalk:right": null, "sidewalk:left": null, "dual_carriageway": null, "tunnel": null, "maxheight": null, "int_ref": null, "maxweight:signed": null, "sidewalk:left:surface": null, "lane_markings": null, "smoothness": null, "short_name": null, "junction": null, "loc_name": null, "year_of_construction": "1997..2000", "start_date": "2000", "full_name": "Koramangala Inner Ring Road", "foot": null, "bicycle": null, "wikipedia": null, "official_name": null, "alt_name": "Koramangala Ring Road", "motorroad": null, "maxspeed": null, "layer": null, "embankment": null, "old_name": "Indiranagar Koramangala Ring Road", "name:etymology:wikidata": null, "lit": null, "hgv": null, "surface": "asphalt", "sidewalk": "no", "oneway": "yes", "name:kn": "ಒಳ ವರ್ತುಲ ರಸ್ತೆ", "name": "Inner Ring Road", "lanes": "2", "len": 164.884 }, "geometry": { "type": "LineString", "coordinates": [ [ 77.6347645, 12.9386513 ], [ 77.6344725, 12.9385526 ], [ 77.6343199, 12.9385149 ], [ 77.6341785, 12.9384799 ], [ 77.6340522, 12.9384557 ], [ 77.6338902, 12.9384381 ], [ 77.6336043, 12.9384282 ], [ 77.6333119, 12.9384347 ] ] } },
{ "type": "Feature", "properties": { "full_id": "w545610203", "osm_id": "545610203", "osm_type": "way", "highway": "primary", "hazard": null, "psv": null, "name:en": null, "ref:old": null, "bridge": null, "sidewalk:right": null, "sidewalk:left": null, "dual_carriageway": null, "tunnel": null, "maxheight": null, "int_ref": null, "maxweight:signed": null, "sidewalk:left:surface": null, "lane_markings": null, "smoothness": "intermediate", "short_name": null, "junction": null, "loc_name": null, "year_of_construction": "1997..2000", "start_date": "2000", "full_name": "Koramangala Inner Ring Road", "foot": null, "bicycle": null, "wikipedia": null, "official_name": null, "alt_name": "Koramangala Ring Road", "motorroad": null, "maxspeed": null, "layer": null, "embankment": null, "old_name": "Indiranagar Koramangala Ring Road", "name:etymology:wikidata": null, "lit": null, "hgv": null, "surface": "asphalt", "sidewalk": "no", "oneway": "yes", "name:kn": "ಒಳ ವರ್ತುಲ ರಸ್ತೆ", "name": "Inner Ring Road", "lanes": "2", "len": 152.144 }, "geometry": { "type": "LineString", "coordinates": [ [ 77.6333035, 12.9385672 ], [ 77.6336129, 12.938565 ], [ 77.6338946, 12.9385721 ], [ 77.6340192, 12.9385817 ], [ 77.6341669, 12.9386109 ], [ 77.6342789, 12.9386348 ], [ 77.6346476, 12.9387473 ] ] } },
{ "type": "Feature", "properties": { "full_id": "w558769473", "osm_id": "558769473", "osm_type": "way", "highway": "primary", "hazard": null, "psv": null, "name:en": null, "ref:old": null, "bridge": null, "sidewalk:right": null, "sidewalk:left": null, "dual_carriageway": null, "tunnel": null, "maxheight": null, "int_ref": null, "maxweight:signed": null, "sidewalk:left:surface": null, "lane_markings": null, "smoothness": "good", "short_name": null, "junction": null, "loc_name": null, "year_of_construction": null, "start_date": null, "full_name": null, "foot": null, "bicycle": null, "wikipedia": null, "official_name": null, "alt_name": null, "motorroad": null, "maxspeed": "60", "layer": null, "embankment": null, "old_name": null, "name:etymology:wikidata": "Q297967", "lit": "yes", "hgv": null, "surface": "concrete", "sidewalk": "left", "oneway": "yes", "name:kn": "ಹೊಸೂರು ರಸ್ತೆ", "name": "Hosur Road", "lanes": "2", "len": 10.988 }, "geometry": { "type": "LineString", "coordinates": [ [ 77.6123032, 12.9343153 ], [ 77.6122579, 12.934403 ] ] } },
{ "type": "Feature", "properties": { "full_id": "w558769477", "osm_id": "558769477", "osm_type": "way", "highway": "primary", "hazard": null, "psv": null, "name:en": null, "ref:old": null, "bridge": null, "sidewalk:right": null, "sidewalk:left": null, "dual_carriageway": null, "tunnel": null, "maxheight": null, "int_ref": null, "maxweight:signed": null, "sidewalk:left:surface": null, "lane_markings": null, "smoothness": "good", "short_name": null, "junction": null, "loc_name": null, "year_of_construction": null, "start_date": null, "full_name": null, "foot": null, "bicycle": null, "wikipedia": null, "official_name": null, "alt_name": null, "motorroad": null, "maxspeed": "60", "layer": null, "embankment": null, "old_name": null, "name:etymology:wikidata": "Q297967", "lit": "yes", "hgv": null, "surface": "concrete", "sidewalk": "left", "oneway": "yes", "name:kn": "ಹೊಸೂರು ರಸ್ತೆ", "name": "Hosur Road", "lanes": "2", "len": 52.087 }, "geometry": { "type": "LineString", "coordinates": [ [ 77.6140603, 12.9311081 ], [ 77.6140363, 12.9311537 ], [ 77.6138616, 12.9314859 ], [ 77.61384, 12.9315208 ] ] } },
{ "type": "Feature", "properties": { "full_id": "w558769481", "osm_id": "558769481", "osm_type": "way", "highway": "primary", "hazard": null, "psv": null, "name:en": null, "ref:old": null, "bridge": null, "sidewalk:right": null, "sidewalk:left": null, "dual_carriageway": null, "tunnel": null, "maxheight": null, "int_ref": null, "maxweight:signed": null, "sidewalk:left:surface": null, "lane_markings": null, "smoothness": "good", "short_name": null, "junction": null, "loc_name": null, "year_of_construction": null, "start_date": null, "full_name": null, "foot": null, "bicycle": null, "wikipedia": null, "official_name": null, "alt_name": null, "motorroad": null, "maxspeed": "60", "layer": null, "embankment": null, "old_name": null, "name:etymology:wikidata": "Q297967", "lit": "yes", "hgv": null, "surface": "concrete", "sidewalk": "left", "oneway": "yes", "name:kn": "ಹೊಸೂರು ರಸ್ತೆ", "name": "Hosur Road", "lanes": "3", "len": 10.997 }, "geometry": { "type": "LineString", "coordinates": [ [ 77.6123658, 12.9344551 ], [ 77.6124105, 12.934367 ] ] } },
{ "type": "Feature", "properties": { "full_id": "w558769486", "osm_id": "558769486", "osm_type": "way", "highway": "primary", "hazard": null, "psv": null, "name:en": null, "ref:old": null, "bridge": null, "sidewalk:right": null, "sidewalk:left": null, "dual_carriageway": null, "tunnel": null, "maxheight": null, "int_ref": null, "maxweight:signed": null, "sidewalk:left:surface": null, "lane_markings": null, "smoothness": "good", "short_name": null, "junction": null, "loc_name": null, "year_of_construction": null, "start_date": null, "full_name": null, "foot": null, "bicycle": null, "wikipedia": null, "official_name": null, "alt_name": null, "motorroad": null, "maxspeed": "60", "layer": null, "embankment": null, "old_name": null, "name:etymology:wikidata": "Q297967", "lit": null, "hgv": null, "surface": "concrete", "sidewalk": "separate", "oneway": "yes", "name:kn": "ಹೊಸೂರು ರಸ್ತೆ", "name": "Hosur Road", "lanes": "3", "len": 240.817 }, "geometry": { "type": "LineString", "coordinates": [ [ 77.6124105, 12.934367 ], [ 77.6124336, 12.9343269 ], [ 77.6134413, 12.9324651 ] ] } },
{ "type": "Feature", "properties": { "full_id": "w631197944", "osm_id": "631197944", "osm_type": "way", "highway": "primary", "hazard": null, "psv": null, "name:en": null, "ref:old": null, "bridge": null, "sidewalk:right": null, "sidewalk:left": null, "dual_carriageway": null, "tunnel": null, "maxheight": null, "int_ref": null, "maxweight:signed": null, "sidewalk:left:surface": null, "lane_markings": null, "smoothness": null, "short_name": null, "junction": null, "loc_name": null, "year_of_construction": null, "start_date": null, "full_name": null, "foot": null, "bicycle": null, "wikipedia": null, "official_name": null, "alt_name": null, "motorroad": null, "maxspeed": null, "layer": null, "embankment": null, "old_name": null, "name:etymology:wikidata": "Q7424146", "lit": null, "hgv": null, "surface": "asphalt", "sidewalk": null, "oneway": "yes", "name:kn": "ಸರ್ಜಾಪುರ ರಸ್ತೆ", "name": "Sarjapura Road", "lanes": "3", "len": 531.817 }, "geometry": { "type": "LineString", "coordinates": [ [ 77.6335782, 12.9247598 ], [ 77.6334998, 12.9247488 ], [ 77.6331556, 12.9246883 ], [ 77.6330743, 12.9246625 ], [ 77.63155, 12.9244195 ], [ 77.6313815, 12.9243926 ], [ 77.6308631, 12.9243036 ], [ 77.6299687, 12.9241479 ], [ 77.629579, 12.92408 ], [ 77.6291454, 12.9241089 ], [ 77.6291239, 12.9241103 ], [ 77.6290168, 12.9241175 ], [ 77.6288623, 12.9241419 ] ] } },
{ "type": "Feature", "properties": { "full_id": "w638541491", "osm_id": "638541491", "osm_type": "way", "highway": "primary", "hazard": null, "psv": null, "name:en": null, "ref:old": null, "bridge": null, "sidewalk:right": null, "sidewalk:left": null, "dual_carriageway": null, "tunnel": null, "maxheight": null, "int_ref": null, "maxweight:signed": null, "sidewalk:left:surface": null, "lane_markings": null, "smoothness": null, "short_name": null, "junction": null, "loc_name": null, "year_of_construction": null, "start_date": null, "full_name": null, "foot": null, "bicycle": null, "wikipedia": null, "official_name": null, "alt_name": null, "motorroad": null, "maxspeed": null, "layer": null, "embankment": null, "old_name": null, "name:etymology:wikidata": "Q7424146", "lit": null, "hgv": null, "surface": "asphalt", "sidewalk": null, "oneway": "yes", "name:kn": "ಸರ್ಜಪುರ ರಸ್ತೆ", "name": "Sarjapura Road", "lanes": "3", "len": 46.078 }, "geometry": { "type": "LineString", "coordinates": [ [ 77.6340832, 12.9248246 ], [ 77.6340011, 12.9248127 ], [ 77.6339922, 12.9248115 ], [ 77.6336722, 12.9247758 ] ] } },
{ "type": "Feature", "properties": { "full_id": "w638928397", "osm_id": "638928397", "osm_type": "way", "highway": "primary", "hazard": null, "psv": null, "name:en": null, "ref:old": null, "bridge": null, "sidewalk:right": null, "sidewalk:left": null, "dual_carriageway": null, "tunnel": null, "maxheight": null, "int_ref": null, "maxweight:signed": null, "sidewalk:left:surface": null, "lane_markings": null, "smoothness": null, "short_name": null, "junction": null, "loc_name": null, "year_of_construction": null, "start_date": null, "full_name": null, "foot": null, "bicycle": null, "wikipedia": null, "official_name": null, "alt_name": null, "motorroad": "no", "maxspeed": "50", "layer": null, "embankment": null, "old_name": null, "name:etymology:wikidata": "Q6712641", "lit": "yes", "hgv": null, "surface": "asphalt", "sidewalk": null, "oneway": "yes", "name:kn": "ಡಾ. ಮರಿಗೌಡ ರಸ್ತೆ", "name": "Dr. M H Marigowda Road", "lanes": "2", "len": 392.547 }, "geometry": { "type": "LineString", "coordinates": [ [ 77.5935515, 12.9487911 ], [ 77.593627, 12.9486444 ], [ 77.5936847, 12.9485486 ], [ 77.5938621, 12.9481145 ], [ 77.5940015, 12.9477901 ], [ 77.5940785, 12.9475963 ], [ 77.5941763, 12.9474211 ], [ 77.5943393, 12.9471614 ], [ 77.59438, 12.9471011 ], [ 77.5944659, 12.9470015 ], [ 77.5945942, 12.9468599 ], [ 77.5948381, 12.9466014 ], [ 77.5950105, 12.9464417 ], [ 77.5955664, 12.9459749 ] ] } },
{ "type": "Feature", "properties": { "full_id": "w638928399", "osm_id": "638928399", "osm_type": "way", "highway": "primary", "hazard": null, "psv": "no", "name:en": null, "ref:old": "NH7", "bridge": null, "sidewalk:right": null, "sidewalk:left": null, "dual_carriageway": null, "tunnel": null, "maxheight": null, "int_ref": null, "maxweight:signed": null, "sidewalk:left:surface": null, "lane_markings": null, "smoothness": "good", "short_name": null, "junction": null, "loc_name": null, "year_of_construction": null, "start_date": null, "full_name": null, "foot": null, "bicycle": null, "wikipedia": null, "official_name": null, "alt_name": null, "motorroad": null, "maxspeed": "60", "layer": null, "embankment": null, "old_name": null, "name:etymology:wikidata": "Q297967", "lit": "yes", "hgv": "no", "surface": "concrete", "sidewalk": "left", "oneway": "yes", "name:kn": "ಹೊಸೂರು ರಸ್ತೆ", "name": "Hosur Road", "lanes": "3", "len": 41.1 }, "geometry": { "type": "LineString", "coordinates": [ [ 77.6149477, 12.9298694 ], [ 77.6150337, 12.929752 ], [ 77.6151298, 12.9296206 ], [ 77.6151658, 12.9295715 ] ] } },
{ "type": "Feature", "properties": { "full_id": "w639010018", "osm_id": "639010018", "osm_type": "way", "highway": "primary", "hazard": null, "psv": null, "name:en": null, "ref:old": null, "bridge": null, "sidewalk:right": null, "sidewalk:left": null, "dual_carriageway": null, "tunnel": null, "maxheight": null, "int_ref": null, "maxweight:signed": null, "sidewalk:left:surface": null, "lane_markings": null, "smoothness": null, "short_name": null, "junction": null, "loc_name": null, "year_of_construction": null, "start_date": null, "full_name": null, "foot": null, "bicycle": null, "wikipedia": null, "official_name": null, "alt_name": null, "motorroad": "no", "maxspeed": "50", "layer": null, "embankment": null, "old_name": null, "name:etymology:wikidata": "Q6712641", "lit": "yes", "hgv": null, "surface": "asphalt", "sidewalk": null, "oneway": "yes", "name:kn": "ಡಾ. ಮರಿಗೌಡ ರಸ್ತೆ", "name": "Dr. M H Marigowda Road", "lanes": "2", "len": 398.097 }, "geometry": { "type": "LineString", "coordinates": [ [ 77.5955342, 12.9459107 ], [ 77.5950286, 12.9463647 ], [ 77.5948024, 12.9465573 ], [ 77.5947661, 12.9465974 ], [ 77.5947035, 12.9466665 ], [ 77.5946428, 12.9467448 ], [ 77.5944586, 12.946948 ], [ 77.5943949, 12.9470205 ], [ 77.5943458, 12.9470775 ], [ 77.5943, 12.9471528 ], [ 77.5942825, 12.9471815 ], [ 77.5941403, 12.9474005 ], [ 77.5940405, 12.9475791 ], [ 77.5939627, 12.9477749 ], [ 77.5938121, 12.9480921 ], [ 77.5936815, 12.9483544 ], [ 77.5936624, 12.9483928 ], [ 77.5934434, 12.9486833 ], [ 77.5934104, 12.9487312 ] ] } },
{ "type": "Feature", "properties": { "full_id": "w673933802", "osm_id": "673933802", "osm_type": "way", "highway": "primary", "hazard": null, "psv": null, "name:en": null, "ref:old": null, "bridge": "yes", "sidewalk:right": null, "sidewalk:left": null, "dual_carriageway": null, "tunnel": null, "maxheight": null, "int_ref": null, "maxweight:signed": null, "sidewalk:left:surface": null, "lane_markings": null, "smoothness": null, "short_name": null, "junction": null, "loc_name": null, "year_of_construction": null, "start_date": null, "full_name": null, "foot": null, "bicycle": null, "wikipedia": null, "official_name": null, "alt_name": null, "motorroad": "no", "maxspeed": "50", "layer": "1", "embankment": null, "old_name": null, "name:etymology:wikidata": null, "lit": "yes", "hgv": null, "surface": null, "sidewalk": "no", "oneway": "yes", "name:kn": null, "name": "Dairy Circle Flyover", "lanes": "2", "len": 155.158 }, "geometry": { "type": "LineString", "coordinates": [ [ 77.602327, 12.9369935 ], [ 77.6009457, 12.9371798 ] ] } },
{ "type": "Feature", "properties": { "full_id": "w673933803", "osm_id": "673933803", "osm_type": "way", "highway": "primary", "hazard": null, "psv": null, "name:en": null, "ref:old": null, "bridge": "yes", "sidewalk:right": null, "sidewalk:left": null, "dual_carriageway": null, "tunnel": null, "maxheight": null, "int_ref": null, "maxweight:signed": null, "sidewalk:left:surface": null, "lane_markings": null, "smoothness": null, "short_name": null, "junction": null, "loc_name": null, "year_of_construction": null, "start_date": null, "full_name": null, "foot": null, "bicycle": null, "wikipedia": null, "official_name": null, "alt_name": null, "motorroad": "no", "maxspeed": "50", "layer": "1", "embankment": null, "old_name": null, "name:etymology:wikidata": null, "lit": "yes", "hgv": null, "surface": "asphalt", "sidewalk": "no", "oneway": "yes", "name:kn": null, "name": "Dairy Circle Flyover", "lanes": "2", "len": 156.78 }, "geometry": { "type": "LineString", "coordinates": [ [ 77.6009419, 12.9372574 ], [ 77.6023365, 12.9370609 ] ] } },
{ "type": "Feature", "properties": { "full_id": "w673933804", "osm_id": "673933804", "osm_type": "way", "highway": "primary", "hazard": null, "psv": null, "name:en": null, "ref:old": null, "bridge": "yes", "sidewalk:right": null, "sidewalk:left": null, "dual_carriageway": null, "tunnel": null, "maxheight": null, "int_ref": null, "maxweight:signed": null, "sidewalk:left:surface": null, "lane_markings": null, "smoothness": null, "short_name": null, "junction": null, "loc_name": null, "year_of_construction": null, "start_date": null, "full_name": null, "foot": "no", "bicycle": null, "wikipedia": null, "official_name": null, "alt_name": null, "motorroad": "no", "maxspeed": "50", "layer": "1", "embankment": "yes", "old_name": null, "name:etymology:wikidata": null, "lit": "yes", "hgv": null, "surface": "asphalt", "sidewalk": "no", "oneway": "yes", "name:kn": null, "name": "Dairy Circle Flyover", "lanes": "2", "len": 121.836 }, "geometry": { "type": "LineString", "coordinates": [ [ 77.6034127, 12.9368552 ], [ 77.602327, 12.9369935 ] ] } },
{ "type": "Feature", "properties": { "full_id": "w673933805", "osm_id": "673933805", "osm_type": "way", "highway": "primary", "hazard": null, "psv": null, "name:en": null, "ref:old": null, "bridge": "yes", "sidewalk:right": null, "sidewalk:left": null, "dual_carriageway": null, "tunnel": null, "maxheight": null, "int_ref": null, "maxweight:signed": null, "sidewalk:left:surface": null, "lane_markings": null, "smoothness": null, "short_name": null, "junction": null, "loc_name": null, "year_of_construction": null, "start_date": null, "full_name": null, "foot": "no", "bicycle": null, "wikipedia": null, "official_name": null, "alt_name": null, "motorroad": "no", "maxspeed": "50", "layer": "1", "embankment": "yes", "old_name": null, "name:etymology:wikidata": null, "lit": "yes", "hgv": null, "surface": "asphalt", "sidewalk": "no", "oneway": "yes", "name:kn": null, "name": "Dairy Circle Flyover", "lanes": "2", "len": 119.447 }, "geometry": { "type": "LineString", "coordinates": [ [ 77.6023365, 12.9370609 ], [ 77.6034007, 12.9369237 ] ] } },
{ "type": "Feature", "properties": { "full_id": "w688824218", "osm_id": "688824218", "osm_type": "way", "highway": "primary", "hazard": null, "psv": null, "name:en": null, "ref:old": null, "bridge": null, "sidewalk:right": null, "sidewalk:left": null, "dual_carriageway": null, "tunnel": null, "maxheight": null, "int_ref": "AH43", "maxweight:signed": null, "sidewalk:left:surface": null, "lane_markings": null, "smoothness": "good", "short_name": null, "junction": null, "loc_name": null, "year_of_construction": null, "start_date": null, "full_name": null, "foot": null, "bicycle": null, "wikipedia": null, "official_name": null, "alt_name": null, "motorroad": null, "maxspeed": "60", "layer": null, "embankment": null, "old_name": null, "name:etymology:wikidata": "Q297967", "lit": "yes", "hgv": null, "surface": "asphalt", "sidewalk": "no", "oneway": "yes", "name:kn": "ಹೊಸೂರು ರಸ್ತೆ", "name": "Hosur Road", "lanes": "3", "len": 333.212 }, "geometry": { "type": "LineString", "coordinates": [ [ 77.6201733, 12.9211609 ], [ 77.6201362, 12.9212213 ], [ 77.6201122, 12.9212668 ], [ 77.6199308, 12.9215814 ], [ 77.619575, 12.9221973 ], [ 77.6193558, 12.9225657 ], [ 77.6191968, 12.9228306 ], [ 77.6187935, 12.9234331 ], [ 77.6187611, 12.9234795 ], [ 77.6186023, 12.9237068 ] ] } },
{ "type": "Feature", "properties": { "full_id": "w688824219", "osm_id": "688824219", "osm_type": "way", "highway": "primary", "hazard": null, "psv": null, "name:en": null, "ref:old": null, "bridge": null, "sidewalk:right": null, "sidewalk:left": null, "dual_carriageway": null, "tunnel": null, "maxheight": "5.5", "int_ref": "AH43", "maxweight:signed": null, "sidewalk:left:surface": null, "lane_markings": null, "smoothness": "good", "short_name": null, "junction": null, "loc_name": null, "year_of_construction": null, "start_date": null, "full_name": null, "foot": null, "bicycle": null, "wikipedia": null, "official_name": null, "alt_name": null, "motorroad": null, "maxspeed": "60", "layer": null, "embankment": null, "old_name": null, "name:etymology:wikidata": "Q297967", "lit": "yes", "hgv": null, "surface": "concrete", "sidewalk": "separate", "oneway": "yes", "name:kn": "ಹೊಸೂರು ರಸ್ತೆ", "name": "Hosur Road", "lanes": "4", "len": 114.034 }, "geometry": { "type": "LineString", "coordinates": [ [ 77.6156751, 12.9284946 ], [ 77.6152112, 12.9292918 ], [ 77.6151599, 12.92938 ] ] } },
{ "type": "Feature", "properties": { "full_id": "w688824220", "osm_id": "688824220", "osm_type": "way", "highway": "primary", "hazard": null, "psv": null, "name:en": null, "ref:old": null, "bridge": null, "sidewalk:right": null, "sidewalk:left": null, "dual_carriageway": null, "tunnel": null, "maxheight": null, "int_ref": null, "maxweight:signed": null, "sidewalk:left:surface": null, "lane_markings": null, "smoothness": null, "short_name": "K. H. Circle", "junction": "roundabout", "loc_name": null, "year_of_construction": null, "start_date": null, "full_name": null, "foot": null, "bicycle": null, "wikipedia": null, "official_name": null, "alt_name": "Lalbhag Circle", "motorroad": "no", "maxspeed": null, "layer": null, "embankment": null, "old_name": null, "name:etymology:wikidata": "Q6389169", "lit": null, "hgv": null, "surface": "asphalt", "sidewalk": "separate", "oneway": null, "name:kn": "ಕೆಂಗಲ್ ಹನುಮಂತಯ್ಯ ವೃತ್ತ", "name": "Kengal Hanumanthaiah Circle", "lanes": null, "len": 20.185 }, "geometry": { "type": "LineString", "coordinates": [ [ 77.5906063, 12.9516863 ], [ 77.590658, 12.9516402 ], [ 77.590683, 12.9515894 ], [ 77.5906893, 12.9515433 ], [ 77.5906889, 12.9515344 ] ] } },
{ "type": "Feature", "properties": { "full_id": "w688824221", "osm_id": "688824221", "osm_type": "way", "highway": "primary", "hazard": null, "psv": null, "name:en": null, "ref:old": null, "bridge": null, "sidewalk:right": null, "sidewalk:left": null, "dual_carriageway": null, "tunnel": null, "maxheight": null, "int_ref": null, "maxweight:signed": null, "sidewalk:left:surface": null, "lane_markings": null, "smoothness": null, "short_name": "K. H. Circle", "junction": "roundabout", "loc_name": null, "year_of_construction": null, "start_date": null, "full_name": null, "foot": null, "bicycle": null, "wikipedia": null, "official_name": null, "alt_name": "Lalbhag Circle", "motorroad": "no", "maxspeed": null, "layer": null, "embankment": null, "old_name": null, "name:etymology:wikidata": "Q6389169", "lit": null, "hgv": null, "surface": null, "sidewalk": null, "oneway": null, "name:kn": "ಕೆಂಗಲ್ ಹನುಮಂತಯ್ಯ ವೃತ್ತ", "name": "Kengal Hanumanthaiah Circle", "lanes": null, "len": 16.911 }, "geometry": { "type": "LineString", "coordinates": [ [ 77.5903675, 12.9514776 ], [ 77.5903536, 12.951562 ], [ 77.5903742, 12.9516251 ] ] } },
{ "type": "Feature", "properties": { "full_id": "w694991480", "osm_id": "694991480", "osm_type": "way", "highway": "primary", "hazard": null, "psv": null, "name:en": null, "ref:old": null, "bridge": null, "sidewalk:right": null, "sidewalk:left": null, "dual_carriageway": null, "tunnel": null, "maxheight": null, "int_ref": null, "maxweight:signed": null, "sidewalk:left:surface": null, "lane_markings": "no", "smoothness": null, "short_name": null, "junction": null, "loc_name": null, "year_of_construction": null, "start_date": null, "full_name": null, "foot": null, "bicycle": null, "wikipedia": null, "official_name": null, "alt_name": null, "motorroad": null, "maxspeed": null, "layer": null, "embankment": null, "old_name": null, "name:etymology:wikidata": "Q7424146", "lit": null, "hgv": null, "surface": "asphalt", "sidewalk": null, "oneway": "yes", "name:kn": "ಸರ್ಜಾಪುರ ರಸ್ತೆ", "name": "Sarjapura Road", "lanes": null, "len": 12.556 }, "geometry": { "type": "LineString", "coordinates": [ [ 77.6151658, 12.9295715 ], [ 77.6150603, 12.9295316 ] ] } },
{ "type": "Feature", "properties": { "full_id": "w760115260", "osm_id": "760115260", "osm_type": "way", "highway": "primary", "hazard": null, "psv": null, "name:en": null, "ref:old": null, "bridge": null, "sidewalk:right": null, "sidewalk:left": null, "dual_carriageway": null, "tunnel": null, "maxheight": null, "int_ref": null, "maxweight:signed": null, "sidewalk:left:surface": null, "lane_markings": null, "smoothness": null, "short_name": null, "junction": null, "loc_name": null, "year_of_construction": null, "start_date": null, "full_name": null, "foot": null, "bicycle": null, "wikipedia": null, "official_name": null, "alt_name": null, "motorroad": "no", "maxspeed": "50", "layer": null, "embankment": null, "old_name": null, "name:etymology:wikidata": null, "lit": null, "hgv": null, "surface": "asphalt", "sidewalk": null, "oneway": null, "name:kn": "ಡಾ ಮರಿಗೌಡ ರಸ್ತೆ", "name": "Dr. M H Marigowda Road", "lanes": "2", "len": 13.435 }, "geometry": { "type": "LineString", "coordinates": [ [ 77.6138662, 12.9316547 ], [ 77.6137504, 12.9316887 ] ] } },
{ "type": "Feature", "properties": { "full_id": "w760115261", "osm_id": "760115261", "osm_type": "way", "highway": "primary", "hazard": null, "psv": null, "name:en": null, "ref:old": null, "bridge": null, "sidewalk:right": null, "sidewalk:left": null, "dual_carriageway": null, "tunnel": null, "maxheight": null, "int_ref": null, "maxweight:signed": null, "sidewalk:left:surface": null, "lane_markings": null, "smoothness": "good", "short_name": null, "junction": null, "loc_name": null, "year_of_construction": null, "start_date": null, "full_name": null, "foot": null, "bicycle": null, "wikipedia": null, "official_name": null, "alt_name": null, "motorroad": null, "maxspeed": "60", "layer": null, "embankment": null, "old_name": null, "name:etymology:wikidata": "Q297967", "lit": null, "hgv": null, "surface": "concrete", "sidewalk": "separate", "oneway": "yes", "name:kn": "ಹೊಸೂರು ರಸ್ತೆ", "name": "Hosur Road", "lanes": "2", "len": 258.793 }, "geometry": { "type": "LineString", "coordinates": [ [ 77.6134708, 12.9322437 ], [ 77.613441, 12.932298 ], [ 77.6125517, 12.9338579 ], [ 77.6123554, 12.9342159 ], [ 77.6123276, 12.9342679 ] ] } },
{ "type": "Feature", "properties": { "full_id": "w763183693", "osm_id": "763183693", "osm_type": "way", "highway": "primary", "hazard": null, "psv": null, "name:en": null, "ref:old": null, "bridge": null, "sidewalk:right": null, "sidewalk:left": null, "dual_carriageway": null, "tunnel": null, "maxheight": null, "int_ref": null, "maxweight:signed": null, "sidewalk:left:surface": null, "lane_markings": null, "smoothness": null, "short_name": null, "junction": null, "loc_name": null, "year_of_construction": null, "start_date": null, "full_name": null, "foot": null, "bicycle": null, "wikipedia": null, "official_name": null, "alt_name": null, "motorroad": null, "maxspeed": null, "layer": null, "embankment": null, "old_name": null, "name:etymology:wikidata": "Q7424146", "lit": null, "hgv": null, "surface": "asphalt", "sidewalk": null, "oneway": "yes", "name:kn": "ಸರ್ಜಾಪುರ ರಸ್ತೆ", "name": "Sarjapura Road", "lanes": "3", "len": 10.615 }, "geometry": { "type": "LineString", "coordinates": [ [ 77.6336722, 12.9247758 ], [ 77.6335782, 12.9247598 ] ] } },
{ "type": "Feature", "properties": { "full_id": "w764406990", "osm_id": "764406990", "osm_type": "way", "highway": "primary", "hazard": null, "psv": null, "name:en": null, "ref:old": null, "bridge": null, "sidewalk:right": null, "sidewalk:left": null, "dual_carriageway": null, "tunnel": null, "maxheight": null, "int_ref": null, "maxweight:signed": null, "sidewalk:left:surface": null, "lane_markings": null, "smoothness": "good", "short_name": null, "junction": null, "loc_name": null, "year_of_construction": null, "start_date": null, "full_name": null, "foot": null, "bicycle": null, "wikipedia": null, "official_name": null, "alt_name": null, "motorroad": null, "maxspeed": "60", "layer": null, "embankment": null, "old_name": null, "name:etymology:wikidata": "Q297967", "lit": null, "hgv": null, "surface": "asphalt", "sidewalk": "left", "oneway": "yes", "name:kn": "ಹೊಸೂರು ರಸ್ತೆ", "name": "Hosur Road", "lanes": "3", "len": 214.216 }, "geometry": { "type": "LineString", "coordinates": [ [ 77.6051887, 12.9519389 ], [ 77.6051956, 12.9518672 ], [ 77.6053216, 12.9514314 ], [ 77.605541, 12.9507841 ], [ 77.6055577, 12.9507334 ], [ 77.605704, 12.9503706 ], [ 77.6058328, 12.9501326 ] ] } },
{ "type": "Feature", "properties": { "full_id": "w766406225", "osm_id": "766406225", "osm_type": "way", "highway": "primary", "hazard": null, "psv": null, "name:en": null, "ref:old": null, "bridge": null, "sidewalk:right": null, "sidewalk:left": null, "dual_carriageway": null, "tunnel": null, "maxheight": null, "int_ref": null, "maxweight:signed": null, "sidewalk:left:surface": null, "lane_markings": null, "smoothness": null, "short_name": "K. H. Circle", "junction": "roundabout", "loc_name": null, "year_of_construction": null, "start_date": null, "full_name": null, "foot": null, "bicycle": null, "wikipedia": null, "official_name": null, "alt_name": "Lalbhag Circle", "motorroad": "no", "maxspeed": null, "layer": null, "embankment": null, "old_name": null, "name:etymology:wikidata": "Q6389169", "lit": null, "hgv": null, "surface": "asphalt", "sidewalk": "separate", "oneway": null, "name:kn": "ಕೆಂಗಲ್ ಹನುಮಂತಯ್ಯ ವೃತ್ತ", "name": "Kengal Hanumanthaiah Circle", "lanes": null, "len": 10.43 }, "geometry": { "type": "LineString", "coordinates": [ [ 77.5904359, 12.9516864 ], [ 77.5904917, 12.9517065 ], [ 77.590526, 12.9517089 ] ] } },
{ "type": "Feature", "properties": { "full_id": "w766406226", "osm_id": "766406226", "osm_type": "way", "highway": "primary", "hazard": null, "psv": null, "name:en": null, "ref:old": null, "bridge": null, "sidewalk:right": null, "sidewalk:left": null, "dual_carriageway": null, "tunnel": null, "maxheight": null, "int_ref": null, "maxweight:signed": null, "sidewalk:left:surface": null, "lane_markings": null, "smoothness": null, "short_name": "K. H. Circle", "junction": "roundabout", "loc_name": null, "year_of_construction": null, "start_date": null, "full_name": null, "foot": null, "bicycle": null, "wikipedia": null, "official_name": null, "alt_name": "Lalbhag Circle", "motorroad": "no", "maxspeed": null, "layer": null, "embankment": null, "old_name": null, "name:etymology:wikidata": "Q6389169", "lit": null, "hgv": null, "surface": null, "sidewalk": null, "oneway": null, "name:kn": "ಕೆಂಗಲ್ ಹನುಮಂತಯ್ಯ ವೃತ್ತ", "name": "Kengal Hanumanthaiah Circle", "lanes": null, "len": 9.769 }, "geometry": { "type": "LineString", "coordinates": [ [ 77.5903742, 12.9516251 ], [ 77.5903968, 12.9516557 ], [ 77.5904359, 12.9516864 ] ] } },
{ "type": "Feature", "properties": { "full_id": "w766406975", "osm_id": "766406975", "osm_type": "way", "highway": "primary", "hazard": null, "psv": null, "name:en": null, "ref:old": null, "bridge": null, "sidewalk:right": null, "sidewalk:left": null, "dual_carriageway": null, "tunnel": null, "maxheight": null, "int_ref": null, "maxweight:signed": null, "sidewalk:left:surface": null, "lane_markings": null, "smoothness": null, "short_name": "K. H. Circle", "junction": "roundabout", "loc_name": null, "year_of_construction": null, "start_date": null, "full_name": null, "foot": null, "bicycle": null, "wikipedia": null, "official_name": null, "alt_name": "Lalbhag Circle", "motorroad": "no", "maxspeed": null, "layer": null, "embankment": null, "old_name": null, "name:etymology:wikidata": "Q6389169", "lit": null, "hgv": null, "surface": "asphalt", "sidewalk": "separate", "oneway": null, "name:kn": "ಕೆಂಗಲ್ ಹನುಮಂತಯ್ಯ ವೃತ್ತ", "name": "Kengal Hanumanthaiah Circle", "lanes": null, "len": 9.286 }, "geometry": { "type": "LineString", "coordinates": [ [ 77.590526, 12.9517089 ], [ 77.5906063, 12.9516863 ] ] } },
{ "type": "Feature", "properties": { "full_id": "w839092204", "osm_id": "839092204", "osm_type": "way", "highway": "primary", "hazard": null, "psv": null, "name:en": null, "ref:old": null, "bridge": "yes", "sidewalk:right": null, "sidewalk:left": null, "dual_carriageway": null, "tunnel": null, "maxheight": null, "int_ref": null, "maxweight:signed": "no", "sidewalk:left:surface": null, "lane_markings": null, "smoothness": null, "short_name": null, "junction": null, "loc_name": null, "year_of_construction": null, "start_date": null, "full_name": null, "foot": null, "bicycle": null, "wikipedia": null, "official_name": null, "alt_name": null, "motorroad": null, "maxspeed": null, "layer": "1", "embankment": null, "old_name": null, "name:etymology:wikidata": "Q7424146", "lit": null, "hgv": null, "surface": "asphalt", "sidewalk": null, "oneway": "yes", "name:kn": "ಸರ್ಜಪುರ ರಸ್ತೆ", "name": "Sarjapur Road", "lanes": "3", "len": 33.45 }, "geometry": { "type": "LineString", "coordinates": [ [ 77.6394662, 12.9240289 ], [ 77.6391844, 12.9241332 ] ] } },
{ "type": "Feature", "properties": { "full_id": "w839092205", "osm_id": "839092205", "osm_type": "way", "highway": "primary", "hazard": null, "psv": null, "name:en": null, "ref:old": null, "bridge": null, "sidewalk:right": null, "sidewalk:left": null, "dual_carriageway": "yes", "tunnel": null, "maxheight": null, "int_ref": null, "maxweight:signed": null, "sidewalk:left:surface": null, "lane_markings": null, "smoothness": null, "short_name": null, "junction": null, "loc_name": null, "year_of_construction": null, "start_date": null, "full_name": null, "foot": null, "bicycle": null, "wikipedia": null, "official_name": null, "alt_name": null, "motorroad": null, "maxspeed": null, "layer": null, "embankment": null, "old_name": null, "name:etymology:wikidata": "Q7424146", "lit": null, "hgv": null, "surface": "asphalt", "sidewalk": null, "oneway": "yes", "name:kn": "ಸರ್ಜಪುರ ರಸ್ತೆ", "name": "Sarjapur Road", "lanes": "3", "len": 55.089 }, "geometry": { "type": "LineString", "coordinates": [ [ 77.6399269, 12.9238482 ], [ 77.6394662, 12.9240289 ] ] } },
{ "type": "Feature", "properties": { "full_id": "w839092206", "osm_id": "839092206", "osm_type": "way", "highway": "primary", "hazard": null, "psv": null, "name:en": null, "ref:old": null, "bridge": "yes", "sidewalk:right": null, "sidewalk:left": null, "dual_carriageway": null, "tunnel": null, "maxheight": null, "int_ref": null, "maxweight:signed": "no", "sidewalk:left:surface": null, "lane_markings": null, "smoothness": null, "short_name": null, "junction": null, "loc_name": null, "year_of_construction": null, "start_date": null, "full_name": null, "foot": null, "bicycle": null, "wikipedia": null, "official_name": null, "alt_name": null, "motorroad": null, "maxspeed": null, "layer": "1", "embankment": null, "old_name": null, "name:etymology:wikidata": "Q7424146", "lit": null, "hgv": null, "surface": "asphalt", "sidewalk": null, "oneway": "yes", "name:kn": "ಸರ್ಜಾಪುರ ರಸ್ತೆ", "name": "Sarjapur Road", "lanes": "2", "len": 32.086 }, "geometry": { "type": "LineString", "coordinates": [ [ 77.6391957, 12.9242078 ], [ 77.6394635, 12.9241012 ] ] } },
{ "type": "Feature", "properties": { "full_id": "w839092207", "osm_id": "839092207", "osm_type": "way", "highway": "primary", "hazard": null, "psv": null, "name:en": null, "ref:old": null, "bridge": null, "sidewalk:right": null, "sidewalk:left": null, "dual_carriageway": null, "tunnel": null, "maxheight": "5.5", "int_ref": null, "maxweight:signed": null, "sidewalk:left:surface": null, "lane_markings": null, "smoothness": null, "short_name": null, "junction": null, "loc_name": null, "year_of_construction": null, "start_date": null, "full_name": null, "foot": null, "bicycle": null, "wikipedia": null, "official_name": null, "alt_name": null, "motorroad": null, "maxspeed": null, "layer": null, "embankment": null, "old_name": null, "name:etymology:wikidata": "Q7424146", "lit": null, "hgv": null, "surface": "asphalt", "sidewalk": null, "oneway": "yes", "name:kn": "ಸರ್ಜಪುರ ರಸ್ತೆ", "name": "Sarjapura Road", "lanes": "2", "len": 234.474 }, "geometry": { "type": "LineString", "coordinates": [ [ 77.6353253, 12.9251496 ], [ 77.636068, 12.9252565 ], [ 77.636376, 12.9253009 ], [ 77.6366906, 12.9253333 ], [ 77.6368224, 12.9253292 ], [ 77.6369785, 12.9252998 ], [ 77.6371646, 12.9252461 ], [ 77.6373952, 12.925166 ] ] } },
{ "type": "Feature", "properties": { "full_id": "w1012975560", "osm_id": "1012975560", "osm_type": "way", "highway": "primary", "hazard": null, "psv": null, "name:en": null, "ref:old": null, "bridge": null, "sidewalk:right": null, "sidewalk:left": null, "dual_carriageway": null, "tunnel": null, "maxheight": null, "int_ref": null, "maxweight:signed": null, "sidewalk:left:surface": null, "lane_markings": null, "smoothness": "good", "short_name": null, "junction": null, "loc_name": null, "year_of_construction": null, "start_date": null, "full_name": null, "foot": null, "bicycle": null, "wikipedia": null, "official_name": null, "alt_name": null, "motorroad": null, "maxspeed": "60", "layer": null, "embankment": null, "old_name": null, "name:etymology:wikidata": "Q297967", "lit": null, "hgv": null, "surface": "asphalt", "sidewalk": "left", "oneway": "yes", "name:kn": "ಹೊಸೂರು ರಸ್ತೆ", "name": "Hosur Road", "lanes": "3", "len": 54.819 }, "geometry": { "type": "LineString", "coordinates": [ [ 77.6052377, 12.9524872 ], [ 77.6051951, 12.9519966 ] ] } },
{ "type": "Feature", "properties": { "full_id": "w1031526548", "osm_id": "1031526548", "osm_type": "way", "highway": "primary", "hazard": null, "psv": null, "name:en": null, "ref:old": null, "bridge": null, "sidewalk:right": null, "sidewalk:left": null, "dual_carriageway": null, "tunnel": null, "maxheight": "5.5", "int_ref": null, "maxweight:signed": null, "sidewalk:left:surface": null, "lane_markings": null, "smoothness": null, "short_name": null, "junction": null, "loc_name": null, "year_of_construction": null, "start_date": null, "full_name": null, "foot": null, "bicycle": null, "wikipedia": null, "official_name": null, "alt_name": null, "motorroad": null, "maxspeed": null, "layer": null, "embankment": null, "old_name": null, "name:etymology:wikidata": "Q7424146", "lit": null, "hgv": null, "surface": "concrete", "sidewalk": null, "oneway": "yes", "name:kn": "ಸರ್ಜಾಪುರ ರಸ್ತೆ", "name": "Sarjapura Road", "lanes": "2", "len": 63.945 }, "geometry": { "type": "LineString", "coordinates": [ [ 77.61503, 12.9295762 ], [ 77.6151298, 12.9296206 ], [ 77.6153051, 12.9296163 ], [ 77.6155949, 12.9296113 ] ] } },
{ "type": "Feature", "properties": { "full_id": "w1050178231", "osm_id": "1050178231", "osm_type": "way", "highway": "primary", "hazard": null, "psv": null, "name:en": null, "ref:old": null, "bridge": null, "sidewalk:right": null, "sidewalk:left": null, "dual_carriageway": null, "tunnel": null, "maxheight": null, "int_ref": null, "maxweight:signed": null, "sidewalk:left:surface": null, "lane_markings": null, "smoothness": null, "short_name": null, "junction": null, "loc_name": null, "year_of_construction": null, "start_date": null, "full_name": null, "foot": null, "bicycle": null, "wikipedia": null, "official_name": null, "alt_name": null, "motorroad": "no", "maxspeed": "50", "layer": null, "embankment": null, "old_name": null, "name:etymology:wikidata": "Q6712641", "lit": "yes", "hgv": null, "surface": "asphalt", "sidewalk": null, "oneway": "yes", "name:kn": "ಡಾ. ಮರಿಗೌಡ ರಸ್ತೆ", "name": "Dr. M H Marigowda Road", "lanes": "2", "len": 67.799 }, "geometry": { "type": "LineString", "coordinates": [ [ 77.5960768, 12.9456735 ], [ 77.5963944, 12.9454756 ], [ 77.5965862, 12.9453401 ] ] } },
{ "type": "Feature", "properties": { "full_id": "w1076239677", "osm_id": "1076239677", "osm_type": "way", "highway": "primary", "hazard": null, "psv": null, "name:en": null, "ref:old": null, "bridge": null, "sidewalk:right": null, "sidewalk:left": null, "dual_carriageway": null, "tunnel": null, "maxheight": null, "int_ref": null, "maxweight:signed": null, "sidewalk:left:surface": null, "lane_markings": null, "smoothness": "good", "short_name": null, "junction": null, "loc_name": null, "year_of_construction": null, "start_date": null, "full_name": null, "foot": null, "bicycle": null, "wikipedia": null, "official_name": null, "alt_name": null, "motorroad": null, "maxspeed": "60", "layer": null, "embankment": null, "old_name": null, "name:etymology:wikidata": "Q297967", "lit": null, "hgv": null, "surface": "concrete", "sidewalk": "left", "oneway": "yes", "name:kn": "ಹೊಸೂರು ರಸ್ತೆ", "name": "Hosur Road", "lanes": "2", "len": 996.766 }, "geometry": { "type": "LineString", "coordinates": [ [ 77.6121427, 12.9346201 ], [ 77.6117285, 12.9354196 ], [ 77.6114802, 12.9358798 ], [ 77.6113856, 12.9360382 ], [ 77.611365, 12.9360726 ], [ 77.6110983, 12.9365681 ], [ 77.6109379, 12.9368716 ], [ 77.6108853, 12.9369678 ], [ 77.610797, 12.9371221 ], [ 77.6107454, 12.9372233 ], [ 77.6105914, 12.9375137 ], [ 77.6104779, 12.9377089 ], [ 77.6101215, 12.9383612 ], [ 77.6099167, 12.9387315 ], [ 77.6098535, 12.9388429 ], [ 77.6098307, 12.9388857 ], [ 77.6097671, 12.9390151 ], [ 77.6096817, 12.9391965 ], [ 77.6094691, 12.939598 ], [ 77.6093074, 12.9398885 ], [ 77.6090569, 12.9403422 ], [ 77.6087261, 12.9409573 ], [ 77.608627, 12.9411324 ], [ 77.6085838, 12.941225 ], [ 77.6084528, 12.9414837 ], [ 77.6082351, 12.9419474 ], [ 77.6082097, 12.9420078 ], [ 77.6081003, 12.9422828 ], [ 77.607995, 12.9425491 ] ] } },
{ "type": "Feature", "properties": { "full_id": "w1082927840", "osm_id": "1082927840", "osm_type": "way", "highway": "primary", "hazard": null, "psv": null, "name:en": null, "ref:old": null, "bridge": null, "sidewalk:right": null, "sidewalk:left": null, "dual_carriageway": null, "tunnel": null, "maxheight": null, "int_ref": null, "maxweight:signed": null, "sidewalk:left:surface": null, "lane_markings": null, "smoothness": null, "short_name": null, "junction": null, "loc_name": null, "year_of_construction": null, "start_date": null, "full_name": null, "foot": null, "bicycle": null, "wikipedia": null, "official_name": null, "alt_name": null, "motorroad": null, "maxspeed": "60", "layer": null, "embankment": null, "old_name": null, "name:etymology:wikidata": "Q297967", "lit": null, "hgv": null, "surface": "asphalt", "sidewalk": "left", "oneway": "yes", "name:kn": "ಹೊಸೂರು ರಸ್ತೆ", "name": "Hosur Road", "lanes": "4", "len": 586.859 }, "geometry": { "type": "LineString", "coordinates": [ [ 77.6051609, 12.9527211 ], [ 77.6052319, 12.9534708 ], [ 77.6052808, 12.9537939 ], [ 77.6054236, 12.9548903 ], [ 77.6054931, 12.9552426 ], [ 77.6056166, 12.9558184 ], [ 77.6057304, 12.9563761 ], [ 77.605872, 12.9571515 ], [ 77.6059698, 12.9579263 ] ] } },
{ "type": "Feature", "properties": { "full_id": "w1095078579", "osm_id": "1095078579", "osm_type": "way", "highway": "primary", "hazard": null, "psv": null, "name:en": null, "ref:old": null, "bridge": null, "sidewalk:right": null, "sidewalk:left": null, "dual_carriageway": null, "tunnel": null, "maxheight": null, "int_ref": null, "maxweight:signed": null, "sidewalk:left:surface": null, "lane_markings": null, "smoothness": null, "short_name": null, "junction": null, "loc_name": null, "year_of_construction": null, "start_date": null, "full_name": null, "foot": null, "bicycle": null, "wikipedia": null, "official_name": null, "alt_name": null, "motorroad": null, "maxspeed": null, "layer": null, "embankment": null, "old_name": null, "name:etymology:wikidata": null, "lit": "yes", "hgv": null, "surface": "asphalt", "sidewalk": "separate", "oneway": "yes", "name:kn": "ಲಾಲ್‌ಬಾಗ್‌ ಕೋಟೆ ರಸ್ತೆ", "name": "Lalbagh Fort Road", "lanes": "2", "len": 608.057 }, "geometry": { "type": "LineString", "coordinates": [ [ 77.5903675, 12.9514776 ], [ 77.5902751, 12.9515762 ], [ 77.5902112, 12.9516184 ], [ 77.5901524, 12.9516583 ], [ 77.5890741, 12.9520272 ], [ 77.5879727, 12.9524079 ], [ 77.5870892, 12.9527346 ], [ 77.5869753, 12.9527836 ], [ 77.5867691, 12.9529519 ], [ 77.5861387, 12.953491 ], [ 77.5856844, 12.9538602 ], [ 77.58557, 12.9539165 ] ] } },
{ "type": "Feature", "properties": { "full_id": "w1095078580", "osm_id": "1095078580", "osm_type": "way", "highway": "primary", "hazard": null, "psv": null, "name:en": null, "ref:old": null, "bridge": null, "sidewalk:right": null, "sidewalk:left": null, "dual_carriageway": null, "tunnel": null, "maxheight": null, "int_ref": null, "maxweight:signed": null, "sidewalk:left:surface": null, "lane_markings": null, "smoothness": null, "short_name": null, "junction": null, "loc_name": null, "year_of_construction": null, "start_date": null, "full_name": null, "foot": null, "bicycle": null, "wikipedia": null, "official_name": null, "alt_name": null, "motorroad": null, "maxspeed": null, "layer": null, "embankment": null, "old_name": null, "name:etymology:wikidata": null, "lit": "yes", "hgv": null, "surface": "asphalt", "sidewalk": null, "oneway": "yes", "name:kn": "ಲಾಲ್‌ಬಾಗ್‌ ಕೋಟೆ ರಸ್ತೆ", "name": "Lalbagh Fort Road", "lanes": null, "len": 22.132 }, "geometry": { "type": "LineString", "coordinates": [ [ 77.590239, 12.9517139 ], [ 77.5902939, 12.9517067 ], [ 77.5904359, 12.9516864 ] ] } },
{ "type": "Feature", "properties": { "full_id": "w1095078581", "osm_id": "1095078581", "osm_type": "way", "highway": "primary", "hazard": null, "psv": null, "name:en": null, "ref:old": null, "bridge": null, "sidewalk:right": null, "sidewalk:left": null, "dual_carriageway": null, "tunnel": null, "maxheight": null, "int_ref": null, "maxweight:signed": null, "sidewalk:left:surface": null, "lane_markings": null, "smoothness": null, "short_name": null, "junction": null, "loc_name": null, "year_of_construction": null, "start_date": null, "full_name": null, "foot": null, "bicycle": null, "wikipedia": null, "official_name": null, "alt_name": null, "motorroad": null, "maxspeed": null, "layer": null, "embankment": null, "old_name": null, "name:etymology:wikidata": null, "lit": "yes", "hgv": null, "surface": "asphalt", "sidewalk": "separate", "oneway": "yes", "name:kn": "ಲಾಲ್‌ಬಾಗ್‌ ಕೋಟೆ ರಸ್ತೆ", "name": "Lalbagh Fort Road", "lanes": null, "len": 58.871 }, "geometry": { "type": "LineString", "coordinates": [ [ 77.58557, 12.9539165 ], [ 77.5853924, 12.9539768 ], [ 77.5852842, 12.9540118 ], [ 77.5852681, 12.9540175 ], [ 77.585073, 12.9540965 ] ] } },
{ "type": "Feature", "properties": { "full_id": "w1095078582", "osm_id": "1095078582", "osm_type": "way", "highway": "primary", "hazard": null, "psv": null, "name:en": null, "ref:old": null, "bridge": null, "sidewalk:right": null, "sidewalk:left": null, "dual_carriageway": null, "tunnel": null, "maxheight": null, "int_ref": null, "maxweight:signed": null, "sidewalk:left:surface": null, "lane_markings": null, "smoothness": null, "short_name": null, "junction": null, "loc_name": null, "year_of_construction": null, "start_date": null, "full_name": null, "foot": null, "bicycle": null, "wikipedia": null, "official_name": null, "alt_name": null, "motorroad": null, "maxspeed": null, "layer": null, "embankment": null, "old_name": null, "name:etymology:wikidata": null, "lit": "yes", "hgv": null, "surface": "asphalt", "sidewalk": "separate", "oneway": "yes", "name:kn": "ಲಾಲ್‌ಬಾಗ್‌ ಕೋಟೆ ರಸ್ತೆ", "name": "Lalbagh Fort Road", "lanes": "2", "len": 49.692 }, "geometry": { "type": "LineString", "coordinates": [ [ 77.5854347, 12.9542788 ], [ 77.585454, 12.9542115 ], [ 77.5854936, 12.9541215 ], [ 77.5855532, 12.9540683 ], [ 77.585581, 12.9540427 ], [ 77.5857023, 12.9539378 ] ] } },
{ "type": "Feature", "properties": { "full_id": "w1096873562", "osm_id": "1096873562", "osm_type": "way", "highway": "primary", "hazard": null, "psv": null, "name:en": null, "ref:old": null, "bridge": null, "sidewalk:right": null, "sidewalk:left": null, "dual_carriageway": null, "tunnel": null, "maxheight": null, "int_ref": null, "maxweight:signed": null, "sidewalk:left:surface": null, "lane_markings": null, "smoothness": "good", "short_name": null, "junction": null, "loc_name": null, "year_of_construction": null, "start_date": null, "full_name": null, "foot": null, "bicycle": null, "wikipedia": null, "official_name": null, "alt_name": null, "motorroad": null, "maxspeed": "60", "layer": null, "embankment": null, "old_name": null, "name:etymology:wikidata": "Q297967", "lit": null, "hgv": null, "surface": "asphalt", "sidewalk": "left", "oneway": "yes", "name:kn": "ಹೊಸೂರು ರಸ್ತೆ", "name": "Hosur Road", "lanes": "3", "len": 32.017 }, "geometry": { "type": "LineString", "coordinates": [ [ 77.6052629, 12.9527737 ], [ 77.6052566, 12.9527111 ], [ 77.6052377, 12.9524872 ] ] } },
{ "type": "Feature", "properties": { "full_id": "w1096873563", "osm_id": "1096873563", "osm_type": "way", "highway": "primary", "hazard": null, "psv": null, "name:en": null, "ref:old": null, "bridge": null, "sidewalk:right": null, "sidewalk:left": null, "dual_carriageway": null, "tunnel": null, "maxheight": null, "int_ref": null, "maxweight:signed": null, "sidewalk:left:surface": null, "lane_markings": null, "smoothness": "good", "short_name": null, "junction": null, "loc_name": null, "year_of_construction": null, "start_date": null, "full_name": null, "foot": null, "bicycle": null, "wikipedia": null, "official_name": null, "alt_name": null, "motorroad": null, "maxspeed": "60", "layer": null, "embankment": null, "old_name": null, "name:etymology:wikidata": "Q297967", "lit": null, "hgv": null, "surface": "asphalt", "sidewalk": "left", "oneway": "yes", "name:kn": "ಹೊಸೂರು ರಸ್ತೆ", "name": "Hosur Road", "lanes": "3", "len": 6.463 }, "geometry": { "type": "LineString", "coordinates": [ [ 77.6051951, 12.9519966 ], [ 77.6051887, 12.9519389 ] ] } },
{ "type": "Feature", "properties": { "full_id": "w1099850917", "osm_id": "1099850917", "osm_type": "way", "highway": "primary", "hazard": null, "psv": null, "name:en": null, "ref:old": null, "bridge": null, "sidewalk:right": null, "sidewalk:left": null, "dual_carriageway": null, "tunnel": null, "maxheight": null, "int_ref": null, "maxweight:signed": null, "sidewalk:left:surface": null, "lane_markings": null, "smoothness": "bad", "short_name": null, "junction": null, "loc_name": null, "year_of_construction": "1997..2000", "start_date": "2000", "full_name": "Koramangala Inner Ring Road", "foot": null, "bicycle": null, "wikipedia": null, "official_name": null, "alt_name": "Koramangala Ring Road", "motorroad": null, "maxspeed": null, "layer": null, "embankment": null, "old_name": "Indiranagar Koramangala Ring Road", "name:etymology:wikidata": null, "lit": null, "hgv": null, "surface": "asphalt", "sidewalk": null, "oneway": "yes", "name:kn": "ಒಳ ವರ್ತುಲ ರಸ್ತೆ", "name": "Inner Ring Road", "lanes": "2", "len": 60.462 }, "geometry": { "type": "LineString", "coordinates": [ [ 77.6333119, 12.9384347 ], [ 77.6328936, 12.9384443 ], [ 77.6327689, 12.9384471 ] ] } },
{ "type": "Feature", "properties": { "full_id": "w1110164311", "osm_id": "1110164311", "osm_type": "way", "highway": "primary", "hazard": null, "psv": null, "name:en": null, "ref:old": null, "bridge": null, "sidewalk:right": null, "sidewalk:left": null, "dual_carriageway": null, "tunnel": null, "maxheight": null, "int_ref": null, "maxweight:signed": null, "sidewalk:left:surface": null, "lane_markings": null, "smoothness": null, "short_name": null, "junction": null, "loc_name": "17th Main Road", "year_of_construction": null, "start_date": null, "full_name": null, "foot": null, "bicycle": null, "wikipedia": null, "official_name": null, "alt_name": "100 Feet Road", "motorroad": null, "maxspeed": null, "layer": null, "embankment": null, "old_name": "17th Main Road", "name:etymology:wikidata": "Q7919473", "lit": null, "hgv": null, "surface": "asphalt", "sidewalk": null, "oneway": "yes", "name:kn": "ಮಹಾಯೋಗಿ ವೇಮನ ರಸ್ತೆ", "name": "Mahayogi Vemana Road", "lanes": "2", "len": 11.164 }, "geometry": { "type": "LineString", "coordinates": [ [ 77.6208789, 12.9275058 ], [ 77.6209204, 12.9275971 ] ] } },
{ "type": "Feature", "properties": { "full_id": "w1110164312", "osm_id": "1110164312", "osm_type": "way", "highway": "primary", "hazard": null, "psv": null, "name:en": null, "ref:old": null, "bridge": null, "sidewalk:right": null, "sidewalk:left": null, "dual_carriageway": null, "tunnel": null, "maxheight": "5.5", "int_ref": null, "maxweight:signed": null, "sidewalk:left:surface": null, "lane_markings": null, "smoothness": null, "short_name": null, "junction": null, "loc_name": null, "year_of_construction": null, "start_date": null, "full_name": null, "foot": null, "bicycle": null, "wikipedia": null, "official_name": null, "alt_name": null, "motorroad": null, "maxspeed": null, "layer": null, "embankment": null, "old_name": null, "name:etymology:wikidata": "Q7424146", "lit": "yes", "hgv": null, "surface": "concrete", "sidewalk": null, "oneway": "yes", "name:kn": "ಸರ್ಜಾಪುರ ರಸ್ತೆ", "name": "Sarjapura Road", "lanes": "3", "len": 400.22 }, "geometry": { "type": "LineString", "coordinates": [ [ 77.6155949, 12.9296113 ], [ 77.6157477, 12.929564 ], [ 77.6160012, 12.9294716 ], [ 77.6161925, 12.9294086 ], [ 77.6175203, 12.9289096 ], [ 77.6176734, 12.9288504 ], [ 77.618962, 12.9283525 ] ] } },
{ "type": "Feature", "properties": { "full_id": "w1110164313", "osm_id": "1110164313", "osm_type": "way", "highway": "primary", "hazard": null, "psv": null, "name:en": null, "ref:old": null, "bridge": null, "sidewalk:right": null, "sidewalk:left": null, "dual_carriageway": null, "tunnel": null, "maxheight": null, "int_ref": null, "maxweight:signed": null, "sidewalk:left:surface": null, "lane_markings": null, "smoothness": null, "short_name": null, "junction": null, "loc_name": "17th Main Road", "year_of_construction": null, "start_date": null, "full_name": null, "foot": null, "bicycle": null, "wikipedia": null, "official_name": null, "alt_name": "100 Feet Road", "motorroad": null, "maxspeed": null, "layer": null, "embankment": null, "old_name": "17th Main Road", "name:etymology:wikidata": "Q7919473", "lit": null, "hgv": null, "surface": "asphalt", "sidewalk": null, "oneway": "yes", "name:kn": "ಮಹಾಯೋಗಿ ವೇಮನ ರಸ್ತೆ", "name": "Mahayogi Vemana Road", "lanes": "2", "len": 11.659 }, "geometry": { "type": "LineString", "coordinates": [ [ 77.6210315, 12.9275608 ], [ 77.6209908, 12.9274643 ] ] } },
{ "type": "Feature", "properties": { "full_id": "w1110164314", "osm_id": "1110164314", "osm_type": "way", "highway": "primary", "hazard": null, "psv": null, "name:en": null, "ref:old": null, "bridge": null, "sidewalk:right": null, "sidewalk:left": null, "dual_carriageway": null, "tunnel": null, "maxheight": null, "int_ref": null, "maxweight:signed": null, "sidewalk:left:surface": null, "lane_markings": null, "smoothness": null, "short_name": null, "junction": null, "loc_name": null, "year_of_construction": null, "start_date": null, "full_name": null, "foot": null, "bicycle": null, "wikipedia": null, "official_name": null, "alt_name": null, "motorroad": null, "maxspeed": null, "layer": null, "embankment": null, "old_name": null, "name:etymology:wikidata": "Q7424146", "lit": "yes", "hgv": null, "surface": "asphalt", "sidewalk": null, "oneway": "yes", "name:kn": "ಸರ್ಜಾಪುರ ರಸ್ತೆ", "name": "Sarjapura Road", "lanes": "3", "len": 13.011 }, "geometry": { "type": "LineString", "coordinates": [ [ 77.6209204, 12.9275971 ], [ 77.6210315, 12.9275608 ] ] } },
{ "type": "Feature", "properties": { "full_id": "w1110164315", "osm_id": "1110164315", "osm_type": "way", "highway": "primary", "hazard": null, "psv": null, "name:en": null, "ref:old": null, "bridge": null, "sidewalk:right": null, "sidewalk:left": null, "dual_carriageway": null, "tunnel": null, "maxheight": "5.5", "int_ref": null, "maxweight:signed": null, "sidewalk:left:surface": null, "lane_markings": null, "smoothness": null, "short_name": null, "junction": null, "loc_name": null, "year_of_construction": null, "start_date": null, "full_name": null, "foot": null, "bicycle": null, "wikipedia": null, "official_name": null, "alt_name": null, "motorroad": null, "maxspeed": null, "layer": null, "embankment": null, "old_name": null, "name:etymology:wikidata": "Q7424146", "lit": "yes", "hgv": null, "surface": "concrete", "sidewalk": null, "oneway": "yes", "name:kn": "ಸರ್ಜಾಪುರ ರಸ್ತೆ", "name": "Sarjapura Road", "lanes": "3", "len": 677.839 }, "geometry": { "type": "LineString", "coordinates": [ [ 77.6208789, 12.9275058 ], [ 77.6207545, 12.9275576 ], [ 77.620616, 12.9276081 ], [ 77.6193863, 12.9281077 ], [ 77.6182675, 12.9285287 ], [ 77.6174874, 12.9288204 ], [ 77.6160208, 12.9293703 ], [ 77.6159007, 12.9293758 ], [ 77.6155207, 12.9295025 ], [ 77.6153767, 12.929553 ], [ 77.6151658, 12.9295715 ] ] } },
{ "type": "Feature", "properties": { "full_id": "w1110164316", "osm_id": "1110164316", "osm_type": "way", "highway": "primary", "hazard": null, "psv": null, "name:en": null, "ref:old": null, "bridge": null, "sidewalk:right": null, "sidewalk:left": null, "dual_carriageway": null, "tunnel": null, "maxheight": null, "int_ref": null, "maxweight:signed": null, "sidewalk:left:surface": null, "lane_markings": null, "smoothness": null, "short_name": null, "junction": null, "loc_name": null, "year_of_construction": null, "start_date": null, "full_name": null, "foot": null, "bicycle": null, "wikipedia": null, "official_name": null, "alt_name": null, "motorroad": null, "maxspeed": null, "layer": null, "embankment": null, "old_name": null, "name:etymology:wikidata": "Q7424146", "lit": "yes", "hgv": null, "surface": "asphalt", "sidewalk": null, "oneway": "yes", "name:kn": "ಸರ್ಜಾಪುರ ರಸ್ತೆ", "name": "Sarjapura Road", "lanes": "2", "len": 13.286 }, "geometry": { "type": "LineString", "coordinates": [ [ 77.6209908, 12.9274643 ], [ 77.6208789, 12.9275058 ] ] } },
{ "type": "Feature", "properties": { "full_id": "w1110164317", "osm_id": "1110164317", "osm_type": "way", "highway": "primary", "hazard": null, "psv": null, "name:en": null, "ref:old": null, "bridge": null, "sidewalk:right": null, "sidewalk:left": null, "dual_carriageway": null, "tunnel": null, "maxheight": null, "int_ref": null, "maxweight:signed": null, "sidewalk:left:surface": null, "lane_markings": null, "smoothness": null, "short_name": null, "junction": null, "loc_name": "17th Main Road", "year_of_construction": null, "start_date": null, "full_name": null, "foot": null, "bicycle": null, "wikipedia": null, "official_name": null, "alt_name": "100 Feet Road", "motorroad": null, "maxspeed": null, "layer": null, "embankment": null, "old_name": "17th Main Road", "name:etymology:wikidata": "Q7919473", "lit": null, "hgv": null, "surface": "asphalt", "sidewalk": null, "oneway": "yes", "name:kn": "ಮಹಾಯೋಗಿ ವೇಮನ ರಸ್ತೆ", "name": "Mahayogi Vemana Road", "lanes": "2", "len": 10.603 }, "geometry": { "type": "LineString", "coordinates": [ [ 77.6209204, 12.9275971 ], [ 77.6209546, 12.927686 ] ] } },
{ "type": "Feature", "properties": { "full_id": "w1110164319", "osm_id": "1110164319", "osm_type": "way", "highway": "primary", "hazard": null, "psv": null, "name:en": null, "ref:old": null, "bridge": null, "sidewalk:right": null, "sidewalk:left": null, "dual_carriageway": null, "tunnel": null, "maxheight": null, "int_ref": null, "maxweight:signed": null, "sidewalk:left:surface": null, "lane_markings": null, "smoothness": null, "short_name": null, "junction": null, "loc_name": "17th Main Road", "year_of_construction": null, "start_date": null, "full_name": null, "foot": null, "bicycle": null, "wikipedia": null, "official_name": null, "alt_name": "100 Feet Road", "motorroad": null, "maxspeed": null, "layer": null, "embankment": null, "old_name": "17th Main Road", "name:etymology:wikidata": "Q7919473", "lit": null, "hgv": null, "surface": "asphalt", "sidewalk": "left", "oneway": "yes", "name:kn": "ಮಹಾಯೋಗಿ ವೇಮನ ರಸ್ತೆ", "name": "Mahayogi Vemana Road", "lanes": "2", "len": 313.584 }, "geometry": { "type": "LineString", "coordinates": [ [ 77.6221345, 12.9302411 ], [ 77.6219773, 12.9298454 ], [ 77.6218475, 12.9295187 ], [ 77.621651, 12.9290553 ], [ 77.6214602, 12.9285868 ], [ 77.6212637, 12.9281284 ], [ 77.621122, 12.9277791 ], [ 77.62111, 12.927751 ], [ 77.6210614, 12.9276367 ] ] } },
{ "type": "Feature", "properties": { "full_id": "w1110164320", "osm_id": "1110164320", "osm_type": "way", "highway": "primary", "hazard": null, "psv": null, "name:en": null, "ref:old": null, "bridge": null, "sidewalk:right": null, "sidewalk:left": null, "dual_carriageway": null, "tunnel": null, "maxheight": null, "int_ref": null, "maxweight:signed": null, "sidewalk:left:surface": null, "lane_markings": null, "smoothness": "good", "short_name": null, "junction": null, "loc_name": "17th Main Road", "year_of_construction": null, "start_date": null, "full_name": null, "foot": null, "bicycle": null, "wikipedia": null, "official_name": null, "alt_name": "100 Feet Road", "motorroad": null, "maxspeed": null, "layer": null, "embankment": null, "old_name": "17th Main Road", "name:etymology:wikidata": "Q7919473", "lit": null, "hgv": null, "surface": "asphalt", "sidewalk": null, "oneway": "yes", "name:kn": "ಮಹಾಯೋಗಿ ವೇಮನ ರಸ್ತೆ", "name": "Mahayogi Vemana Road", "lanes": "2", "len": 317.509 }, "geometry": { "type": "LineString", "coordinates": [ [ 77.6209546, 12.927686 ], [ 77.6209726, 12.9277357 ], [ 77.6215176, 12.929079 ], [ 77.6219947, 12.9302753 ], [ 77.6220176, 12.9303327 ] ] } },
{ "type": "Feature", "properties": { "full_id": "w1110178545", "osm_id": "1110178545", "osm_type": "way", "highway": "primary", "hazard": null, "psv": null, "name:en": null, "ref:old": null, "bridge": null, "sidewalk:right": null, "sidewalk:left": null, "dual_carriageway": null, "tunnel": null, "maxheight": null, "int_ref": null, "maxweight:signed": null, "sidewalk:left:surface": null, "lane_markings": null, "smoothness": null, "short_name": null, "junction": null, "loc_name": "17th Main Road", "year_of_construction": null, "start_date": null, "full_name": null, "foot": null, "bicycle": null, "wikipedia": null, "official_name": null, "alt_name": "100 Feet Road", "motorroad": null, "maxspeed": null, "layer": null, "embankment": null, "old_name": "17th Main Road", "name:etymology:wikidata": "Q7919473", "lit": null, "hgv": null, "surface": "asphalt", "sidewalk": null, "oneway": "yes", "name:kn": "ಮಹಾಯೋಗಿ ವೇಮನ ರಸ್ತೆ", "name": "Mahayogi Vemana Road", "lanes": "2", "len": 9.081 }, "geometry": { "type": "LineString", "coordinates": [ [ 77.6210614, 12.9276367 ], [ 77.6210315, 12.9275608 ] ] } },
{ "type": "Feature", "properties": { "full_id": "w1148408756", "osm_id": "1148408756", "osm_type": "way", "highway": "primary", "hazard": null, "psv": null, "name:en": null, "ref:old": null, "bridge": null, "sidewalk:right": null, "sidewalk:left": null, "dual_carriageway": null, "tunnel": null, "maxheight": null, "int_ref": null, "maxweight:signed": null, "sidewalk:left:surface": null, "lane_markings": null, "smoothness": null, "short_name": null, "junction": null, "loc_name": null, "year_of_construction": null, "start_date": null, "full_name": null, "foot": null, "bicycle": null, "wikipedia": null, "official_name": null, "alt_name": null, "motorroad": "no", "maxspeed": "50", "layer": null, "embankment": null, "old_name": null, "name:etymology:wikidata": "Q6712641", "lit": "yes", "hgv": null, "surface": "asphalt", "sidewalk": null, "oneway": "yes", "name:kn": "ಡಾ. ಮರಿಗೌಡ ರಸ್ತೆ", "name": "Dr. M H Marigowda Road", "lanes": "2", "len": 9.142 }, "geometry": { "type": "LineString", "coordinates": [ [ 77.5934104, 12.9487312 ], [ 77.5933841, 12.948809 ] ] } },
{ "type": "Feature", "properties": { "full_id": "w1148408757", "osm_id": "1148408757", "osm_type": "way", "highway": "primary", "hazard": null, "psv": null, "name:en": null, "ref:old": null, "bridge": null, "sidewalk:right": null, "sidewalk:left": null, "dual_carriageway": null, "tunnel": null, "maxheight": null, "int_ref": null, "maxweight:signed": null, "sidewalk:left:surface": null, "lane_markings": null, "smoothness": null, "short_name": null, "junction": null, "loc_name": null, "year_of_construction": null, "start_date": null, "full_name": null, "foot": null, "bicycle": null, "wikipedia": null, "official_name": null, "alt_name": null, "motorroad": "no", "maxspeed": "50", "layer": null, "embankment": null, "old_name": null, "name:etymology:wikidata": "Q6712641", "lit": "yes", "hgv": null, "surface": "asphalt", "sidewalk": null, "oneway": "yes", "name:kn": "ಡಾ. ಮರಿಗೌಡ ರಸ್ತೆ", "name": "Dr. M H Marigowda Road", "lanes": "2", "len": 9.738 }, "geometry": { "type": "LineString", "coordinates": [ [ 77.5934976, 12.94886 ], [ 77.5935515, 12.9487911 ] ] } },
{ "type": "Feature", "properties": { "full_id": "w1148460323", "osm_id": "1148460323", "osm_type": "way", "highway": "primary", "hazard": null, "psv": null, "name:en": null, "ref:old": "NH7", "bridge": null, "sidewalk:right": null, "sidewalk:left": null, "dual_carriageway": null, "tunnel": null, "maxheight": null, "int_ref": "AH43", "maxweight:signed": null, "sidewalk:left:surface": null, "lane_markings": null, "smoothness": "good", "short_name": null, "junction": null, "loc_name": null, "year_of_construction": null, "start_date": null, "full_name": null, "foot": "use_sidepath", "bicycle": null, "wikipedia": null, "official_name": null, "alt_name": null, "motorroad": null, "maxspeed": "60", "layer": null, "embankment": null, "old_name": null, "name:etymology:wikidata": "Q297967", "lit": "yes", "hgv": null, "surface": "concrete", "sidewalk": "separate", "oneway": "yes", "name:kn": "ಹೊಸೂರು ರಸ್ತೆ", "name": "Hosur Road", "lanes": "3", "len": 207.985 }, "geometry": { "type": "LineString", "coordinates": [ [ 77.6150603, 12.9295316 ], [ 77.61503, 12.9295762 ], [ 77.6146285, 12.930167 ], [ 77.6141891, 12.9308594 ], [ 77.6140603, 12.9311081 ] ] } },
{ "type": "Feature", "properties": { "full_id": "w1148478046", "osm_id": "1148478046", "osm_type": "way", "highway": "primary", "hazard": null, "psv": null, "name:en": null, "ref:old": null, "bridge": null, "sidewalk:right": null, "sidewalk:left": null, "dual_carriageway": "yes", "tunnel": null, "maxheight": null, "int_ref": null, "maxweight:signed": null, "sidewalk:left:surface": null, "lane_markings": null, "smoothness": "good", "short_name": null, "junction": null, "loc_name": null, "year_of_construction": null, "start_date": null, "full_name": null, "foot": null, "bicycle": null, "wikipedia": null, "official_name": null, "alt_name": null, "motorroad": null, "maxspeed": "60", "layer": null, "embankment": null, "old_name": null, "name:etymology:wikidata": "Q297967", "lit": null, "hgv": null, "surface": "concrete", "sidewalk": "left", "oneway": "yes", "name:kn": "ಹೊಸೂರು ರಸ್ತೆ", "name": "Hosur Road", "lanes": "2", "len": 675.093 }, "geometry": { "type": "LineString", "coordinates": [ [ 77.6075531, 12.944056 ], [ 77.607532, 12.9441255 ], [ 77.6073573, 12.9447399 ], [ 77.6069002, 12.9462257 ], [ 77.6068909, 12.9462575 ], [ 77.6068851, 12.9462775 ], [ 77.6068763, 12.9463076 ], [ 77.6067336, 12.9467972 ], [ 77.606639, 12.9471216 ], [ 77.6062494, 12.9484574 ], [ 77.6062387, 12.9484939 ], [ 77.6061776, 12.9487028 ], [ 77.6060398, 12.9491737 ], [ 77.6059214, 12.9495566 ], [ 77.6058519, 12.9497097 ], [ 77.60582, 12.9498651 ] ] } },
{ "type": "Feature", "properties": { "full_id": "w1150874214", "osm_id": "1150874214", "osm_type": "way", "highway": "primary", "hazard": null, "psv": null, "name:en": null, "ref:old": null, "bridge": null, "sidewalk:right": null, "sidewalk:left": null, "dual_carriageway": null, "tunnel": null, "maxheight": null, "int_ref": null, "maxweight:signed": null, "sidewalk:left:surface": null, "lane_markings": null, "smoothness": null, "short_name": null, "junction": null, "loc_name": "17th Main Road", "year_of_construction": null, "start_date": null, "full_name": null, "foot": null, "bicycle": null, "wikipedia": null, "official_name": null, "alt_name": "100 Feet Road", "motorroad": null, "maxspeed": null, "layer": null, "embankment": null, "old_name": null, "name:etymology:wikidata": "Q7919473", "lit": null, "hgv": null, "surface": "asphalt", "sidewalk": "left", "oneway": "yes", "name:kn": "ಮಹಾಯೋಗಿ ವೇಮನ ರಸ್ತೆ", "name": "Mahayogi Vemana Road", "lanes": "2", "len": 149.492 }, "geometry": { "type": "LineString", "coordinates": [ [ 77.6226225, 12.9314922 ], [ 77.6225375, 12.9312742 ], [ 77.6221345, 12.9302411 ] ] } },
{ "type": "Feature", "properties": { "full_id": "w1150874215", "osm_id": "1150874215", "osm_type": "way", "highway": "primary", "hazard": null, "psv": null, "name:en": null, "ref:old": null, "bridge": null, "sidewalk:right": null, "sidewalk:left": null, "dual_carriageway": null, "tunnel": null, "maxheight": null, "int_ref": null, "maxweight:signed": null, "sidewalk:left:surface": null, "lane_markings": null, "smoothness": null, "short_name": null, "junction": null, "loc_name": "17th Main Road", "year_of_construction": null, "start_date": null, "full_name": null, "foot": null, "bicycle": null, "wikipedia": null, "official_name": null, "alt_name": "100 Feet Road", "motorroad": null, "maxspeed": null, "layer": null, "embankment": null, "old_name": null, "name:etymology:wikidata": "Q7919473", "lit": null, "hgv": null, "surface": "asphalt", "sidewalk": null, "oneway": "yes", "name:kn": "ಮಹಾಯೋಗಿ ವೇಮನ ರಸ್ತೆ", "name": "Mahayogi Vemana Road", "lanes": "2", "len": 144.707 }, "geometry": { "type": "LineString", "coordinates": [ [ 77.6220176, 12.9303327 ], [ 77.622256, 12.9309306 ], [ 77.6223941, 12.931277 ], [ 77.622498, 12.9315406 ] ] } },
{ "type": "Feature", "properties": { "full_id": "w1150883980", "osm_id": "1150883980", "osm_type": "way", "highway": "primary", "hazard": null, "psv": null, "name:en": null, "ref:old": null, "bridge": null, "sidewalk:right": null, "sidewalk:left": null, "dual_carriageway": null, "tunnel": null, "maxheight": null, "int_ref": null, "maxweight:signed": null, "sidewalk:left:surface": null, "lane_markings": null, "smoothness": "good", "short_name": null, "junction": null, "loc_name": null, "year_of_construction": null, "start_date": null, "full_name": null, "foot": null, "bicycle": null, "wikipedia": null, "official_name": null, "alt_name": null, "motorroad": null, "maxspeed": "60", "layer": null, "embankment": null, "old_name": null, "name:etymology:wikidata": "Q297967", "lit": null, "hgv": null, "surface": "concrete", "sidewalk": "separate", "oneway": "yes", "name:kn": "ಹೊಸೂರು ರಸ್ತೆ", "name": "Hosur Road", "lanes": "2", "len": 69.18 }, "geometry": { "type": "LineString", "coordinates": [ [ 77.6137504, 12.9316887 ], [ 77.6134708, 12.9322437 ] ] } },
{ "type": "Feature", "properties": { "full_id": "w1150883981", "osm_id": "1150883981", "osm_type": "way", "highway": "primary", "hazard": null, "psv": null, "name:en": null, "ref:old": null, "bridge": null, "sidewalk:right": null, "sidewalk:left": null, "dual_carriageway": null, "tunnel": null, "maxheight": null, "int_ref": null, "maxweight:signed": null, "sidewalk:left:surface": null, "lane_markings": null, "smoothness": "good", "short_name": null, "junction": null, "loc_name": null, "year_of_construction": null, "start_date": null, "full_name": null, "foot": null, "bicycle": null, "wikipedia": null, "official_name": null, "alt_name": null, "motorroad": null, "maxspeed": "60", "layer": null, "embankment": null, "old_name": null, "name:etymology:wikidata": "Q297967", "lit": null, "hgv": null, "surface": "concrete", "sidewalk": "separate", "oneway": "yes", "name:kn": "ಹೊಸೂರು ರಸ್ತೆ", "name": "Hosur Road", "lanes": "3", "len": 101.861 }, "geometry": { "type": "LineString", "coordinates": [ [ 77.6134413, 12.9324651 ], [ 77.6137122, 12.9319484 ], [ 77.6138662, 12.9316547 ] ] } },
{ "type": "Feature", "properties": { "full_id": "w1150895254", "osm_id": "1150895254", "osm_type": "way", "highway": "primary", "hazard": null, "psv": null, "name:en": null, "ref:old": null, "bridge": null, "sidewalk:right": null, "sidewalk:left": null, "dual_carriageway": "yes", "tunnel": null, "maxheight": null, "int_ref": null, "maxweight:signed": null, "sidewalk:left:surface": null, "lane_markings": null, "smoothness": "good", "short_name": null, "junction": null, "loc_name": null, "year_of_construction": null, "start_date": null, "full_name": null, "foot": null, "bicycle": null, "wikipedia": null, "official_name": null, "alt_name": null, "motorroad": null, "maxspeed": "60", "layer": null, "embankment": null, "old_name": null, "name:etymology:wikidata": "Q297967", "lit": null, "hgv": null, "surface": "concrete", "sidewalk": "left", "oneway": "yes", "name:kn": "ಹೊಸೂರು ರಸ್ತೆ", "name": "Hosur Road", "lanes": "3", "len": 80.686 }, "geometry": { "type": "LineString", "coordinates": [ [ 77.60743, 12.9448203 ], [ 77.6074632, 12.9447292 ], [ 77.6075208, 12.9445051 ], [ 77.607604, 12.9441815 ], [ 77.6076138, 12.9441452 ], [ 77.6076202, 12.9441213 ] ] } },
{ "type": "Feature", "properties": { "full_id": "w1150911345", "osm_id": "1150911345", "osm_type": "way", "highway": "primary", "hazard": null, "psv": null, "name:en": null, "ref:old": null, "bridge": null, "sidewalk:right": null, "sidewalk:left": null, "dual_carriageway": null, "tunnel": null, "maxheight": null, "int_ref": null, "maxweight:signed": null, "sidewalk:left:surface": null, "lane_markings": null, "smoothness": null, "short_name": null, "junction": null, "loc_name": null, "year_of_construction": "1997..2000", "start_date": "2000", "full_name": "Koramangala Inner Ring Road", "foot": null, "bicycle": null, "wikipedia": null, "official_name": null, "alt_name": "Koramangala Ring Road", "motorroad": null, "maxspeed": null, "layer": null, "embankment": null, "old_name": "Indiranagar Koramangala Ring Road", "name:etymology:wikidata": null, "lit": null, "hgv": null, "surface": "asphalt", "sidewalk": null, "oneway": "yes", "name:kn": "ಒಳ ವರ್ತುಲ ರಸ್ತೆ", "name": "Inner Ring Road", "lanes": "2", "len": 68.408 }, "geometry": { "type": "LineString", "coordinates": [ [ 77.632689, 12.9385725 ], [ 77.6331222, 12.9385691 ], [ 77.6333035, 12.9385672 ] ] } },
{ "type": "Feature", "properties": { "full_id": "w1150911346", "osm_id": "1150911346", "osm_type": "way", "highway": "primary", "hazard": null, "psv": null, "name:en": null, "ref:old": null, "bridge": null, "sidewalk:right": null, "sidewalk:left": null, "dual_carriageway": null, "tunnel": null, "maxheight": null, "int_ref": null, "maxweight:signed": null, "sidewalk:left:surface": null, "lane_markings": null, "smoothness": "intermediate", "short_name": null, "junction": null, "loc_name": null, "year_of_construction": "1997..2000", "start_date": "2000", "full_name": "Koramangala Inner Ring Road", "foot": null, "bicycle": null, "wikipedia": null, "official_name": null, "alt_name": "Koramangala Ring Road", "motorroad": null, "maxspeed": null, "layer": null, "embankment": null, "old_name": "Indiranagar Koramangala Ring Road", "name:etymology:wikidata": null, "lit": null, "hgv": null, "surface": "asphalt", "sidewalk": null, "oneway": "yes", "name:kn": "ಒಳ ವರ್ತುಲ ರಸ್ತೆ", "name": "Inner Ring Road", "lanes": "2", "len": 76.251 }, "geometry": { "type": "LineString", "coordinates": [ [ 77.6311049, 12.9385683 ], [ 77.6313323, 12.9385706 ], [ 77.6315238, 12.9385772 ], [ 77.6317897, 12.9385825 ] ] } },
{ "type": "Feature", "properties": { "full_id": "w1151709492", "osm_id": "1151709492", "osm_type": "way", "highway": "primary", "hazard": null, "psv": null, "name:en": null, "ref:old": null, "bridge": null, "sidewalk:right": null, "sidewalk:left": null, "dual_carriageway": null, "tunnel": null, "maxheight": null, "int_ref": null, "maxweight:signed": null, "sidewalk:left:surface": null, "lane_markings": null, "smoothness": null, "short_name": null, "junction": null, "loc_name": null, "year_of_construction": null, "start_date": null, "full_name": null, "foot": null, "bicycle": null, "wikipedia": null, "official_name": null, "alt_name": null, "motorroad": "no", "maxspeed": "50", "layer": null, "embankment": null, "old_name": null, "name:etymology:wikidata": "Q6712641", "lit": "yes", "hgv": null, "surface": "asphalt", "sidewalk": null, "oneway": "yes", "name:kn": "ಡಾ. ಮರಿಗೌಡ ರಸ್ತೆ", "name": "Dr. M H Marigowda Road", "lanes": "2", "len": 48.251 }, "geometry": { "type": "LineString", "coordinates": [ [ 77.5957037, 12.9458941 ], [ 77.596046, 12.9456927 ], [ 77.5960768, 12.9456735 ] ] } },
{ "type": "Feature", "properties": { "full_id": "w1153935757", "osm_id": "1153935757", "osm_type": "way", "highway": "primary", "hazard": null, "psv": null, "name:en": null, "ref:old": null, "bridge": null, "sidewalk:right": null, "sidewalk:left": null, "dual_carriageway": null, "tunnel": null, "maxheight": null, "int_ref": null, "maxweight:signed": null, "sidewalk:left:surface": null, "lane_markings": null, "smoothness": null, "short_name": null, "junction": null, "loc_name": null, "year_of_construction": null, "start_date": null, "full_name": null, "foot": null, "bicycle": null, "wikipedia": null, "official_name": null, "alt_name": null, "motorroad": "no", "maxspeed": "50", "layer": null, "embankment": null, "old_name": null, "name:etymology:wikidata": null, "lit": "yes", "hgv": null, "surface": "asphalt", "sidewalk": null, "oneway": "yes", "name:kn": null, "name": "Dairy Circle Flyover", "lanes": "2", "len": 11.64 }, "geometry": { "type": "LineString", "coordinates": [ [ 77.5989857, 12.9380115 ], [ 77.5990559, 12.937934 ] ] } },
{ "type": "Feature", "properties": { "full_id": "w1155064214", "osm_id": "1155064214", "osm_type": "way", "highway": "primary", "hazard": null, "psv": null, "name:en": null, "ref:old": null, "bridge": null, "sidewalk:right": null, "sidewalk:left": null, "dual_carriageway": null, "tunnel": null, "maxheight": null, "int_ref": null, "maxweight:signed": null, "sidewalk:left:surface": null, "lane_markings": null, "smoothness": null, "short_name": null, "junction": null, "loc_name": null, "year_of_construction": null, "start_date": null, "full_name": null, "foot": null, "bicycle": null, "wikipedia": null, "official_name": null, "alt_name": null, "motorroad": null, "maxspeed": null, "layer": null, "embankment": null, "old_name": null, "name:etymology:wikidata": "Q7424146", "lit": null, "hgv": null, "surface": "asphalt", "sidewalk": null, "oneway": "yes", "name:kn": "ಸರ್ಜಾಪುರ ರಸ್ತೆ", "name": "Sarjapura Road", "lanes": "2", "len": 133.378 }, "geometry": { "type": "LineString", "coordinates": [ [ 77.633657, 12.9248811 ], [ 77.6339922, 12.9249363 ], [ 77.634089, 12.9249494 ], [ 77.6341867, 12.9249656 ], [ 77.6348395, 12.9250739 ] ] } },
{ "type": "Feature", "properties": { "full_id": "w1159872649", "osm_id": "1159872649", "osm_type": "way", "highway": "primary", "hazard": null, "psv": null, "name:en": null, "ref:old": null, "bridge": null, "sidewalk:right": null, "sidewalk:left": null, "dual_carriageway": null, "tunnel": null, "maxheight": null, "int_ref": null, "maxweight:signed": null, "sidewalk:left:surface": null, "lane_markings": null, "smoothness": null, "short_name": null, "junction": null, "loc_name": "17th Main Road", "year_of_construction": null, "start_date": null, "full_name": null, "foot": null, "bicycle": null, "wikipedia": null, "official_name": null, "alt_name": "100 Feet Road", "motorroad": null, "maxspeed": null, "layer": null, "embankment": null, "old_name": null, "name:etymology:wikidata": "Q7919473", "lit": null, "hgv": null, "surface": "asphalt", "sidewalk": null, "oneway": "yes", "name:kn": "ಮಹಾಯೋಗಿ ವೇಮನ ರಸ್ತೆ", "name": "Mahayogi Vemana Road", "lanes": "2", "len": 462.682 }, "geometry": { "type": "LineString", "coordinates": [ [ 77.6244413, 12.9351903 ], [ 77.6241666, 12.9349264 ], [ 77.6239316, 12.9345998 ], [ 77.6238935, 12.9345169 ], [ 77.6233943, 12.9334225 ], [ 77.6231011, 12.9327112 ], [ 77.6226225, 12.9314922 ] ] } },
{ "type": "Feature", "properties": { "full_id": "w1159872651", "osm_id": "1159872651", "osm_type": "way", "highway": "primary", "hazard": null, "psv": null, "name:en": null, "ref:old": null, "bridge": null, "sidewalk:right": null, "sidewalk:left": null, "dual_carriageway": null, "tunnel": null, "maxheight": null, "int_ref": null, "maxweight:signed": null, "sidewalk:left:surface": null, "lane_markings": null, "smoothness": "good", "short_name": null, "junction": null, "loc_name": "17th Main Road", "year_of_construction": null, "start_date": null, "full_name": null, "foot": null, "bicycle": null, "wikipedia": null, "official_name": null, "alt_name": "100 Feet Road", "motorroad": null, "maxspeed": null, "layer": null, "embankment": null, "old_name": null, "name:etymology:wikidata": "Q7919473", "lit": null, "hgv": null, "surface": "asphalt", "sidewalk": null, "oneway": "yes", "name:kn": "ಮಹಾಯೋಗಿ ವೇಮನ ರಸ್ತೆ", "name": "Mahayogi Vemana Road", "lanes": "2", "len": 201.63 }, "geometry": { "type": "LineString", "coordinates": [ [ 77.6254105, 12.9361127 ], [ 77.6268138, 12.9372333 ], [ 77.6268259, 12.9372429 ] ] } },
{ "type": "Feature", "properties": { "full_id": "w1166327334", "osm_id": "1166327334", "osm_type": "way", "highway": "primary", "hazard": null, "psv": null, "name:en": null, "ref:old": null, "bridge": null, "sidewalk:right": null, "sidewalk:left": null, "dual_carriageway": null, "tunnel": null, "maxheight": null, "int_ref": null, "maxweight:signed": null, "sidewalk:left:surface": null, "lane_markings": null, "smoothness": "intermediate", "short_name": null, "junction": null, "loc_name": null, "year_of_construction": null, "start_date": null, "full_name": null, "foot": null, "bicycle": null, "wikipedia": null, "official_name": null, "alt_name": null, "motorroad": null, "maxspeed": null, "layer": null, "embankment": null, "old_name": null, "name:etymology:wikidata": null, "lit": null, "hgv": null, "surface": null, "sidewalk": null, "oneway": "yes", "name:kn": "ಬನ್ನೇರುಘಟ್ಟ ರಸ್ತೆ", "name": "Bannerghatta Road", "lanes": null, "len": 25.085 }, "geometry": { "type": "LineString", "coordinates": [ [ 77.6015531, 12.9370323 ], [ 77.6016078, 12.9372509 ] ] } },
{ "type": "Feature", "properties": { "full_id": "w1222891456", "osm_id": "1222891456", "osm_type": "way", "highway": "primary", "hazard": null, "psv": null, "name:en": null, "ref:old": null, "bridge": null, "sidewalk:right": null, "sidewalk:left": null, "dual_carriageway": null, "tunnel": null, "maxheight": null, "int_ref": null, "maxweight:signed": null, "sidewalk:left:surface": null, "lane_markings": null, "smoothness": null, "short_name": "K. H. Circle", "junction": "roundabout", "loc_name": null, "year_of_construction": null, "start_date": null, "full_name": null, "foot": null, "bicycle": null, "wikipedia": null, "official_name": null, "alt_name": "Lalbhag Circle", "motorroad": "no", "maxspeed": null, "layer": null, "embankment": null, "old_name": null, "name:etymology:wikidata": "Q6389169", "lit": null, "hgv": null, "surface": "asphalt", "sidewalk": "separate", "oneway": null, "name:kn": "ಕೆಂಗಲ್ ಹನುಮಂತಯ್ಯ ವೃತ್ತ", "name": "Kengal Hanumanthaiah Circle", "lanes": null, "len": 8.266 }, "geometry": { "type": "LineString", "coordinates": [ [ 77.5906889, 12.9515344 ], [ 77.5906659, 12.9514638 ] ] } },
{ "type": "Feature", "properties": { "full_id": "w1246426788", "osm_id": "1246426788", "osm_type": "way", "highway": "primary", "hazard": null, "psv": null, "name:en": null, "ref:old": null, "bridge": null, "sidewalk:right": null, "sidewalk:left": null, "dual_carriageway": null, "tunnel": null, "maxheight": null, "int_ref": null, "maxweight:signed": null, "sidewalk:left:surface": null, "lane_markings": null, "smoothness": null, "short_name": null, "junction": null, "loc_name": null, "year_of_construction": null, "start_date": null, "full_name": null, "foot": null, "bicycle": null, "wikipedia": null, "official_name": null, "alt_name": null, "motorroad": null, "maxspeed": null, "layer": null, "embankment": null, "old_name": null, "name:etymology:wikidata": "Q7424146", "lit": null, "hgv": null, "surface": "asphalt", "sidewalk": null, "oneway": "yes", "name:kn": "ಸರ್ಜಪುರ ರಸ್ತೆ", "name": "Sarjapur Road", "lanes": "3", "len": 228.343 }, "geometry": { "type": "LineString", "coordinates": [ [ 77.6391844, 12.9241332 ], [ 77.638604, 12.9243521 ], [ 77.6384252, 12.9244592 ], [ 77.6383216, 12.9245212 ], [ 77.6381124, 12.9246584 ], [ 77.6379823, 12.9247557 ], [ 77.6379409, 12.9247783 ], [ 77.6377274, 12.9248952 ], [ 77.6375786, 12.924974 ], [ 77.6373698, 12.9250709 ] ] } },
{ "type": "Feature", "properties": { "full_id": "w1246426789", "osm_id": "1246426789", "osm_type": "way", "highway": "primary", "hazard": null, "psv": null, "name:en": null, "ref:old": null, "bridge": null, "sidewalk:right": null, "sidewalk:left": null, "dual_carriageway": null, "tunnel": null, "maxheight": null, "int_ref": null, "maxweight:signed": null, "sidewalk:left:surface": null, "lane_markings": null, "smoothness": null, "short_name": null, "junction": null, "loc_name": null, "year_of_construction": null, "start_date": null, "full_name": null, "foot": null, "bicycle": null, "wikipedia": null, "official_name": null, "alt_name": null, "motorroad": null, "maxspeed": null, "layer": null, "embankment": null, "old_name": null, "name:etymology:wikidata": "Q7424146", "lit": null, "hgv": null, "surface": "asphalt", "sidewalk": null, "oneway": "yes", "name:kn": "ಸರ್ಜಾಪುರ ರಸ್ತೆ", "name": "Sarjapur Road", "lanes": "2", "len": 227.883 }, "geometry": { "type": "LineString", "coordinates": [ [ 77.6373952, 12.925166 ], [ 77.6377334, 12.9249877 ], [ 77.6380222, 12.9248118 ], [ 77.6382135, 12.9246913 ], [ 77.6383732, 12.9245866 ], [ 77.6386112, 12.9244338 ], [ 77.6389482, 12.924298 ], [ 77.6391957, 12.9242078 ] ] } },
{ "type": "Feature", "properties": { "full_id": "w1259589332", "osm_id": "1259589332", "osm_type": "way", "highway": "primary", "hazard": null, "psv": null, "name:en": null, "ref:old": null, "bridge": null, "sidewalk:right": null, "sidewalk:left": null, "dual_carriageway": null, "tunnel": null, "maxheight": null, "int_ref": null, "maxweight:signed": null, "sidewalk:left:surface": null, "lane_markings": null, "smoothness": null, "short_name": null, "junction": null, "loc_name": null, "year_of_construction": null, "start_date": null, "full_name": null, "foot": null, "bicycle": null, "wikipedia": null, "official_name": null, "alt_name": null, "motorroad": "no", "maxspeed": null, "layer": null, "embankment": null, "old_name": null, "name:etymology:wikidata": null, "lit": "yes", "hgv": null, "surface": "asphalt", "sidewalk": null, "oneway": "yes", "name:kn": "ಲಾಲ್‌ಬಾಗ್‌ ಕೋಟೆ ರಸ್ತೆ", "name": "Lalbagh Fort Road", "lanes": "2", "len": 31.07 }, "geometry": { "type": "LineString", "coordinates": [ [ 77.5933841, 12.948809 ], [ 77.5933165, 12.9490798 ] ] } },
{ "type": "Feature", "properties": { "full_id": "w1259660749", "osm_id": "1259660749", "osm_type": "way", "highway": "primary", "hazard": null, "psv": null, "name:en": null, "ref:old": null, "bridge": null, "sidewalk:right": null, "sidewalk:left": null, "dual_carriageway": null, "tunnel": null, "maxheight": null, "int_ref": null, "maxweight:signed": null, "sidewalk:left:surface": null, "lane_markings": null, "smoothness": "good", "short_name": null, "junction": null, "loc_name": null, "year_of_construction": null, "start_date": null, "full_name": null, "foot": null, "bicycle": null, "wikipedia": null, "official_name": null, "alt_name": null, "motorroad": null, "maxspeed": "60", "layer": null, "embankment": null, "old_name": null, "name:etymology:wikidata": "Q297967", "lit": "yes", "hgv": null, "surface": "concrete", "sidewalk": "left", "oneway": "yes", "name:kn": "ಹೊಸೂರು ರಸ್ತೆ", "name": "Hosur Road", "lanes": "2", "len": 21.185 }, "geometry": { "type": "LineString", "coordinates": [ [ 77.61384, 12.9315208 ], [ 77.6137504, 12.9316887 ] ] } },
{ "type": "Feature", "properties": { "full_id": "w1271765831", "osm_id": "1271765831", "osm_type": "way", "highway": "primary", "hazard": null, "psv": null, "name:en": null, "ref:old": null, "bridge": null, "sidewalk:right": null, "sidewalk:left": "yes", "dual_carriageway": null, "tunnel": null, "maxheight": null, "int_ref": null, "maxweight:signed": null, "sidewalk:left:surface": "paving_stones", "lane_markings": "no", "smoothness": null, "short_name": null, "junction": null, "loc_name": null, "year_of_construction": null, "start_date": null, "full_name": null, "foot": null, "bicycle": null, "wikipedia": null, "official_name": null, "alt_name": null, "motorroad": null, "maxspeed": null, "layer": null, "embankment": null, "old_name": null, "name:etymology:wikidata": null, "lit": "yes", "hgv": null, "surface": "concrete", "sidewalk": null, "oneway": "yes", "name:kn": "ಮಡಿವಾಳ ಸರ್ಜಾಪುರ ರಸ್ತೆ", "name": "Madiwala Sarjapura Road", "lanes": null, "len": 12.398 }, "geometry": { "type": "LineString", "coordinates": [ [ 77.6287288, 12.9241909 ], [ 77.628792, 12.9242826 ] ] } },
{ "type": "Feature", "properties": { "full_id": "w1271765832", "osm_id": "1271765832", "osm_type": "way", "highway": "primary", "hazard": null, "psv": null, "name:en": null, "ref:old": null, "bridge": null, "sidewalk:right": null, "sidewalk:left": null, "dual_carriageway": null, "tunnel": null, "maxheight": null, "int_ref": null, "maxweight:signed": null, "sidewalk:left:surface": null, "lane_markings": null, "smoothness": null, "short_name": null, "junction": null, "loc_name": null, "year_of_construction": null, "start_date": null, "full_name": null, "foot": null, "bicycle": null, "wikipedia": null, "official_name": null, "alt_name": null, "motorroad": null, "maxspeed": null, "layer": null, "embankment": null, "old_name": null, "name:etymology:wikidata": "Q7424146", "lit": "yes", "hgv": null, "surface": "asphalt", "sidewalk": null, "oneway": "yes", "name:kn": "ಸರ್ಜಾಪುರ ರಸ್ತೆ", "name": "Sarjapura Road", "lanes": "2", "len": 15.831 }, "geometry": { "type": "LineString", "coordinates": [ [ 77.6288623, 12.9241419 ], [ 77.6287288, 12.9241909 ] ] } },
{ "type": "Feature", "properties": { "full_id": "w1290479888", "osm_id": "1290479888", "osm_type": "way", "highway": "primary", "hazard": null, "psv": null, "name:en": null, "ref:old": null, "bridge": null, "sidewalk:right": null, "sidewalk:left": null, "dual_carriageway": null, "tunnel": null, "maxheight": "5.5", "int_ref": null, "maxweight:signed": null, "sidewalk:left:surface": null, "lane_markings": null, "smoothness": null, "short_name": null, "junction": null, "loc_name": null, "year_of_construction": null, "start_date": null, "full_name": null, "foot": null, "bicycle": null, "wikipedia": null, "official_name": null, "alt_name": null, "motorroad": null, "maxspeed": null, "layer": null, "embankment": null, "old_name": null, "name:etymology:wikidata": "Q7424146", "lit": "yes", "hgv": null, "surface": "asphalt", "sidewalk": null, "oneway": "yes", "name:kn": "ಸರ್ಜಾಪುರ ರಸ್ತೆ", "name": "Sarjapura Road", "lanes": "3", "len": 222.493 }, "geometry": { "type": "LineString", "coordinates": [ [ 77.618962, 12.9283525 ], [ 77.620768, 12.9276546 ], [ 77.6207932, 12.9276451 ], [ 77.6208265, 12.9276325 ] ] } },
{ "type": "Feature", "properties": { "full_id": "w1298944071", "osm_id": "1298944071", "osm_type": "way", "highway": "primary", "hazard": null, "psv": null, "name:en": null, "ref:old": null, "bridge": null, "sidewalk:right": null, "sidewalk:left": null, "dual_carriageway": null, "tunnel": null, "maxheight": null, "int_ref": null, "maxweight:signed": null, "sidewalk:left:surface": null, "lane_markings": null, "smoothness": null, "short_name": null, "junction": null, "loc_name": null, "year_of_construction": null, "start_date": null, "full_name": null, "foot": null, "bicycle": null, "wikipedia": null, "official_name": null, "alt_name": null, "motorroad": null, "maxspeed": null, "layer": null, "embankment": null, "old_name": null, "name:etymology:wikidata": "Q7424146", "lit": null, "hgv": null, "surface": "asphalt", "sidewalk": null, "oneway": "yes", "name:kn": "ಸರ್ಜಪುರ ರಸ್ತೆ", "name": "Sarjapura Road", "lanes": "2", "len": 54.732 }, "geometry": { "type": "LineString", "coordinates": [ [ 77.6348395, 12.9250739 ], [ 77.6353253, 12.9251496 ] ] } },
{ "type": "Feature", "properties": { "full_id": "w1298944072", "osm_id": "1298944072", "osm_type": "way", "highway": "primary", "hazard": null, "psv": null, "name:en": null, "ref:old": null, "bridge": null, "sidewalk:right": null, "sidewalk:left": null, "dual_carriageway": null, "tunnel": null, "maxheight": null, "int_ref": null, "maxweight:signed": null, "sidewalk:left:surface": null, "lane_markings": null, "smoothness": null, "short_name": null, "junction": null, "loc_name": null, "year_of_construction": null, "start_date": null, "full_name": null, "foot": null, "bicycle": null, "wikipedia": null, "official_name": null, "alt_name": null, "motorroad": null, "maxspeed": null, "layer": null, "embankment": null, "old_name": null, "name:etymology:wikidata": "Q7424146", "lit": null, "hgv": null, "surface": "asphalt", "sidewalk": null, "oneway": "yes", "name:kn": "ಸರ್ಜಾಪುರ ರಸ್ತೆ", "name": "Sarjapura Road", "lanes": "3", "len": 112.876 }, "geometry": { "type": "LineString", "coordinates": [ [ 77.6350856, 12.9249774 ], [ 77.634244, 12.9248491 ], [ 77.6342272, 12.9248465 ], [ 77.6342055, 12.9248432 ], [ 77.6340832, 12.9248246 ] ] } },
{ "type": "Feature", "properties": { "full_id": "w1298979615", "osm_id": "1298979615", "osm_type": "way", "highway": "primary", "hazard": null, "psv": null, "name:en": null, "ref:old": null, "bridge": null, "sidewalk:right": null, "sidewalk:left": null, "dual_carriageway": null, "tunnel": null, "maxheight": null, "int_ref": null, "maxweight:signed": null, "sidewalk:left:surface": null, "lane_markings": null, "smoothness": null, "short_name": null, "junction": null, "loc_name": null, "year_of_construction": null, "start_date": null, "full_name": null, "foot": null, "bicycle": null, "wikipedia": null, "official_name": null, "alt_name": "Christ College Road", "motorroad": "no", "maxspeed": "50", "layer": null, "embankment": null, "old_name": null, "name:etymology:wikidata": "Q6712641", "lit": "yes", "hgv": null, "surface": "concrete", "sidewalk": "separate", "oneway": "yes", "name:kn": "ಡಾ ಮರಿಗೌಡ ರಸ್ತೆ", "name": "Dr. M H Marigowda Road", "lanes": "2", "len": 84.984 }, "geometry": { "type": "LineString", "coordinates": [ [ 77.6040149, 12.9368446 ], [ 77.6042462, 12.9368137 ], [ 77.6047696, 12.9367299 ] ] } },
{ "type": "Feature", "properties": { "full_id": "w1302194006", "osm_id": "1302194006", "osm_type": "way", "highway": "primary", "hazard": null, "psv": null, "name:en": null, "ref:old": null, "bridge": null, "sidewalk:right": null, "sidewalk:left": null, "dual_carriageway": null, "tunnel": null, "maxheight": null, "int_ref": null, "maxweight:signed": null, "sidewalk:left:surface": null, "lane_markings": null, "smoothness": null, "short_name": null, "junction": null, "loc_name": "17th Main Road", "year_of_construction": null, "start_date": null, "full_name": null, "foot": null, "bicycle": null, "wikipedia": null, "official_name": null, "alt_name": "100 Feet Road", "motorroad": null, "maxspeed": null, "layer": null, "embankment": null, "old_name": null, "name:etymology:wikidata": "Q7919473", "lit": null, "hgv": null, "surface": "asphalt", "sidewalk": null, "oneway": "yes", "name:kn": "ಮಹಾಯೋಗಿ ವೇಮನ ರಸ್ತೆ", "name": "Mahayogi Vemana Road", "lanes": "2", "len": 151.028 }, "geometry": { "type": "LineString", "coordinates": [ [ 77.6243708, 12.9352411 ], [ 77.6254105, 12.9361127 ] ] } },
{ "type": "Feature", "properties": { "full_id": "w1302194007", "osm_id": "1302194007", "osm_type": "way", "highway": "primary", "hazard": null, "psv": null, "name:en": null, "ref:old": null, "bridge": null, "sidewalk:right": null, "sidewalk:left": null, "dual_carriageway": null, "tunnel": null, "maxheight": null, "int_ref": null, "maxweight:signed": null, "sidewalk:left:surface": null, "lane_markings": null, "smoothness": null, "short_name": null, "junction": null, "loc_name": "17th Main Road", "year_of_construction": null, "start_date": null, "full_name": null, "foot": null, "bicycle": null, "wikipedia": null, "official_name": null, "alt_name": "100 Feet Road", "motorroad": null, "maxspeed": null, "layer": null, "embankment": null, "old_name": null, "name:etymology:wikidata": "Q7919473", "lit": null, "hgv": null, "surface": "asphalt", "sidewalk": null, "oneway": "yes", "name:kn": "ಮಹಾಯೋಗಿ ವೇಮನ ರಸ್ತೆ", "name": "Mahayogi Vemana Road", "lanes": "2", "len": 157.943 }, "geometry": { "type": "LineString", "coordinates": [ [ 77.6255428, 12.9360846 ], [ 77.6244413, 12.9351903 ] ] } },
{ "type": "Feature", "properties": { "full_id": "w1306891850", "osm_id": "1306891850", "osm_type": "way", "highway": "primary", "hazard": null, "psv": null, "name:en": null, "ref:old": null, "bridge": null, "sidewalk:right": null, "sidewalk:left": null, "dual_carriageway": null, "tunnel": null, "maxheight": null, "int_ref": null, "maxweight:signed": null, "sidewalk:left:surface": null, "lane_markings": null, "smoothness": "good", "short_name": null, "junction": null, "loc_name": null, "year_of_construction": null, "start_date": null, "full_name": null, "foot": null, "bicycle": null, "wikipedia": null, "official_name": null, "alt_name": null, "motorroad": null, "maxspeed": "60", "layer": null, "embankment": null, "old_name": null, "name:etymology:wikidata": "Q297967", "lit": null, "hgv": null, "surface": "asphalt", "sidewalk": "no", "oneway": "yes", "name:kn": "ಹೊಸೂರು ರಸ್ತೆ", "name": "Hosur Road", "lanes": "2", "len": 90.572 }, "geometry": { "type": "LineString", "coordinates": [ [ 77.6057426, 12.9501192 ], [ 77.6057152, 12.95019 ], [ 77.6056013, 12.9504474 ], [ 77.6055594, 12.9505764 ], [ 77.605516, 12.95071 ], [ 77.6054956, 12.9507728 ], [ 77.6054639, 12.9508824 ] ] } },
{ "type": "Feature", "properties": { "full_id": "w1307247737", "osm_id": "1307247737", "osm_type": "way", "highway": "primary", "hazard": null, "psv": null, "name:en": null, "ref:old": null, "bridge": null, "sidewalk:right": null, "sidewalk:left": null, "dual_carriageway": "yes", "tunnel": null, "maxheight": null, "int_ref": null, "maxweight:signed": null, "sidewalk:left:surface": null, "lane_markings": null, "smoothness": "good", "short_name": null, "junction": null, "loc_name": null, "year_of_construction": null, "start_date": null, "full_name": null, "foot": null, "bicycle": null, "wikipedia": null, "official_name": null, "alt_name": null, "motorroad": null, "maxspeed": "60", "layer": null, "embankment": null, "old_name": null, "name:etymology:wikidata": "Q297967", "lit": null, "hgv": null, "surface": "concrete", "sidewalk": "left", "oneway": "yes", "name:kn": "ಹೊಸೂರು ರಸ್ತೆ", "name": "Hosur Road", "lanes": "3", "len": 1188.081 }, "geometry": { "type": "LineString", "coordinates": [ [ 77.6076548, 12.9440003 ], [ 77.6076782, 12.9439217 ], [ 77.6077356, 12.943729 ], [ 77.6078802, 12.9432486 ], [ 77.607935, 12.943057 ], [ 77.6080333, 12.9427169 ], [ 77.6080874, 12.9425609 ], [ 77.6081392, 12.9424117 ], [ 77.6082002, 12.9422744 ], [ 77.608325, 12.9419843 ], [ 77.6087485, 12.9411862 ], [ 77.6094326, 12.9398973 ], [ 77.6098663, 12.9390803 ], [ 77.6100247, 12.9387817 ], [ 77.6102549, 12.9383763 ], [ 77.6103051, 12.9382798 ], [ 77.6110193, 12.9369075 ], [ 77.6115788, 12.935902 ], [ 77.6116722, 12.9357187 ], [ 77.6121062, 12.9349284 ], [ 77.6123203, 12.9345385 ], [ 77.6123292, 12.9345224 ], [ 77.6123417, 12.9344997 ], [ 77.6123658, 12.9344551 ] ] } },
{ "type": "Feature", "properties": { "full_id": "w1307247738", "osm_id": "1307247738", "osm_type": "way", "highway": "primary", "hazard": null, "psv": null, "name:en": null, "ref:old": null, "bridge": null, "sidewalk:right": null, "sidewalk:left": null, "dual_carriageway": null, "tunnel": null, "maxheight": null, "int_ref": null, "maxweight:signed": null, "sidewalk:left:surface": null, "lane_markings": null, "smoothness": "good", "short_name": null, "junction": null, "loc_name": null, "year_of_construction": null, "start_date": null, "full_name": null, "foot": null, "bicycle": null, "wikipedia": null, "official_name": null, "alt_name": null, "motorroad": null, "maxspeed": "60", "layer": null, "embankment": null, "old_name": null, "name:etymology:wikidata": "Q297967", "lit": null, "hgv": null, "surface": "concrete", "sidewalk": "left", "oneway": "yes", "name:kn": "ಹೊಸೂರು ರಸ್ತೆ", "name": "Hosur Road", "lanes": "3", "len": 5.295 }, "geometry": { "type": "LineString", "coordinates": [ [ 77.6076406, 12.9440457 ], [ 77.6076548, 12.9440003 ] ] } },
{ "type": "Feature", "properties": { "full_id": "w1307648280", "osm_id": "1307648280", "osm_type": "way", "highway": "primary", "hazard": null, "psv": null, "name:en": null, "ref:old": null, "bridge": null, "sidewalk:right": null, "sidewalk:left": null, "dual_carriageway": "yes", "tunnel": null, "maxheight": null, "int_ref": null, "maxweight:signed": null, "sidewalk:left:surface": null, "lane_markings": null, "smoothness": "good", "short_name": null, "junction": null, "loc_name": null, "year_of_construction": null, "start_date": null, "full_name": null, "foot": null, "bicycle": null, "wikipedia": null, "official_name": null, "alt_name": null, "motorroad": null, "maxspeed": "60", "layer": null, "embankment": null, "old_name": null, "name:etymology:wikidata": "Q297967", "lit": null, "hgv": null, "surface": "concrete", "sidewalk": "left", "oneway": "yes", "name:kn": "ಹೊಸೂರು ರಸ್ತೆ", "name": "Hosur Road", "lanes": "2", "len": 168.867 }, "geometry": { "type": "LineString", "coordinates": [ [ 77.607995, 12.9425491 ], [ 77.607875, 12.9429515 ], [ 77.6075973, 12.943891 ], [ 77.6075938, 12.9439049 ], [ 77.6075686, 12.9440048 ] ] } },
{ "type": "Feature", "properties": { "full_id": "w1311812959", "osm_id": "1311812959", "osm_type": "way", "highway": "primary", "hazard": "school_zone", "psv": null, "name:en": null, "ref:old": null, "bridge": null, "sidewalk:right": null, "sidewalk:left": null, "dual_carriageway": null, "tunnel": null, "maxheight": null, "int_ref": null, "maxweight:signed": null, "sidewalk:left:surface": null, "lane_markings": null, "smoothness": null, "short_name": null, "junction": null, "loc_name": null, "year_of_construction": null, "start_date": null, "full_name": null, "foot": null, "bicycle": null, "wikipedia": null, "official_name": null, "alt_name": null, "motorroad": null, "maxspeed": "25", "layer": null, "embankment": null, "old_name": null, "name:etymology:wikidata": "Q7424146", "lit": "yes", "hgv": null, "surface": "asphalt", "sidewalk": null, "oneway": "yes", "name:kn": "ಸರ್ಜಾಪುರ ರಸ್ತೆ", "name": "Sarjapura Road", "lanes": "3", "len": 78.603 }, "geometry": { "type": "LineString", "coordinates": [ [ 77.6282515, 12.924503 ], [ 77.6284461, 12.9244249 ], [ 77.62847, 12.9244175 ], [ 77.628792, 12.9242826 ], [ 77.6289059, 12.9242381 ] ] } },
{ "type": "Feature", "properties": { "full_id": "w1314361330", "osm_id": "1314361330", "osm_type": "way", "highway": "primary", "hazard": null, "psv": null, "name:en": null, "ref:old": null, "bridge": null, "sidewalk:right": null, "sidewalk:left": null, "dual_carriageway": null, "tunnel": null, "maxheight": null, "int_ref": null, "maxweight:signed": null, "sidewalk:left:surface": null, "lane_markings": null, "smoothness": null, "short_name": null, "junction": null, "loc_name": null, "year_of_construction": null, "start_date": null, "full_name": null, "foot": "no", "bicycle": null, "wikipedia": null, "official_name": null, "alt_name": null, "motorroad": "no", "maxspeed": "50", "layer": null, "embankment": null, "old_name": null, "name:etymology:wikidata": "Q6712641", "lit": "yes", "hgv": null, "surface": "concrete", "sidewalk": "no", "oneway": "yes", "name:kn": "ಡಾ ಮರಿಗೌಡ ರಸ್ತೆ", "name": "Dr. M H Marigowda Road", "lanes": "2", "len": 46.86 }, "geometry": { "type": "LineString", "coordinates": [ [ 77.6035974, 12.9368984 ], [ 77.6040149, 12.9368446 ] ] } },
{ "type": "Feature", "properties": { "full_id": "w1314361331", "osm_id": "1314361331", "osm_type": "way", "highway": "primary", "hazard": null, "psv": null, "name:en": null, "ref:old": null, "bridge": null, "sidewalk:right": null, "sidewalk:left": null, "dual_carriageway": null, "tunnel": null, "maxheight": null, "int_ref": null, "maxweight:signed": null, "sidewalk:left:surface": null, "lane_markings": null, "smoothness": null, "short_name": null, "junction": null, "loc_name": null, "year_of_construction": null, "start_date": null, "full_name": null, "foot": "no", "bicycle": null, "wikipedia": null, "official_name": null, "alt_name": null, "motorroad": "no", "maxspeed": "50", "layer": null, "embankment": null, "old_name": null, "name:etymology:wikidata": null, "lit": "yes", "hgv": null, "surface": "asphalt", "sidewalk": "no", "oneway": "yes", "name:kn": null, "name": "Dairy Circle Flyover", "lanes": "2", "len": 22.077 }, "geometry": { "type": "LineString", "coordinates": [ [ 77.6034007, 12.9369237 ], [ 77.6035974, 12.9368984 ] ] } },
{ "type": "Feature", "properties": { "full_id": "w1314361332", "osm_id": "1314361332", "osm_type": "way", "highway": "primary", "hazard": null, "psv": null, "name:en": null, "ref:old": null, "bridge": null, "sidewalk:right": null, "sidewalk:left": null, "dual_carriageway": null, "tunnel": null, "maxheight": null, "int_ref": null, "maxweight:signed": null, "sidewalk:left:surface": null, "lane_markings": null, "smoothness": null, "short_name": null, "junction": null, "loc_name": null, "year_of_construction": null, "start_date": null, "full_name": null, "foot": "no", "bicycle": null, "wikipedia": null, "official_name": null, "alt_name": null, "motorroad": "no", "maxspeed": "50", "layer": null, "embankment": null, "old_name": null, "name:etymology:wikidata": null, "lit": "yes", "hgv": null, "surface": "asphalt", "sidewalk": "no", "oneway": "yes", "name:kn": null, "name": "Dairy Circle Flyover", "lanes": "2", "len": 19.713 }, "geometry": { "type": "LineString", "coordinates": [ [ 77.603588, 12.9368301 ], [ 77.6034127, 12.9368552 ] ] } },
{ "type": "Feature", "properties": { "full_id": "w1314670271", "osm_id": "1314670271", "osm_type": "way", "highway": "primary", "hazard": null, "psv": null, "name:en": null, "ref:old": null, "bridge": null, "sidewalk:right": null, "sidewalk:left": null, "dual_carriageway": null, "tunnel": null, "maxheight": null, "int_ref": null, "maxweight:signed": null, "sidewalk:left:surface": null, "lane_markings": null, "smoothness": null, "short_name": null, "junction": null, "loc_name": null, "year_of_construction": null, "start_date": null, "full_name": null, "foot": null, "bicycle": null, "wikipedia": null, "official_name": null, "alt_name": null, "motorroad": "no", "maxspeed": "50", "layer": null, "embankment": null, "old_name": null, "name:etymology:wikidata": "Q6712641", "lit": "yes", "hgv": null, "surface": "asphalt", "sidewalk": null, "oneway": "yes", "name:kn": "ಡಾ. ಮರಿಗೌಡ ರಸ್ತೆ", "name": "Dr. M H Marigowda Road", "lanes": "2", "len": 626.958 }, "geometry": { "type": "LineString", "coordinates": [ [ 77.5973115, 12.9432169 ], [ 77.5973398, 12.9430233 ], [ 77.5974246, 12.9423788 ], [ 77.597477, 12.9417572 ], [ 77.5976671, 12.9401197 ], [ 77.5976838, 12.9400265 ], [ 77.5976962, 12.9399597 ], [ 77.597742, 12.9398042 ], [ 77.5980384, 12.9392723 ], [ 77.5984717, 12.9386095 ], [ 77.5989857, 12.9380115 ] ] } },
{ "type": "Feature", "properties": { "full_id": "w1318033032", "osm_id": "1318033032", "osm_type": "way", "highway": "primary", "hazard": null, "psv": null, "name:en": null, "ref:old": null, "bridge": null, "sidewalk:right": null, "sidewalk:left": null, "dual_carriageway": "yes", "tunnel": null, "maxheight": "5.5", "int_ref": null, "maxweight:signed": null, "sidewalk:left:surface": null, "lane_markings": null, "smoothness": null, "short_name": null, "junction": null, "loc_name": null, "year_of_construction": null, "start_date": null, "full_name": null, "foot": null, "bicycle": null, "wikipedia": null, "official_name": null, "alt_name": "Christ College Road", "motorroad": "no", "maxspeed": "50", "layer": null, "embankment": null, "old_name": null, "name:etymology:wikidata": "Q6712641", "lit": "yes", "hgv": null, "surface": null, "sidewalk": "separate", "oneway": "yes", "name:kn": "ಡಾ ಮರಿಗೌಡ ರಸ್ತೆ", "name": "Dr. M H Marigowda Road", "lanes": "2", "len": 724.539 }, "geometry": { "type": "LineString", "coordinates": [ [ 77.6096396, 12.9347563 ], [ 77.6086458, 12.9354069 ], [ 77.6078349, 12.9358806 ], [ 77.6075136, 12.9360506 ], [ 77.6073914, 12.9360965 ], [ 77.6071456, 12.9361888 ], [ 77.6067688, 12.9363329 ], [ 77.606663, 12.9363638 ], [ 77.6066237, 12.9363753 ], [ 77.606522, 12.9364037 ], [ 77.6064135, 12.9364211 ], [ 77.60625, 12.9364474 ], [ 77.6062239, 12.9364516 ], [ 77.6061623, 12.9364596 ], [ 77.6058203, 12.9365038 ], [ 77.6057517, 12.9365128 ], [ 77.6056798, 12.9365221 ], [ 77.6050024, 12.9366206 ], [ 77.603588, 12.9368301 ] ] } },
{ "type": "Feature", "properties": { "full_id": "w1335879545", "osm_id": "1335879545", "osm_type": "way", "highway": "primary", "hazard": null, "psv": null, "name:en": null, "ref:old": null, "bridge": null, "sidewalk:right": null, "sidewalk:left": null, "dual_carriageway": null, "tunnel": null, "maxheight": null, "int_ref": null, "maxweight:signed": null, "sidewalk:left:surface": null, "lane_markings": null, "smoothness": null, "short_name": null, "junction": null, "loc_name": null, "year_of_construction": "1997..2000", "start_date": "2000", "full_name": "Koramangala Inner Ring Road", "foot": null, "bicycle": null, "wikipedia": null, "official_name": null, "alt_name": "Koramangala Ring Road", "motorroad": null, "maxspeed": null, "layer": null, "embankment": null, "old_name": "Indiranagar Koramangala Ring Road", "name:etymology:wikidata": null, "lit": null, "hgv": null, "surface": "asphalt", "sidewalk": null, "oneway": "yes", "name:kn": "ಒಳ ವರ್ತುಲ ರಸ್ತೆ", "name": "Inner Ring Road", "lanes": "2", "len": 27.574 }, "geometry": { "type": "LineString", "coordinates": [ [ 77.6317897, 12.9385825 ], [ 77.6320374, 12.9385822 ] ] } },
{ "type": "Feature", "properties": { "full_id": "w1335925202", "osm_id": "1335925202", "osm_type": "way", "highway": "primary", "hazard": null, "psv": null, "name:en": null, "ref:old": null, "bridge": null, "sidewalk:right": null, "sidewalk:left": null, "dual_carriageway": null, "tunnel": null, "maxheight": null, "int_ref": null, "maxweight:signed": null, "sidewalk:left:surface": null, "lane_markings": null, "smoothness": null, "short_name": null, "junction": null, "loc_name": null, "year_of_construction": null, "start_date": null, "full_name": null, "foot": null, "bicycle": null, "wikipedia": null, "official_name": null, "alt_name": null, "motorroad": null, "maxspeed": null, "layer": null, "embankment": null, "old_name": null, "name:etymology:wikidata": "Q7919473", "lit": null, "hgv": null, "surface": "asphalt", "sidewalk": null, "oneway": "yes", "name:kn": "ಮಹಾಯೋಗಿ ವೇಮನ ರಸ್ತೆ", "name": "Mahayogi Vemana Road", "lanes": "2", "len": 6.661 }, "geometry": { "type": "LineString", "coordinates": [ [ 77.6209908, 12.9274643 ], [ 77.6209692, 12.9274085 ] ] } },
{ "type": "Feature", "properties": { "full_id": "w1352259458", "osm_id": "1352259458", "osm_type": "way", "highway": "primary", "hazard": null, "psv": null, "name:en": null, "ref:old": null, "bridge": null, "sidewalk:right": null, "sidewalk:left": null, "dual_carriageway": null, "tunnel": null, "maxheight": "5.5", "int_ref": null, "maxweight:signed": null, "sidewalk:left:surface": null, "lane_markings": null, "smoothness": null, "short_name": null, "junction": null, "loc_name": null, "year_of_construction": null, "start_date": null, "full_name": null, "foot": null, "bicycle": null, "wikipedia": null, "official_name": null, "alt_name": "Christ College Road", "motorroad": "no", "maxspeed": "50", "layer": null, "embankment": null, "old_name": null, "name:etymology:wikidata": "Q6712641", "lit": "yes", "hgv": null, "surface": "concrete", "sidewalk": "separate", "oneway": "yes", "name:kn": "ಡಾ ಮರಿಗೌಡ ರಸ್ತೆ", "name": "Dr. M H Marigowda Road", "lanes": "2", "len": 24.987 }, "geometry": { "type": "LineString", "coordinates": [ [ 77.6097886, 12.9347623 ], [ 77.6098504, 12.9347148 ], [ 77.6098949, 12.9346805 ], [ 77.6099664, 12.9346253 ] ] } },
{ "type": "Feature", "properties": { "full_id": "w1362809474", "osm_id": "1362809474", "osm_type": "way", "highway": "primary", "hazard": null, "psv": null, "name:en": null, "ref:old": null, "bridge": null, "sidewalk:right": null, "sidewalk:left": null, "dual_carriageway": null, "tunnel": null, "maxheight": null, "int_ref": null, "maxweight:signed": null, "sidewalk:left:surface": null, "lane_markings": null, "smoothness": null, "short_name": null, "junction": null, "loc_name": null, "year_of_construction": null, "start_date": null, "full_name": null, "foot": null, "bicycle": null, "wikipedia": null, "official_name": null, "alt_name": null, "motorroad": null, "maxspeed": null, "layer": null, "embankment": null, "old_name": null, "name:etymology:wikidata": null, "lit": null, "hgv": null, "surface": null, "sidewalk": null, "oneway": "yes", "name:kn": null, "name": null, "lanes": null, "len": 15.943 }, "geometry": { "type": "LineString", "coordinates": [ [ 77.620374, 12.9210808 ], [ 77.6202471, 12.9210144 ] ] } },
{ "type": "Feature", "properties": { "full_id": "w1362809475", "osm_id": "1362809475", "osm_type": "way", "highway": "primary", "hazard": null, "psv": null, "name:en": null, "ref:old": null, "bridge": null, "sidewalk:right": null, "sidewalk:left": "yes", "dual_carriageway": null, "tunnel": null, "maxheight": null, "int_ref": null, "maxweight:signed": null, "sidewalk:left:surface": "paving_stones", "lane_markings": "no", "smoothness": null, "short_name": null, "junction": null, "loc_name": null, "year_of_construction": null, "start_date": null, "full_name": null, "foot": null, "bicycle": null, "wikipedia": null, "official_name": null, "alt_name": null, "motorroad": null, "maxspeed": null, "layer": null, "embankment": null, "old_name": null, "name:etymology:wikidata": null, "lit": "yes", "hgv": null, "surface": "concrete", "sidewalk": null, "oneway": "yes", "name:kn": "ಮಡಿವಾಳ ಸರ್ಜಾಪುರ ರಸ್ತೆ", "name": "Madiwala Sarjapura Road", "lanes": null, "len": 29.641 }, "geometry": { "type": "LineString", "coordinates": [ [ 77.6207556, 12.9212926 ], [ 77.6205247, 12.92116 ] ] } },
{ "type": "Feature", "properties": { "full_id": "w1376039860", "osm_id": "1376039860", "osm_type": "way", "highway": "primary", "hazard": null, "psv": null, "name:en": null, "ref:old": null, "bridge": null, "sidewalk:right": null, "sidewalk:left": null, "dual_carriageway": null, "tunnel": null, "maxheight": null, "int_ref": null, "maxweight:signed": null, "sidewalk:left:surface": null, "lane_markings": null, "smoothness": null, "short_name": null, "junction": null, "loc_name": "17th Main Road", "year_of_construction": null, "start_date": null, "full_name": null, "foot": null, "bicycle": null, "wikipedia": null, "official_name": null, "alt_name": "100 Feet Road", "motorroad": null, "maxspeed": null, "layer": null, "embankment": null, "old_name": null, "name:etymology:wikidata": "Q7919473", "lit": null, "hgv": null, "surface": "asphalt", "sidewalk": null, "oneway": "yes", "name:kn": "ಮಹಾಯೋಗಿ ವೇಮನ ರಸ್ತೆ", "name": "Mahayogi Vemana Road", "lanes": "2", "len": 6.799 }, "geometry": { "type": "LineString", "coordinates": [ [ 77.6268259, 12.9372429 ], [ 77.6268738, 12.9372808 ] ] } },
{ "type": "Feature", "properties": { "full_id": "w1384542546", "osm_id": "1384542546", "osm_type": "way", "highway": "primary", "hazard": null, "psv": null, "name:en": null, "ref:old": null, "bridge": null, "sidewalk:right": null, "sidewalk:left": null, "dual_carriageway": null, "tunnel": null, "maxheight": null, "int_ref": null, "maxweight:signed": null, "sidewalk:left:surface": null, "lane_markings": null, "smoothness": "good", "short_name": null, "junction": null, "loc_name": null, "year_of_construction": null, "start_date": null, "full_name": null, "foot": null, "bicycle": null, "wikipedia": null, "official_name": null, "alt_name": null, "motorroad": null, "maxspeed": "60", "layer": null, "embankment": null, "old_name": null, "name:etymology:wikidata": "Q297967", "lit": null, "hgv": null, "surface": "concrete", "sidewalk": "separate", "oneway": "yes", "name:kn": "ಹೊಸೂರು ರಸ್ತೆ", "name": "Hosur Road", "lanes": "2", "len": 5.935 }, "geometry": { "type": "LineString", "coordinates": [ [ 77.6123276, 12.9342679 ], [ 77.6123032, 12.9343153 ] ] } },
{ "type": "Feature", "properties": { "full_id": "w1386556900", "osm_id": "1386556900", "osm_type": "way", "highway": "primary", "hazard": null, "psv": null, "name:en": null, "ref:old": null, "bridge": null, "sidewalk:right": null, "sidewalk:left": null, "dual_carriageway": null, "tunnel": null, "maxheight": null, "int_ref": null, "maxweight:signed": null, "sidewalk:left:surface": null, "lane_markings": null, "smoothness": null, "short_name": null, "junction": null, "loc_name": null, "year_of_construction": null, "start_date": null, "full_name": null, "foot": null, "bicycle": null, "wikipedia": null, "official_name": null, "alt_name": null, "motorroad": null, "maxspeed": "30", "layer": null, "embankment": null, "old_name": null, "name:etymology:wikidata": "Q297967", "lit": null, "hgv": null, "surface": "asphalt", "sidewalk": "left", "oneway": "yes", "name:kn": "ಹೊಸೂರು ರಸ್ತೆ", "name": "Hosur Road", "lanes": "3", "len": 578.544 }, "geometry": { "type": "LineString", "coordinates": [ [ 77.6060475, 12.9579086 ], [ 77.6060443, 12.9578833 ], [ 77.6059802, 12.9573704 ], [ 77.6059477, 12.9571129 ], [ 77.6057991, 12.9563626 ], [ 77.6056977, 12.9558419 ], [ 77.6056689, 12.9557164 ], [ 77.6056654, 12.955701 ], [ 77.6056596, 12.9556645 ], [ 77.6055915, 12.9552372 ], [ 77.6055294, 12.9548804 ], [ 77.6052683, 12.9528208 ], [ 77.6052629, 12.9527737 ] ] } },
{ "type": "Feature", "properties": { "full_id": "w1387944291", "osm_id": "1387944291", "osm_type": "way", "highway": "primary", "hazard": null, "psv": null, "name:en": null, "ref:old": null, "bridge": null, "sidewalk:right": null, "sidewalk:left": null, "dual_carriageway": null, "tunnel": null, "maxheight": "5.5", "int_ref": null, "maxweight:signed": null, "sidewalk:left:surface": null, "lane_markings": null, "smoothness": null, "short_name": null, "junction": null, "loc_name": null, "year_of_construction": null, "start_date": null, "full_name": null, "foot": null, "bicycle": null, "wikipedia": null, "official_name": null, "alt_name": null, "motorroad": null, "maxspeed": null, "layer": null, "embankment": null, "old_name": null, "name:etymology:wikidata": "Q7424146", "lit": "yes", "hgv": null, "surface": "asphalt", "sidewalk": null, "oneway": "yes", "name:kn": "ಸರ್ಜಾಪುರ ರಸ್ತೆ", "name": "Sarjapura Road", "lanes": "3", "len": 11.171 }, "geometry": { "type": "LineString", "coordinates": [ [ 77.6208265, 12.9276325 ], [ 77.6209204, 12.9275971 ] ] } },
{ "type": "Feature", "properties": { "full_id": "w1387944292", "osm_id": "1387944292", "osm_type": "way", "highway": "primary", "hazard": null, "psv": null, "name:en": null, "ref:old": null, "bridge": null, "sidewalk:right": null, "sidewalk:left": null, "dual_carriageway": null, "tunnel": null, "maxheight": null, "int_ref": null, "maxweight:signed": null, "sidewalk:left:surface": null, "lane_markings": null, "smoothness": null, "short_name": null, "junction": null, "loc_name": null, "year_of_construction": null, "start_date": null, "full_name": null, "foot": null, "bicycle": null, "wikipedia": null, "official_name": null, "alt_name": null, "motorroad": null, "maxspeed": null, "layer": null, "embankment": null, "old_name": null, "name:etymology:wikidata": "Q7919473", "lit": null, "hgv": null, "surface": "asphalt", "sidewalk": null, "oneway": "yes", "name:kn": "ಮಹಾಯೋಗಿ ವೇಮನ ರಸ್ತೆ", "name": "Mahayogi Vemana Road", "lanes": "2", "len": 21.694 }, "geometry": { "type": "LineString", "coordinates": [ [ 77.6209692, 12.9274085 ], [ 77.620899, 12.9272267 ] ] } },
{ "type": "Feature", "properties": { "full_id": "w1391749538", "osm_id": "1391749538", "osm_type": "way", "highway": "primary", "hazard": null, "psv": null, "name:en": null, "ref:old": null, "bridge": null, "sidewalk:right": null, "sidewalk:left": null, "dual_carriageway": "yes", "tunnel": null, "maxheight": null, "int_ref": null, "maxweight:signed": null, "sidewalk:left:surface": null, "lane_markings": null, "smoothness": "good", "short_name": null, "junction": null, "loc_name": null, "year_of_construction": null, "start_date": null, "full_name": null, "foot": null, "bicycle": null, "wikipedia": null, "official_name": null, "alt_name": null, "motorroad": null, "maxspeed": "60", "layer": null, "embankment": null, "old_name": null, "name:etymology:wikidata": "Q297967", "lit": null, "hgv": null, "surface": "concrete", "sidewalk": "left", "oneway": "yes", "name:kn": "ಹೊಸೂರು ರಸ್ತೆ", "name": "Hosur Road", "lanes": "3", "len": 8.717 }, "geometry": { "type": "LineString", "coordinates": [ [ 77.6076202, 12.9441213 ], [ 77.6076406, 12.9440457 ] ] } },
{ "type": "Feature", "properties": { "full_id": "w1392550267", "osm_id": "1392550267", "osm_type": "way", "highway": "primary", "hazard": null, "psv": null, "name:en": null, "ref:old": null, "bridge": null, "sidewalk:right": null, "sidewalk:left": null, "dual_carriageway": "yes", "tunnel": null, "maxheight": "5.5", "int_ref": null, "maxweight:signed": null, "sidewalk:left:surface": null, "lane_markings": null, "smoothness": null, "short_name": null, "junction": null, "loc_name": null, "year_of_construction": null, "start_date": null, "full_name": null, "foot": null, "bicycle": null, "wikipedia": null, "official_name": null, "alt_name": "Christ College Road", "motorroad": "no", "maxspeed": "50", "layer": null, "embankment": null, "old_name": null, "name:etymology:wikidata": "Q6712641", "lit": "yes", "hgv": null, "surface": "concrete", "sidewalk": "separate", "oneway": "yes", "name:kn": "ಡಾ ಮರಿಗೌಡ ರಸ್ತೆ", "name": "Dr. M H Marigowda Road", "lanes": "2", "len": 16.508 }, "geometry": { "type": "LineString", "coordinates": [ [ 77.6096669, 12.934847 ], [ 77.6097044, 12.9348223 ], [ 77.6097526, 12.9347879 ], [ 77.6097886, 12.9347623 ] ] } },
{ "type": "Feature", "properties": { "full_id": "w1392550268", "osm_id": "1392550268", "osm_type": "way", "highway": "primary", "hazard": null, "psv": null, "name:en": null, "ref:old": null, "bridge": null, "sidewalk:right": null, "sidewalk:left": null, "dual_carriageway": "yes", "tunnel": null, "maxheight": "5.5", "int_ref": null, "maxweight:signed": null, "sidewalk:left:surface": null, "lane_markings": null, "smoothness": null, "short_name": null, "junction": null, "loc_name": null, "year_of_construction": null, "start_date": null, "full_name": null, "foot": null, "bicycle": null, "wikipedia": null, "official_name": null, "alt_name": "Christ College Road", "motorroad": "no", "maxspeed": "50", "layer": null, "embankment": null, "old_name": null, "name:etymology:wikidata": "Q6712641", "lit": "yes", "hgv": null, "surface": null, "sidewalk": "separate", "oneway": "yes", "name:kn": "ಡಾ ಮರಿಗೌಡ ರಸ್ತೆ", "name": "Dr. M H Marigowda Road", "lanes": "2", "len": 521.35 }, "geometry": { "type": "LineString", "coordinates": [ [ 77.6134432, 12.9318314 ], [ 77.6131852, 12.9320325 ], [ 77.6131149, 12.9320874 ], [ 77.6130217, 12.93216 ], [ 77.6114032, 12.9334219 ], [ 77.6111938, 12.9335852 ], [ 77.6111811, 12.9335951 ], [ 77.611057, 12.9336919 ], [ 77.6107889, 12.9338827 ], [ 77.6103468, 12.9342149 ], [ 77.6098041, 12.9346389 ], [ 77.6097984, 12.9346439 ], [ 77.6097349, 12.9346913 ] ] } },
{ "type": "Feature", "properties": { "full_id": "w1392550270", "osm_id": "1392550270", "osm_type": "way", "highway": "primary", "hazard": null, "psv": null, "name:en": null, "ref:old": null, "bridge": null, "sidewalk:right": null, "sidewalk:left": null, "dual_carriageway": "yes", "tunnel": null, "maxheight": "5.5", "int_ref": null, "maxweight:signed": null, "sidewalk:left:surface": null, "lane_markings": null, "smoothness": null, "short_name": null, "junction": null, "loc_name": null, "year_of_construction": null, "start_date": null, "full_name": null, "foot": null, "bicycle": null, "wikipedia": null, "official_name": null, "alt_name": "Christ College Road", "motorroad": "no", "maxspeed": "50", "layer": null, "embankment": null, "old_name": null, "name:etymology:wikidata": "Q6712641", "lit": "yes", "hgv": null, "surface": null, "sidewalk": "separate", "oneway": "yes", "name:kn": "ಡಾ ಮರಿಗೌಡ ರಸ್ತೆ", "name": "Dr. M H Marigowda Road", "lanes": "2", "len": 12.845 }, "geometry": { "type": "LineString", "coordinates": [ [ 77.6097349, 12.9346913 ], [ 77.609697, 12.9347187 ], [ 77.6096396, 12.9347563 ] ] } },
{ "type": "Feature", "properties": { "full_id": "w1392550271", "osm_id": "1392550271", "osm_type": "way", "highway": "primary", "hazard": null, "psv": null, "name:en": null, "ref:old": null, "bridge": null, "sidewalk:right": null, "sidewalk:left": null, "dual_carriageway": "yes", "tunnel": null, "maxheight": "5.5", "int_ref": null, "maxweight:signed": null, "sidewalk:left:surface": null, "lane_markings": null, "smoothness": null, "short_name": null, "junction": null, "loc_name": null, "year_of_construction": null, "start_date": null, "full_name": null, "foot": null, "bicycle": null, "wikipedia": null, "official_name": null, "alt_name": "Christ College Road", "motorroad": "no", "maxspeed": "50", "layer": null, "embankment": null, "old_name": null, "name:etymology:wikidata": "Q6712641", "lit": "yes", "hgv": null, "surface": "concrete", "sidewalk": "separate", "oneway": "yes", "name:kn": "ಡಾ ಮರಿಗೌಡ ರಸ್ತೆ", "name": "Dr. M H Marigowda Road", "lanes": "2", "len": 17.009 }, "geometry": { "type": "LineString", "coordinates": [ [ 77.6095392, 12.9349309 ], [ 77.6096669, 12.934847 ] ] } },
{ "type": "Feature", "properties": { "full_id": "w1392550272", "osm_id": "1392550272", "osm_type": "way", "highway": "primary", "hazard": null, "psv": null, "name:en": null, "ref:old": null, "bridge": null, "sidewalk:right": null, "sidewalk:left": null, "dual_carriageway": null, "tunnel": null, "maxheight": "5.5", "int_ref": null, "maxweight:signed": null, "sidewalk:left:surface": null, "lane_markings": null, "smoothness": null, "short_name": null, "junction": null, "loc_name": null, "year_of_construction": null, "start_date": null, "full_name": null, "foot": null, "bicycle": null, "wikipedia": null, "official_name": null, "alt_name": "Christ College Road", "motorroad": "no", "maxspeed": "50", "layer": null, "embankment": null, "old_name": null, "name:etymology:wikidata": "Q6712641", "lit": "yes", "hgv": null, "surface": "concrete", "sidewalk": "separate", "oneway": "yes", "name:kn": "ಡಾ ಮರಿಗೌಡ ರಸ್ತೆ", "name": "Dr. M H Marigowda Road", "lanes": "2", "len": 66.092 }, "geometry": { "type": "LineString", "coordinates": [ [ 77.6099664, 12.9346253 ], [ 77.6100705, 12.9345423 ], [ 77.6103512, 12.9343185 ], [ 77.6104312, 12.9342559 ] ] } },
{ "type": "Feature", "properties": { "full_id": "w1393474724", "osm_id": "1393474724", "osm_type": "way", "highway": "primary", "hazard": null, "psv": null, "name:en": null, "ref:old": null, "bridge": null, "sidewalk:right": null, "sidewalk:left": "yes", "dual_carriageway": null, "tunnel": null, "maxheight": "5.5", "int_ref": null, "maxweight:signed": null, "sidewalk:left:surface": "paving_stones", "lane_markings": "no", "smoothness": null, "short_name": null, "junction": null, "loc_name": null, "year_of_construction": null, "start_date": null, "full_name": null, "foot": null, "bicycle": null, "wikipedia": null, "official_name": null, "alt_name": null, "motorroad": null, "maxspeed": null, "layer": null, "embankment": null, "old_name": null, "name:etymology:wikidata": null, "lit": "yes", "hgv": null, "surface": "concrete", "sidewalk": null, "oneway": "yes", "name:kn": "ಮಡಿವಾಳ ಸರ್ಜಾಪುರ ರಸ್ತೆ", "name": "Madiwala Sarjapura Road", "lanes": null, "len": 18.952 }, "geometry": { "type": "LineString", "coordinates": [ [ 77.6205247, 12.92116 ], [ 77.6204844, 12.9211388 ], [ 77.6204297, 12.9211101 ], [ 77.620374, 12.9210808 ] ] } },
{ "type": "Feature", "properties": { "full_id": "w1411121774", "osm_id": "1411121774", "osm_type": "way", "highway": "primary", "hazard": null, "psv": null, "name:en": null, "ref:old": null, "bridge": null, "sidewalk:right": null, "sidewalk:left": null, "dual_carriageway": null, "tunnel": null, "maxheight": null, "int_ref": null, "maxweight:signed": null, "sidewalk:left:surface": null, "lane_markings": null, "smoothness": null, "short_name": null, "junction": null, "loc_name": null, "year_of_construction": null, "start_date": null, "full_name": null, "foot": null, "bicycle": null, "wikipedia": null, "official_name": null, "alt_name": null, "motorroad": null, "maxspeed": null, "layer": null, "embankment": null, "old_name": null, "name:etymology:wikidata": "Q7424146", "lit": "yes", "hgv": null, "surface": "asphalt", "sidewalk": null, "oneway": "yes", "name:kn": "ಸರ್ಜಾಪುರ ರಸ್ತೆ", "name": "Sarjapura Road", "lanes": "2", "len": 432.476 }, "geometry": { "type": "LineString", "coordinates": [ [ 77.6287288, 12.9241909 ], [ 77.6284284, 12.9243272 ], [ 77.628217, 12.9244232 ], [ 77.6271089, 12.9248823 ], [ 77.6269803, 12.9249321 ], [ 77.6253416, 12.9256193 ], [ 77.6251884, 12.9256836 ], [ 77.6251492, 12.9257 ] ] } },
{ "type": "Feature", "properties": { "full_id": "w1414820181", "osm_id": "1414820181", "osm_type": "way", "highway": "primary", "hazard": null, "psv": null, "name:en": null, "ref:old": null, "bridge": null, "sidewalk:right": null, "sidewalk:left": null, "dual_carriageway": null, "tunnel": null, "maxheight": null, "int_ref": null, "maxweight:signed": null, "sidewalk:left:surface": null, "lane_markings": null, "smoothness": null, "short_name": null, "junction": null, "loc_name": null, "year_of_construction": null, "start_date": null, "full_name": null, "foot": null, "bicycle": null, "wikipedia": null, "official_name": null, "alt_name": null, "motorroad": "no", "maxspeed": "50", "layer": null, "embankment": null, "old_name": null, "name:etymology:wikidata": "Q6712641", "lit": "yes", "hgv": null, "surface": "asphalt", "sidewalk": "separate", "oneway": "yes", "name:kn": "ಡಾ. ಮರಿಗೌಡ ರಸ್ತೆ", "name": "Dr. M H Marigowda Road", "lanes": "2", "len": 19.45 }, "geometry": { "type": "LineString", "coordinates": [ [ 77.5956811, 12.9458161 ], [ 77.5955342, 12.9459107 ] ] } },
{ "type": "Feature", "properties": { "full_id": "w1414820182", "osm_id": "1414820182", "osm_type": "way", "highway": "primary", "hazard": null, "psv": null, "name:en": null, "ref:old": null, "bridge": null, "sidewalk:right": null, "sidewalk:left": null, "dual_carriageway": null, "tunnel": null, "maxheight": null, "int_ref": null, "maxweight:signed": null, "sidewalk:left:surface": null, "lane_markings": null, "smoothness": null, "short_name": null, "junction": null, "loc_name": null, "year_of_construction": null, "start_date": null, "full_name": null, "foot": null, "bicycle": null, "wikipedia": null, "official_name": null, "alt_name": null, "motorroad": "no", "maxspeed": "50", "layer": null, "embankment": null, "old_name": null, "name:etymology:wikidata": "Q6712641", "lit": "yes", "hgv": null, "surface": "asphalt", "sidewalk": null, "oneway": "yes", "name:kn": "ಡಾ. ಮರಿಗೌಡ ರಸ್ತೆ", "name": "Dr. M H Marigowda Road", "lanes": "2", "len": 17.734 }, "geometry": { "type": "LineString", "coordinates": [ [ 77.5955664, 12.9459749 ], [ 77.5957037, 12.9458941 ] ] } },
{ "type": "Feature", "properties": { "full_id": "w1434254320", "osm_id": "1434254320", "osm_type": "way", "highway": "primary", "hazard": null, "psv": null, "name:en": null, "ref:old": null, "bridge": null, "sidewalk:right": null, "sidewalk:left": null, "dual_carriageway": "yes", "tunnel": null, "maxheight": null, "int_ref": null, "maxweight:signed": null, "sidewalk:left:surface": null, "lane_markings": null, "smoothness": null, "short_name": null, "junction": null, "loc_name": null, "year_of_construction": null, "start_date": null, "full_name": null, "foot": null, "bicycle": null, "wikipedia": null, "official_name": null, "alt_name": null, "motorroad": null, "maxspeed": null, "layer": null, "embankment": null, "old_name": null, "name:etymology:wikidata": "Q7424146", "lit": null, "hgv": null, "surface": "asphalt", "sidewalk": null, "oneway": "yes", "name:kn": "ಸರ್ಜಾಪುರ ರಸ್ತೆ", "name": "Sarjapur Road", "lanes": "2", "len": 67.19 }, "geometry": { "type": "LineString", "coordinates": [ [ 77.6394635, 12.9241012 ], [ 77.6394931, 12.9240909 ], [ 77.6397693, 12.923984 ], [ 77.6399533, 12.9239127 ], [ 77.6400267, 12.9238842 ] ] } }
]
}
