{
"type": "FeatureCollection",
"name": "india_polygon",
"crs": { "type": "name", "properties": { "name": "urn:ogc:def:crs:OGC:1.3:CRS84" } },
"features": [
{ "type": "Feature", "properties": { "state": "KARNATAKA", "district": "Bengaluru (urban)" }, "geometry": { "type": "MultiPolygon", "coordinates": [ [ [ [ 77.766430616000093, 12.941986209000049 ], [ 77.767167562000111, 12.941791021000029 ], [ 77.767195445000027, 12.941783723000185 ], [ 77.768184737000183, 12.941524766000157 ], [ 77.768197442000087, 12.94152146600004 ], [ 77.769246991000159, 12.941248849000146 ], [ 77.769277274000103, 12.941240367000148 ], [ 77.769281052000053, 12.941239308000149 ], [ 77.76996126500012, 12.941048814 ], [ 77.76996192200005, 12.941048629000079 ], [ 77.770628622000174, 12.940862041000116 ], [ 77.770629360000044, 12.940861835000078 ], [ 77.771064080000144, 12.940740153000149 ], [ 77.771244415000012, 12.940687051 ], [ 77.771790706000047, 12.94054701400006 ], [ 77.771798852000188, 12.940544872999965 ], [ 77.773072259000116, 12.94021019700017 ], [ 77.773387354000135, 12.940119245000119 ], [ 77.773407309000106, 12.940113421000149 ], [ 77.773665608000101, 12.940038037000136 ], [ 77.774002802000098, 12.939931132000083 ], [ 77.774022070000115, 12.939924974000121 ], [ 77.774501944000178, 12.939771632000031 ], [ 77.774998964000076, 12.939538995000078 ], [ 77.775289520000172, 12.938901433000069 ], [ 77.775374149000129, 12.938715789000184 ], [ 77.77538673100014, 12.938655575000155 ], [ 77.77542295600017, 12.938482224000097 ], [ 77.775663914000063, 12.937329117 ], [ 77.775670332000061, 12.937324389000139 ], [ 77.775991481000062, 12.937087831000099 ], [ 77.776735986000119, 12.936569529000053 ], [ 77.777165055000182, 12.936232708000148 ], [ 77.777189372000123, 12.936213609000049 ], [ 77.777300626000113, 12.93615016800004 ], [ 77.777739879000137, 12.936074733000112 ], [ 77.777897606000124, 12.93590070800002 ], [ 77.778004581000175, 12.935782670000037 ], [ 77.777996502000121, 12.935748962000105 ], [ 77.777957998000147, 12.935588334000101 ], [ 77.777913936000061, 12.935494645000119 ], [ 77.777468183000053, 12.934546834000116 ], [ 77.777448462000109, 12.934505181000134 ], [ 77.777416288000097, 12.934437221000167 ], [ 77.777382899000088, 12.934359035000114 ], [ 77.777359971000124, 12.934305627000128 ], [ 77.777300300000093, 12.934166626999968 ], [ 77.777278158, 12.934115049000184 ], [ 77.77718559900012, 12.933899440000175 ], [ 77.777033957000185, 12.933215578999977 ], [ 77.777023395000185, 12.933167949000165 ], [ 77.776942190000113, 12.932801734000122 ], [ 77.776871467000035, 12.932240921000187 ], [ 77.776880333000065, 12.932227506000061 ], [ 77.776947056000154, 12.932126539000137 ], [ 77.77696469, 12.932099853000068 ], [ 77.777247763000105, 12.932058401000177 ], [ 77.777444524000089, 12.932070351000107 ], [ 77.777456676000043, 12.932071110000095 ], [ 77.777654671000164, 12.93208346300014 ], [ 77.77817002300003, 12.932037790000152 ], [ 77.778199800000095, 12.932035106000114 ], [ 77.77827468900017, 12.932028356000103 ], [ 77.778375114000198, 12.931964497000024 ], [ 77.77845204200014, 12.931915543000059 ], [ 77.778444950000107, 12.931882514999984 ], [ 77.778351479000094, 12.931447202000129 ], [ 77.778277286000105, 12.93108596899998 ], [ 77.77826162700012, 12.931009848000031 ], [ 77.778273463000062, 12.931006836000108 ], [ 77.778854342000045, 12.930859062000138 ], [ 77.778862668000045, 12.930856935000065 ], [ 77.778895630000079, 12.930848517000072 ], [ 77.778894972000046, 12.930830004000029 ], [ 77.778892731000099, 12.930767091000064 ], [ 77.778889802000151, 12.930685717000131 ], [ 77.778896973000144, 12.930682231000162 ], [ 77.77977662800015, 12.930254539000146 ], [ 77.779782331000035, 12.9302517590001 ], [ 77.780323488000136, 12.929987980000021 ], [ 77.780363928000099, 12.929968212000176 ], [ 77.780365879000158, 12.92996725800009 ], [ 77.781011976000059, 12.929650594000179 ], [ 77.781335615000103, 12.92949152000017 ], [ 77.781672793000098, 12.929325563000191 ], [ 77.781676093000044, 12.929323939000028 ], [ 77.782628229000125, 12.928854466000189 ], [ 77.782629597000039, 12.928853792000154 ], [ 77.782705455000098, 12.928816358000063 ], [ 77.782708055000171, 12.92881158300014 ], [ 77.78270996700013, 12.928808069000183 ], [ 77.782776383000112, 12.928686257000038 ], [ 77.782633396000108, 12.928376436000065 ], [ 77.782662084000151, 12.928365880000115 ], [ 77.782545073000165, 12.928153094000095 ], [ 77.782530197000199, 12.928126016000135 ], [ 77.782525360000022, 12.928113553000117 ], [ 77.78354038100008, 12.927728355 ], [ 77.783673905000114, 12.927685673000042 ], [ 77.784756043000129, 12.927339855000014 ], [ 77.784775274000197, 12.92733325800009 ], [ 77.785168327000122, 12.927198466000164 ], [ 77.785295976000157, 12.927154701000177 ], [ 77.785313952000195, 12.927154214000041 ], [ 77.785530806, 12.92714833499997 ], [ 77.786051926000141, 12.927134225999964 ], [ 77.786113461000184, 12.927132559000086 ], [ 77.786693227000171, 12.926990303000082 ], [ 77.786936138000101, 12.926930731000084 ], [ 77.787415108000118, 12.926813123000159 ], [ 77.787421666000171, 12.926812821000112 ], [ 77.787670135000042, 12.926801378000164 ], [ 77.788089986000045, 12.926781810000136 ], [ 77.788092319000157, 12.926781490999986 ], [ 77.788320967000061, 12.926750302000187 ], [ 77.788690895000116, 12.926699595000173 ], [ 77.788691832000097, 12.926699466000059 ], [ 77.788988627000037, 12.926715601000069 ], [ 77.789018180000085, 12.92671715400013 ], [ 77.789445004000072, 12.926737537000122 ], [ 77.789454329000193, 12.926737982000077 ], [ 77.789785615000085, 12.926712658999975 ], [ 77.789974044000132, 12.926698477000059 ], [ 77.790177655000036, 12.926645652000047 ], [ 77.790554231000101, 12.926547953000068 ], [ 77.790743413000087, 12.926499151000087 ], [ 77.790759035000178, 12.926495122 ], [ 77.791814987000123, 12.926276671000153 ], [ 77.792430320000165, 12.926189308000119 ], [ 77.792794813, 12.926137362000077 ], [ 77.792896861000088, 12.926109977000067 ], [ 77.793537092000065, 12.925937868000119 ], [ 77.793512055, 12.925873803000059 ], [ 77.793489207000107, 12.925815352000086 ], [ 77.793505496000137, 12.925810076 ], [ 77.793971616000135, 12.925798446000101 ], [ 77.79398460800013, 12.925798122000117 ], [ 77.793992519000199, 12.925797924000051 ], [ 77.795003623000184, 12.925752671000168 ], [ 77.79500407800009, 12.925752651000153 ], [ 77.795611232000056, 12.925710069 ], [ 77.795632716000057, 12.925710510000101 ], [ 77.795790944000032, 12.925713819000123 ], [ 77.795927659000085, 12.925716742000134 ], [ 77.795928623000123, 12.925716530000102 ], [ 77.796037738, 12.92569251700013 ], [ 77.796260541000095, 12.925579595000045 ], [ 77.796293692000063, 12.92559282700006 ], [ 77.796438625000064, 12.925650676000146 ], [ 77.796450748000098, 12.925647009000102 ], [ 77.79661296900008, 12.925597937000134 ], [ 77.798295451000058, 12.925605366000127 ], [ 77.79829510400009, 12.925608216 ], [ 77.798381328000119, 12.92562475800014 ], [ 77.79851357300015, 12.924322009999969 ], [ 77.79866604100016, 12.924268502000189 ], [ 77.798656506000157, 12.924119637000047 ], [ 77.798624727000117, 12.92362354100004 ], [ 77.798621467000032, 12.923575268000036 ], [ 77.798476438000193, 12.923061779000079 ], [ 77.798277032000044, 12.921950079000112 ], [ 77.798263377000069, 12.92188861000011 ], [ 77.79798238800015, 12.920616131000031 ], [ 77.797892175000072, 12.920205743000054 ], [ 77.797887721000052, 12.920183543000121 ], [ 77.797877706, 12.920133503000102 ], [ 77.797636105000038, 12.918926325000029 ], [ 77.797664941999983, 12.918649605000041 ], [ 77.797685099000148, 12.918651312000122 ], [ 77.797685951000062, 12.918642876000149 ], [ 77.797844441000052, 12.918656252000176 ], [ 77.799111038000092, 12.91876314700005 ], [ 77.799915330000033, 12.918823087000021 ], [ 77.801227857000185, 12.918927347000135 ], [ 77.803172637000159, 12.919423429000119 ], [ 77.803216298000166, 12.919434565000188 ], [ 77.80323249900016, 12.919467997000083 ], [ 77.803291433000027, 12.919586145000096 ], [ 77.803335755000148, 12.919675025000174 ], [ 77.803336155000181, 12.919675828000152 ], [ 77.803426572000149, 12.919972237000081 ], [ 77.803546336000068, 12.920364840000161 ], [ 77.803623888000118, 12.920620402000168 ], [ 77.803627188, 12.920631276000165 ], [ 77.803629828000055, 12.920639719000064 ], [ 77.803713989000187, 12.920909416000086 ], [ 77.803787433000082, 12.921145226000021 ], [ 77.803789700000152, 12.921152507000045 ], [ 77.8038256480001, 12.921242871000061 ], [ 77.803820938000058, 12.921244196999965 ], [ 77.803914698000199, 12.921467004000021 ], [ 77.803995983000107, 12.921660171000099 ], [ 77.804243874000065, 12.922189587000048 ], [ 77.804357044000199, 12.922444329000143 ], [ 77.804387962000078, 12.922513925000032 ], [ 77.804479370000195, 12.922719681000046 ], [ 77.804710381000064, 12.923216812000021 ], [ 77.804991702000109, 12.923830772000031 ], [ 77.80523871500003, 12.924355804000129 ], [ 77.805350326000166, 12.924652652000191 ], [ 77.805375589, 12.924718670000118 ], [ 77.805506077000132, 12.924999050000054 ], [ 77.805652327000189, 12.92536236400008 ], [ 77.805707136000194, 12.925498517999984 ], [ 77.805752678000033, 12.925611654000136 ], [ 77.805985763000024, 12.92619863900012 ], [ 77.806022458000143, 12.926272014000062 ], [ 77.806161043000145, 12.926669899 ], [ 77.806328165000139, 12.927149708 ], [ 77.806342095000048, 12.927190071000041 ], [ 77.806356010000059, 12.927230389000044 ], [ 77.806391541000039, 12.927323970000032 ], [ 77.806585054000152, 12.927914512000029 ], [ 77.806600404, 12.927963508 ], [ 77.80683512700017, 12.928712687000086 ], [ 77.806839097000136, 12.928725587000088 ], [ 77.806844254000112, 12.928737437 ], [ 77.806926283000053, 12.92892595700016 ], [ 77.807421595, 12.930204778000189 ], [ 77.807719502000054, 12.930983427000058 ], [ 77.807734524000068, 12.931022853000115 ], [ 77.807917300999975, 12.931588669 ], [ 77.808133241000121, 12.932258804000128 ], [ 77.808135099000083, 12.932264602000089 ], [ 77.808143303000065, 12.932290200000068 ], [ 77.808146449000105, 12.932300017000102 ], [ 77.808528180000167, 12.93349333600014 ], [ 77.808533245000149, 12.933509170000036 ], [ 77.808556548000013, 12.933525072000123 ], [ 77.808602582000105, 12.933556530000033 ], [ 77.80862327900013, 12.933570785000086 ], [ 77.808969745000013, 12.933809433000079 ], [ 77.809342691000154, 12.934069765000174 ], [ 77.809441411000137, 12.934134948000121 ], [ 77.809702644000197, 12.934287256000118 ], [ 77.809828262999986, 12.93416190500011 ], [ 77.809834536999972, 12.934163252000133 ], [ 77.809834215000137, 12.934164428000088 ], [ 77.810246309000149, 12.934339059000024 ], [ 77.810551515000157, 12.933525573000054 ], [ 77.810883785000101, 12.93317066600008 ], [ 77.81147218600006, 12.932841679000148 ], [ 77.811752650000187, 12.932429972000079 ], [ 77.812045481000155, 12.931817375000151 ], [ 77.813049507000073, 12.930745405999971 ], [ 77.813339273000054, 12.929860525000038 ], [ 77.81332410300007, 12.929854786000021 ], [ 77.813690205000171, 12.929349785000056 ], [ 77.814144768, 12.928934764000076 ], [ 77.814926535000154, 12.928427312000053 ], [ 77.81533766900003, 12.928025160000175 ], [ 77.815391340000133, 12.927972662000059 ], [ 77.815483453000013, 12.92788256100016 ], [ 77.815608114000156, 12.927617751000128 ], [ 77.815699637000137, 12.927426302000185 ], [ 77.816005012000119, 12.926803985999982 ], [ 77.815855111000076, 12.925964375000092 ], [ 77.816321449999975, 12.925693948000173 ], [ 77.81632519600015, 12.925692489000141 ], [ 77.816801628000121, 12.925506931000086 ], [ 77.817228548000116, 12.925503003000074 ], [ 77.817248391000021, 12.925502861000098 ], [ 77.817424999000082, 12.925501587000156 ], [ 77.817719250000039, 12.925344816000063 ], [ 77.817966167000122, 12.925197441000023 ], [ 77.818171492000147, 12.925075593000088 ], [ 77.818316086000038, 12.92508244000004 ], [ 77.818594150000081, 12.925095377000105 ], [ 77.819099942000037, 12.924998175000098 ], [ 77.819279361000042, 12.924958524999965 ], [ 77.819325992000074, 12.924952911000048 ], [ 77.82001976500004, 12.924805045000085 ], [ 77.820349335000117, 12.924939890000132 ], [ 77.820380015000183, 12.925012710000146 ], [ 77.820449405000033, 12.925177416000054 ], [ 77.820478045000129, 12.925178771000105 ], [ 77.820613171000105, 12.925185164000027 ], [ 77.82068642400003, 12.925305455000114 ], [ 77.820696553000062, 12.92532208700004 ], [ 77.82070077700007, 12.925329017000081 ], [ 77.82074146400015, 12.925395772 ], [ 77.820742911000195, 12.925402307000127 ], [ 77.820755770000062, 12.92546038200004 ], [ 77.820852749000039, 12.925898355000129 ], [ 77.82087748400005, 12.926009226000133 ], [ 77.820955662000074, 12.926383151000095 ], [ 77.821012539000094, 12.926653607999981 ], [ 77.821048822000193, 12.926659662000134 ], [ 77.821620778000067, 12.92675510100014 ], [ 77.821631136, 12.926757452000061 ], [ 77.821711829000037, 12.926987435000171 ], [ 77.821716124000147, 12.92698836600016 ], [ 77.821726968000121, 12.926990727000089 ], [ 77.821787705000133, 12.927162707000093 ], [ 77.821887372000106, 12.927444921000188 ], [ 77.822103858000048, 12.92805792900009 ], [ 77.822322520000057, 12.928718026000126 ], [ 77.822842494000099, 12.928461457000083 ], [ 77.822940490000178, 12.928412322000042 ], [ 77.823800183000174, 12.927981263000163 ], [ 77.823837468000136, 12.92796223900018 ], [ 77.823926495000137, 12.927905903000124 ], [ 77.824284935000151, 12.927672250000057 ], [ 77.82441620600008, 12.927583699000138 ], [ 77.824486770000078, 12.927534099000127 ], [ 77.824683341000082, 12.92739592200013 ], [ 77.824711961000105, 12.927390424 ], [ 77.824808360000191, 12.92737145100017 ], [ 77.825157314000137, 12.927302773000179 ], [ 77.825245163000034, 12.927284293000071 ], [ 77.826970242000186, 12.926921366000101 ], [ 77.827582221000114, 12.926742659000183 ], [ 77.82956576800018, 12.926212794000094 ], [ 77.829650153000159, 12.926188578000051 ], [ 77.829820148000067, 12.926139793 ], [ 77.83156836600017, 12.925672136000173 ], [ 77.831589339000175, 12.925668309000116 ], [ 77.83169053600011, 12.925649836000105 ], [ 77.831842648000077, 12.925622068999985 ], [ 77.831875344000139, 12.925186880000126 ], [ 77.831953417000136, 12.924147699000059 ], [ 77.831955102000165, 12.924125239000148 ], [ 77.83207619600006, 12.924194058000069 ], [ 77.832078001000127, 12.924171397000066 ], [ 77.832571551000115, 12.923598353000045 ], [ 77.832766890000187, 12.923371608000025 ], [ 77.83264975100019, 12.923337116000027 ], [ 77.832684871000083, 12.923297271000024 ], [ 77.832232295000097, 12.922975749000045 ], [ 77.832119682000098, 12.922895746000108 ], [ 77.832115063000174, 12.92289014 ], [ 77.83148979900011, 12.922131385 ], [ 77.830872834000161, 12.921263293000152 ], [ 77.830353218000141, 12.920612318 ], [ 77.829864950000058, 12.919974843000091 ], [ 77.829707822000046, 12.919732719000137 ], [ 77.829677959000151, 12.919686683000066 ], [ 77.82965620900012, 12.919653156000038 ], [ 77.828304175000142, 12.919762852000076 ], [ 77.826673357000061, 12.920406997000157 ], [ 77.825739963000103, 12.920765934000087 ], [ 77.825729059000082, 12.920768590000137 ], [ 77.82572161700017, 12.920770403 ], [ 77.825691595000194, 12.920777718000181 ], [ 77.825652186000184, 12.920787300000086 ], [ 77.825574712, 12.920806136000067 ], [ 77.825474819000192, 12.920830423000041 ], [ 77.823848815000133, 12.921225737000043 ], [ 77.823504384000103, 12.921309478000126 ], [ 77.823264998000013, 12.921367729000053 ], [ 77.823244700000146, 12.921372676000033 ], [ 77.823167177000187, 12.921391568 ], [ 77.823118353000098, 12.921403473 ], [ 77.823115441000198, 12.921404182000174 ], [ 77.822962398000072, 12.921441532000074 ], [ 77.822006342000179, 12.921676040000079 ], [ 77.821912884000085, 12.921688961000029 ], [ 77.821397114000035, 12.921760272000142 ], [ 77.820256098000129, 12.921251263000045 ], [ 77.82020444800014, 12.921261555000171 ], [ 77.819200844000193, 12.921461517000182 ], [ 77.818986175000134, 12.921504288000108 ], [ 77.817558143000099, 12.921978287000115 ], [ 77.817554958000073, 12.921979363000048 ], [ 77.817547217000083, 12.921976497000173 ], [ 77.817475049000166, 12.921949771000072 ], [ 77.817461755000124, 12.921944846000144 ], [ 77.816804502000195, 12.92170139100017 ], [ 77.817011524000065, 12.921409191000123 ], [ 77.816997023000056, 12.921402814000032 ], [ 77.817132985000114, 12.921219090000136 ], [ 77.817231482000182, 12.920884687000068 ], [ 77.817280686000117, 12.92071749400003 ], [ 77.817461440000159, 12.920103293000068 ], [ 77.817820795000159, 12.919211641 ], [ 77.817720829000052, 12.918334691000098 ], [ 77.817476061000036, 12.917569229000037 ], [ 77.81746874900017, 12.917557474000034 ], [ 77.81737743400015, 12.91741068000016 ], [ 77.816952736000189, 12.916727955000056 ], [ 77.816500070000018, 12.916001591000168 ], [ 77.816501781000113, 12.91596570300004 ], [ 77.816509653000196, 12.91580069000014 ], [ 77.816553819000148, 12.914874831000191 ], [ 77.816817857000103, 12.914298251000105 ], [ 77.817159866000111, 12.914119570000139 ], [ 77.817466315000161, 12.913841722000086 ], [ 77.817641543000093, 12.913755664000064 ], [ 77.817744072000096, 12.913774098000147 ], [ 77.817775779000158, 12.913695565000125 ], [ 77.817926683000053, 12.913723600000083 ], [ 77.818048578000059, 12.913557970000056 ], [ 77.818172613000115, 12.913564759000167 ], [ 77.818209823000188, 12.913566797000158 ], [ 77.818486581000172, 12.913581945000146 ], [ 77.819015711000077, 12.913421564000146 ], [ 77.819675137000104, 12.913125328000149 ], [ 77.820016090000138, 12.912935602000061 ], [ 77.820442036000031, 12.912697840000078 ], [ 77.820798440000033, 12.912379192 ], [ 77.821000477000155, 12.912010275000171 ], [ 77.821033343000067, 12.911950263000165 ], [ 77.821170535000192, 12.911465074000091 ], [ 77.821202203000155, 12.911353076000012 ], [ 77.821251755000162, 12.911177831000032 ], [ 77.821408754000117, 12.910243248000029 ], [ 77.821304907000126, 12.90959104600006 ], [ 77.821277379000151, 12.908927770999981 ], [ 77.821253539000168, 12.908393558000114 ], [ 77.82153779500004, 12.907901449000178 ], [ 77.821561161000034, 12.907860998000103 ], [ 77.821682919000125, 12.907745993000105 ], [ 77.821923743000184, 12.907518525000114 ], [ 77.82208471000007, 12.907366486000058 ], [ 77.822476186000131, 12.906841343000053 ], [ 77.822324916000071, 12.906674797000107 ], [ 77.822174378000057, 12.906576270000016 ], [ 77.822039422000046, 12.906487940000034 ], [ 77.821592226000178, 12.90619418600005 ], [ 77.821564090000152, 12.906101023000076 ], [ 77.821398514000123, 12.905552760000091 ], [ 77.821410204000074, 12.905461483000067 ], [ 77.821461788000079, 12.905058698000062 ], [ 77.821491272000173, 12.904828471000087 ], [ 77.821646187000113, 12.904161878000139 ], [ 77.821673731000089, 12.904043355000169 ], [ 77.82174755200009, 12.903792690000103 ], [ 77.821830088000127, 12.903512437000131 ], [ 77.821889862000148, 12.903309469000021 ], [ 77.821827136000081, 12.903297659000089 ], [ 77.821541100000047, 12.903243805999978 ], [ 77.821522719000029, 12.903213713000071 ], [ 77.821536650000041, 12.903161589000035 ], [ 77.821503170000085, 12.903078996000033 ], [ 77.821458688000178, 12.902969260000191 ], [ 77.821219328000041, 12.902466944000025 ], [ 77.821202468000081, 12.90243706300015 ], [ 77.821182060000183, 12.902400898000053 ], [ 77.821207760000163, 12.90240471200002 ], [ 77.821464499000172, 12.902442819999976 ], [ 77.82147727600011, 12.902103886000191 ], [ 77.821653811000033, 12.901906458000042 ], [ 77.821707649000075, 12.901846248000027 ], [ 77.822327138000048, 12.901733490000083 ], [ 77.822862622000116, 12.901595904999965 ], [ 77.823143690000109, 12.901371249000078 ], [ 77.823224787000186, 12.901306429000044 ], [ 77.823565700000074, 12.900826774000052 ], [ 77.823847978000117, 12.900188971000091 ], [ 77.823964782000189, 12.899758070000075 ], [ 77.823975205000067, 12.899719614999981 ], [ 77.823998160000144, 12.899662286000137 ], [ 77.824212166000052, 12.899127794000151 ], [ 77.824219726000138, 12.89910891400018 ], [ 77.824427280000123, 12.898885183000061 ], [ 77.824880905000043, 12.898395583000024 ], [ 77.825330082, 12.897802844000125 ], [ 77.825345592000076, 12.897782376 ], [ 77.825523986000064, 12.897111636000147 ], [ 77.825299281000071, 12.896595219000119 ], [ 77.825228787000071, 12.896186099000033 ], [ 77.825224675000072, 12.896162229000026 ], [ 77.825416786000062, 12.895870140000056 ], [ 77.825451614000144, 12.895817187000034 ], [ 77.825568547000103, 12.895639398000185 ], [ 77.825883777000115, 12.894754380000109 ], [ 77.826332709000098, 12.894035124000141 ], [ 77.827027659000066, 12.893593120000162 ], [ 77.827691633000086, 12.893236242000114 ], [ 77.82811843800016, 12.892838200000028 ], [ 77.828290064000157, 12.892448726000168 ], [ 77.828326329000049, 12.89217376400012 ], [ 77.82834370300003, 12.892042022000055 ], [ 77.82840237500011, 12.891597152000031 ], [ 77.828762960000176, 12.890515517000154 ], [ 77.829264943000055, 12.890013719000024 ], [ 77.829668991000119, 12.889784175000045 ], [ 77.829900872, 12.889568742000051 ], [ 77.830028737000191, 12.889449973000069 ], [ 77.830192579000084, 12.888715178000155 ], [ 77.830163449000167, 12.888313072000074 ], [ 77.830157597000039, 12.888232288000154 ], [ 77.830144745000041, 12.888054884000042 ], [ 77.830403046000185, 12.887449593000156 ], [ 77.830532438000034, 12.887359194000055 ], [ 77.830757232000167, 12.887202154000022 ], [ 77.83087212900017, 12.886609580000027 ], [ 77.831166562000135, 12.885770039000079 ], [ 77.831526645000167, 12.885039769000059 ], [ 77.831546036000077, 12.884935705000146 ], [ 77.831675714000141, 12.884239759000138 ], [ 77.831766575000131, 12.883752511000125 ], [ 77.831870431000198, 12.883597167000062 ], [ 77.831894881000096, 12.883560597000042 ], [ 77.832026515000109, 12.883363704000033 ], [ 77.832211090000044, 12.882894838000141 ], [ 77.83231428800002, 12.882382906000032 ], [ 77.832243553000126, 12.882000688000062 ], [ 77.832174408000185, 12.881798986000035 ], [ 77.832154795000065, 12.881741773000044 ], [ 77.832134269000164, 12.881721318000189 ], [ 77.831708623000111, 12.881297163 ], [ 77.831646804000059, 12.88123556100004 ], [ 77.831716023000183, 12.881100349000064 ], [ 77.831729881000115, 12.881073280000066 ], [ 77.831694810000101, 12.881039979000036 ], [ 77.831654922000041, 12.880947862000141 ], [ 77.831570546000137, 12.880752734000168 ], [ 77.83153086700014, 12.880660971000111 ], [ 77.831400440000095, 12.880327809999983 ], [ 77.831379295000033, 12.880273797000086 ], [ 77.831239952000146, 12.879917860000035 ], [ 77.831331749000185, 12.878730309000105 ], [ 77.831417943000019, 12.878772846000118 ], [ 77.831458369000188, 12.878792796000027 ], [ 77.831468319000123, 12.878788783000118 ], [ 77.831470698000032, 12.878787824000142 ], [ 77.831535057000167, 12.87876204000014 ], [ 77.831602832000158, 12.878734887000121 ], [ 77.831587507000052, 12.878687401999969 ], [ 77.831565707000038, 12.878619854000078 ], [ 77.831560905000174, 12.87860497500003 ], [ 77.831491061000065, 12.87838855900003 ], [ 77.831435541000076, 12.877949958999977 ], [ 77.831244703000095, 12.877445354000088 ], [ 77.831488052000054, 12.877081722000185 ], [ 77.831622358000175, 12.877002675000142 ], [ 77.831698964000111, 12.876958187000184 ], [ 77.831819299000017, 12.876888303999976 ], [ 77.831689906000065, 12.876215026000068 ], [ 77.831585602000132, 12.875539768000124 ], [ 77.831581094000114, 12.875510578000046 ], [ 77.831559167000194, 12.875368623000099 ], [ 77.831744116000095, 12.874505954000028 ], [ 77.831872138000051, 12.87421122600017 ], [ 77.831939181000166, 12.874252566000052 ], [ 77.831984023000189, 12.874280217000091 ], [ 77.832057243000179, 12.874325367000097 ], [ 77.83206744000006, 12.874401466000108 ], [ 77.83210079800017, 12.874397478000162 ], [ 77.83215196000009, 12.874391299000081 ], [ 77.832223800000179, 12.874382622000155 ], [ 77.832358536000129, 12.874366348000024 ], [ 77.8328953890001, 12.874090166000087 ], [ 77.833120257000189, 12.873935445000029 ], [ 77.83312676700001, 12.87393096500017 ], [ 77.833253069000193, 12.873791693000044 ], [ 77.833429845000069, 12.873587699000041 ], [ 77.833634690000054, 12.873430937000023 ], [ 77.833680050000055, 12.873396224000089 ], [ 77.83371527200012, 12.873369375000095 ], [ 77.833799225000064, 12.873305380000033 ], [ 77.833863122000139, 12.873256672000082 ], [ 77.833877200000018, 12.873244445000012 ], [ 77.833985150000103, 12.873150682000187 ], [ 77.83456035800009, 12.872651010000027 ], [ 77.834781951000195, 12.872469276000118 ], [ 77.834891190000121, 12.872379681999973 ], [ 77.834932607000042, 12.872345714 ], [ 77.834956667000085, 12.872326657000144 ], [ 77.834990877000109, 12.872299578000082 ], [ 77.835323601000084, 12.872176679000177 ], [ 77.835380192000059, 12.872155776000113 ], [ 77.835648256000013, 12.872204202000034 ], [ 77.835779960000082, 12.872236778000058 ], [ 77.835806514000183, 12.872243347000165 ], [ 77.835895927000195, 12.872207730000127 ], [ 77.836112562000096, 12.872121316000118 ], [ 77.836144835000198, 12.872108434000097 ], [ 77.836178087000064, 12.872095037000122 ], [ 77.836839366000163, 12.871828339000103 ], [ 77.836835847000145, 12.871813880000047 ], [ 77.836782646000074, 12.87165016 ], [ 77.836592384000141, 12.871032267000146 ], [ 77.836610057000144, 12.870943555999986 ], [ 77.836628454000106, 12.870852128000081 ], [ 77.83666244200009, 12.870786887000065 ], [ 77.836682473000053, 12.870748443000082 ], [ 77.83675751700008, 12.870551409000143 ], [ 77.836806902000149, 12.870486551000113 ], [ 77.836931589000073, 12.870382402000132 ], [ 77.83694819800013, 12.870356293000157 ], [ 77.837245453000094, 12.869889024000145 ], [ 77.836819652000145, 12.870031517000143 ], [ 77.836013442000024, 12.870329682000033 ], [ 77.835580483, 12.869972556000107 ], [ 77.83515832900008, 12.86972349600012 ], [ 77.833894643000178, 12.868977945000154 ], [ 77.832867506000184, 12.868254619000027 ], [ 77.832416119000015, 12.867947202000039 ], [ 77.832231217000185, 12.867642560999968 ], [ 77.832158231, 12.867522308000048 ], [ 77.832103044000178, 12.86702965600017 ], [ 77.832006489000094, 12.866057914000066 ], [ 77.831992770000113, 12.865524592000156 ], [ 77.831771750000087, 12.865036430000089 ], [ 77.831758084000057, 12.864222891 ], [ 77.832053046999988, 12.863445564000074 ], [ 77.832384796000042, 12.863007217000131 ], [ 77.832453945000168, 12.862736052000173 ], [ 77.832513913000128, 12.86228409600011 ], [ 77.832463480000115, 12.862045462000083 ], [ 77.832463287000053, 12.862044546000163 ], [ 77.831385405, 12.861872604000155 ], [ 77.830657685, 12.861721322000051 ], [ 77.830123286000116, 12.861610227000028 ], [ 77.829450760999976, 12.86151518700018 ], [ 77.82909607800002, 12.861442805000024 ], [ 77.828557157000148, 12.861279993000039 ], [ 77.827995235000174, 12.860954468000045 ], [ 77.827332017000174, 12.860421017000021 ], [ 77.826687207000134, 12.859987001000036 ], [ 77.826378596000097, 12.859892026000068 ], [ 77.825788964000139, 12.859937103000163 ], [ 77.825696917000073, 12.859548394000058 ], [ 77.825070531000108, 12.859146015000078 ], [ 77.824154135000128, 12.857862241000078 ], [ 77.824107555000012, 12.85777078600006 ], [ 77.823440457000061, 12.85646099600001 ], [ 77.823076693000189, 12.855841725000062 ], [ 77.823074990000123, 12.855841768000118 ], [ 77.821478277999972, 12.855882054000119 ], [ 77.821364638000034, 12.855892108000035 ], [ 77.82089940600008, 12.855933266000079 ], [ 77.820662936000019, 12.85595418600019 ], [ 77.817702316, 12.856034696000108 ], [ 77.817696422999973, 12.856034856000122 ], [ 77.816397407000181, 12.856120420000082 ], [ 77.816098006000175, 12.85607515099997 ], [ 77.815545314000076, 12.855790279000075 ], [ 77.815422728000044, 12.855697545 ], [ 77.815224498000191, 12.855547589000025 ], [ 77.81476238700003, 12.855198012000187 ], [ 77.812786722999988, 12.85346648899997 ], [ 77.811202530000116, 12.85206950700001 ], [ 77.810534848000145, 12.851228676000176 ], [ 77.810498000000109, 12.851138097000046 ], [ 77.809839773000078, 12.849520063000114 ], [ 77.809402605000116, 12.848720338000135 ], [ 77.809402402000046, 12.848719967000022 ], [ 77.807919495000192, 12.847671006000155 ], [ 77.807917001000135, 12.847672124000098 ], [ 77.80656048100019, 12.848285295000096 ], [ 77.804756898000051, 12.849284546000092 ], [ 77.803478412000175, 12.849992859000167 ], [ 77.803476676000173, 12.849993510000104 ], [ 77.802262223000184, 12.850448989000085 ], [ 77.801322452000136, 12.850756046000186 ], [ 77.799722024000062, 12.851320301000044 ], [ 77.799106591000168, 12.851537276000158 ], [ 77.798710774000199, 12.850529271000141 ], [ 77.798561648000145, 12.850061923 ], [ 77.797551176000184, 12.846895109000172 ], [ 77.797377606000055, 12.846438237000029 ], [ 77.796745787000077, 12.844775137999989 ], [ 77.795561874999976, 12.845167972000183 ], [ 77.795561264000014, 12.845168385000136 ], [ 77.794893831000138, 12.845619722000094 ], [ 77.794893548, 12.845619262000071 ], [ 77.794313773000113, 12.844674926999971 ], [ 77.793913266000118, 12.843996848000074 ], [ 77.793577207999988, 12.843440821 ], [ 77.793511574000092, 12.843366158000151 ], [ 77.793199652000055, 12.843011328999978 ], [ 77.793197310000039, 12.843012499999986 ], [ 77.792729747000124, 12.843246196000166 ], [ 77.792729662000056, 12.843246021000084 ], [ 77.792462778000186, 12.842703749000123 ], [ 77.792462978000174, 12.842125233000047 ], [ 77.792742559000146, 12.841431949000082 ], [ 77.793550937000077, 12.839427356000044 ], [ 77.794177790000163, 12.838153017000025 ], [ 77.794272670000169, 12.837913975000106 ], [ 77.794671053000172, 12.836910271000022 ], [ 77.79528405200017, 12.835712759000103 ], [ 77.795684376000111, 12.834942505000129 ], [ 77.795818041000075, 12.834685323000144 ], [ 77.79589682500017, 12.834533737000072 ], [ 77.795897040000114, 12.834533323000187 ], [ 77.796947297000031, 12.834235359000047 ], [ 77.798144976000117, 12.833833483000035 ], [ 77.799080109000101, 12.833445081000036 ], [ 77.799922965000064, 12.833544771000106 ], [ 77.800145841000187, 12.833529216000159 ], [ 77.800696782000045, 12.833490768000161 ], [ 77.802249090000032, 12.83315225500013 ], [ 77.803253263000101, 12.832894928000087 ], [ 77.804538408000099, 12.832597000000135 ], [ 77.804624660000115, 12.832576509000091 ], [ 77.80621047700015, 12.832199743000047 ], [ 77.806687315000033, 12.83212789300012 ], [ 77.806689514000084, 12.832127561999982 ], [ 77.808886671000096, 12.831653598000059 ], [ 77.809879121000108, 12.831532134000099 ], [ 77.809881583000163, 12.831531832999985 ], [ 77.809812752000084, 12.830596244000105 ], [ 77.809546144000194, 12.828670797000086 ], [ 77.80933548400003, 12.827798324000071 ], [ 77.809012480000092, 12.826460539000152 ], [ 77.808497086999978, 12.82482880200007 ], [ 77.807963321000045, 12.82304338900002 ], [ 77.808209533000195, 12.822024652000039 ], [ 77.80885787200009, 12.819342026000129 ], [ 77.809521443000051, 12.816965953000079 ], [ 77.809521748000122, 12.816964859000166 ], [ 77.809895201000018, 12.815532223000105 ], [ 77.808020605000195, 12.81591137200013 ], [ 77.805003734000081, 12.816534248000153 ], [ 77.802288778000161, 12.816982525000014 ], [ 77.802161911000042, 12.81700347300017 ], [ 77.801973514000167, 12.815588762000061 ], [ 77.801879827000164, 12.815048245000014 ], [ 77.801798810000093, 12.814580824000188 ], [ 77.801676994000161, 12.814238100000068 ], [ 77.801516100000129, 12.813785425000162 ], [ 77.801426080000169, 12.813532151000175 ], [ 77.800202557000091, 12.808537552000189 ], [ 77.800115123000126, 12.808316061000085 ], [ 77.80000888800015, 12.807452163 ], [ 77.79973394700005, 12.8052162890001 ], [ 77.799733844000116, 12.805215452000141 ], [ 77.801203021999982, 12.805071264999981 ], [ 77.802990010000087, 12.804805131000023 ], [ 77.803392965000114, 12.804805248000093 ], [ 77.803395288000047, 12.804805248000093 ], [ 77.80330351200007, 12.803697901000078 ], [ 77.80337278200011, 12.802750114000048 ], [ 77.803372879000051, 12.802748792000159 ], [ 77.80414929900013, 12.802834683000071 ], [ 77.804151164000018, 12.802834889000053 ], [ 77.804487723000079, 12.801601115000096 ], [ 77.804526287000101, 12.801472033000096 ], [ 77.80499942300014, 12.799888304000092 ], [ 77.805100756000115, 12.799599273000069 ], [ 77.805100825000181, 12.799599074000128 ], [ 77.80533572600018, 12.799499709000145 ], [ 77.806173912000077, 12.799445707000132 ], [ 77.807277023000154, 12.799387372000183 ], [ 77.807279208000068, 12.799387257000092 ], [ 77.807288604000121, 12.798736426000175 ], [ 77.807321037000065, 12.798049446000164 ], [ 77.807383029, 12.797950110000102 ], [ 77.807648162000191, 12.79752525300006 ], [ 77.808071978999976, 12.797064362000185 ], [ 77.808537208000018, 12.796725512000023 ], [ 77.808380713000133, 12.796427172000051 ], [ 77.807855735000032, 12.796341155000107 ], [ 77.807814384000096, 12.79600216800003 ], [ 77.80764420100013, 12.795251856000164 ], [ 77.807644292000077, 12.794935479000173 ], [ 77.807377220000149, 12.79482241300002 ], [ 77.807041044000073, 12.794799723000096 ], [ 77.806866185000047, 12.794307030000141 ], [ 77.806797160000144, 12.79412170500018 ], [ 77.806654415000139, 12.794058390000146 ], [ 77.806652563000171, 12.794059073000142 ], [ 77.806608113000038, 12.794075464000173 ], [ 77.806394421000107, 12.794154266000078 ], [ 77.806158282000183, 12.794241345000103 ], [ 77.806115546000058, 12.794257105000156 ], [ 77.80599210500003, 12.794252835000179 ], [ 77.80553326900008, 12.794236961000081 ], [ 77.805457004000061, 12.794234323000069 ], [ 77.805321773000173, 12.794204469000078 ], [ 77.805130618000078, 12.794162270000072 ], [ 77.804821522000111, 12.794094033000022 ], [ 77.80454062900003, 12.794008080000083 ], [ 77.804029381000191, 12.794233917000042 ], [ 77.804029236000076, 12.794234118000134 ], [ 77.803607090000128, 12.794819039000117 ], [ 77.80344888000019, 12.79503825200004 ], [ 77.803302373000065, 12.795332673000189 ], [ 77.803167789000099, 12.795603128999971 ], [ 77.802854508000053, 12.796014329000059 ], [ 77.802852376000033, 12.796015356000055 ], [ 77.802601180000067, 12.796136286000149 ], [ 77.802209696000148, 12.796258202999979 ], [ 77.801716937000151, 12.796239978000187 ], [ 77.80134855700004, 12.796104279000076 ], [ 77.800929694000104, 12.795408125 ], [ 77.800731850000091, 12.794820508000157 ], [ 77.800372763000155, 12.794431708000161 ], [ 77.800183947000164, 12.794431652000128 ], [ 77.800183534000041, 12.794432722000067 ], [ 77.800018024, 12.794860970000116 ], [ 77.799847436000107, 12.795480114000043 ], [ 77.799478951000083, 12.795683387000054 ], [ 77.79947872300005, 12.795683378000149 ], [ 77.799234875000138, 12.795674274000078 ], [ 77.798562684000046, 12.795118148000086 ], [ 77.798292869000193, 12.794833553999979 ], [ 77.79790359500015, 12.794422955000016 ], [ 77.797631398000078, 12.794135846000188 ], [ 77.797071094000103, 12.793544839000049 ], [ 77.795966231000079, 12.792360336000172 ], [ 77.79542840300013, 12.791715122000085 ], [ 77.795219643000109, 12.791464678000125 ], [ 77.795197469000016, 12.79143807700018 ], [ 77.794240941000112, 12.789988112000174 ], [ 77.792919082000083, 12.787984306000112 ], [ 77.792167463000169, 12.785964260000128 ], [ 77.791805678000173, 12.784991913000056 ], [ 77.791285969000057, 12.783084436000081 ], [ 77.791239965000159, 12.78294883 ], [ 77.790701169000158, 12.782971248000138 ], [ 77.790434116000029, 12.782858165000107 ], [ 77.790291462000084, 12.782568857000115 ], [ 77.790047611000091, 12.782270611000115 ], [ 77.79004750100006, 12.782270476000065 ], [ 77.789412330000175, 12.781366324000032 ], [ 77.789370944000154, 12.781199081000125 ], [ 77.789569093000125, 12.780819497000152 ], [ 77.789647487000195, 12.780512186000067 ], [ 77.78953709000001, 12.780164133000085 ], [ 77.788911086000098, 12.77940009200006 ], [ 77.788681207000195, 12.779188648000115 ], [ 77.788041036000038, 12.778599809000184 ], [ 77.787493146000031, 12.778323918000183 ], [ 77.787124796000114, 12.77820175700009 ], [ 77.786738206999985, 12.777582426000095 ], [ 77.786738154000091, 12.777582375000179 ], [ 77.785847538000098, 12.77668620500009 ], [ 77.785843457000055, 12.776682099000141 ], [ 77.785421686000063, 12.776257693 ], [ 77.784409316000108, 12.774363585000117 ], [ 77.784129352000036, 12.773962354000048 ], [ 77.784128569000075, 12.773961232000147 ], [ 77.783617564000167, 12.773603992000062 ], [ 77.782936342000141, 12.772821838000027 ], [ 77.781564668000158, 12.771343398000113 ], [ 77.78068560100013, 12.770172472000013 ], [ 77.779716354000129, 12.769067512999982 ], [ 77.77942445400015, 12.768734738000092 ], [ 77.778844541000069, 12.768006849000187 ], [ 77.778785023000069, 12.767763774000059 ], [ 77.778784775000076, 12.767762764000111 ], [ 77.778832488000035, 12.767764219000185 ], [ 77.77953463800003, 12.767785626000091 ], [ 77.779535342000088, 12.767785648000086 ], [ 77.779945285000167, 12.767478465000124 ], [ 77.780673188000094, 12.766574801000161 ], [ 77.780986637000183, 12.765729739000051 ], [ 77.781286071000068, 12.765399914 ], [ 77.781824388000132, 12.76507503400012 ], [ 77.781824948000178, 12.765074697000045 ], [ 77.782718411000133, 12.764681814000141 ], [ 77.783061758000031, 12.764551649000111 ], [ 77.783063813000069, 12.764550870000107 ], [ 77.782815386000038, 12.763954181000031 ], [ 77.782815508000056, 12.763633283000161 ], [ 77.783207029000039, 12.763308010000117 ], [ 77.784501100000114, 12.76238207900019 ], [ 77.784501290000094, 12.76238194300015 ], [ 77.785385541000153, 12.761961935000045 ], [ 77.786092961000065, 12.761611059000131 ], [ 77.78687172900004, 12.761224776000063 ], [ 77.786979036000105, 12.761171549000039 ], [ 77.789843565000069, 12.759911546000126 ], [ 77.792067942000187, 12.758895362999965 ], [ 77.79372066500008, 12.758073624000133 ], [ 77.793721265000102, 12.758073316000093 ], [ 77.79427660500005, 12.757767223000087 ], [ 77.79427852800012, 12.757766166000067 ], [ 77.794389086000194, 12.757621572 ], [ 77.794370192000088, 12.757572841000183 ], [ 77.794363890000056, 12.757527543000151 ], [ 77.794363749000183, 12.757526527000039 ], [ 77.794116510000038, 12.755749372000025 ], [ 77.794099667000182, 12.755628297000044 ], [ 77.793511128000034, 12.753137758000094 ], [ 77.79304189100003, 12.751903730000151 ], [ 77.792826985000033, 12.751287435000052 ], [ 77.79354410100018, 12.750946235000072 ], [ 77.793590258, 12.750611793000076 ], [ 77.793631790000063, 12.750340625000035 ], [ 77.793599674000063, 12.750001637000082 ], [ 77.793420291000075, 12.749436619000051 ], [ 77.793153502000109, 12.748650106000071 ], [ 77.792995073000043, 12.748251443000186 ], [ 77.792964883000081, 12.748175476000029 ], [ 77.7927439770001, 12.74786354600019 ], [ 77.792417211000043, 12.747438585999987 ], [ 77.792122825000035, 12.747138300000188 ], [ 77.792058194999981, 12.747072373000151 ], [ 77.791620911000052, 12.746688055000163 ], [ 77.790898313000127, 12.746268743000087 ], [ 77.79063117100003, 12.746113723000065 ], [ 77.789512572000149, 12.745376634000081 ], [ 77.788762284000029, 12.744757180000022 ], [ 77.787597664000145, 12.743983911000043 ], [ 77.786359412000195, 12.743133775000047 ], [ 77.786025732000098, 12.742846189999966 ], [ 77.785938701000134, 12.742771182000183 ], [ 77.785871510000163, 12.742713272000174 ], [ 77.784914047000086, 12.742089213000156 ], [ 77.784228179000138, 12.741632479000032 ], [ 77.783687173000146, 12.741293923000057 ], [ 77.783616740000127, 12.741249846000073 ], [ 77.783603104000065, 12.741241312000056 ], [ 77.783556111000166, 12.741211904000124 ], [ 77.782963871000163, 12.741455193000093 ], [ 77.782874572000139, 12.741491877000101 ], [ 77.782160827000155, 12.741704040000172 ], [ 77.781479360000162, 12.741789662000144 ], [ 77.780848515000116, 12.741938577000099 ], [ 77.78005654500015, 12.742019635000077 ], [ 77.77939816200012, 12.741942551000079 ], [ 77.779058241000143, 12.741862731000083 ], [ 77.778781245000118, 12.74179768700003 ], [ 77.778201167000077, 12.741643795000073 ], [ 77.777745476000121, 12.741309163000096 ], [ 77.777468994000174, 12.74105742100005 ], [ 77.777368063000097, 12.740965522000181 ], [ 77.777068888000144, 12.74071230200019 ], [ 77.776820306000161, 12.740590174000033 ], [ 77.776373720000151, 12.740522205000161 ], [ 77.775823556000091, 12.740509357000178 ], [ 77.77558639800003, 12.74050381800015 ], [ 77.774808285000063, 12.740485432000071 ], [ 77.773961112, 12.740457977000176 ], [ 77.773141523000163, 12.740529963000085 ], [ 77.772379181000133, 12.740518186000088 ], [ 77.771939819000181, 12.740511398000081 ], [ 77.770972949000111, 12.740452247000064 ], [ 77.770471689000033, 12.740414189000091 ], [ 77.770135000000153, 12.740388625000151 ], [ 77.769540696000035, 12.740305596000098 ], [ 77.769453611000188, 12.740293430000179 ], [ 77.768896556000186, 12.740153086000078 ], [ 77.768353307000098, 12.740030827 ], [ 77.767933966000157, 12.739809983000043 ], [ 77.767649019000089, 12.739659916000164 ], [ 77.766424518000122, 12.739144149000026 ], [ 77.76590352400018, 12.73888815600003 ], [ 77.765678795000156, 12.738777734000166 ], [ 77.765567809, 12.738711203999969 ], [ 77.764965126000163, 12.73834992400009 ], [ 77.764946919000181, 12.738339009000185 ], [ 77.764436024000076, 12.73795461300017 ], [ 77.764293232000171, 12.737817241000187 ], [ 77.76424906900013, 12.737774756000135 ], [ 77.764098415000149, 12.737629819000119 ], [ 77.763462054000115, 12.737017607000098 ], [ 77.763331495999978, 12.73689200299998 ], [ 77.762980903000198, 12.736334844000169 ], [ 77.76295882800008, 12.736299760000122 ], [ 77.762811599000031, 12.736069191000126 ], [ 77.762415986000121, 12.735314227 ], [ 77.762066478000122, 12.734428213000058 ], [ 77.761703260000104, 12.733325248000028 ], [ 77.761528632000022, 12.732615578000093 ], [ 77.761464349000164, 12.732235895000031 ], [ 77.761432483000192, 12.732034430000169 ], [ 77.761289904000193, 12.73113301300009 ], [ 77.761238632000186, 12.730870966000168 ], [ 77.761147515000062, 12.730405280000184 ], [ 77.76112713700013, 12.73009845200005 ], [ 77.761102280000102, 12.729724193000038 ], [ 77.761097561000156, 12.729653132000124 ], [ 77.761088079000103, 12.72951035400007 ], [ 77.761037947000034, 12.728407526000126 ], [ 77.761084968000091, 12.727566920000186 ], [ 77.761089015000152, 12.727494572000069 ], [ 77.761199568000166, 12.727372589000026 ], [ 77.761581775000082, 12.727214571000047 ], [ 77.762367527000094, 12.727079172000174 ], [ 77.762732872000186, 12.727016215 ], [ 77.763688272000195, 12.726813993000121 ], [ 77.764565447000052, 12.72662832400016 ], [ 77.766434822000065, 12.726299192000113 ], [ 77.767240606000144, 12.726114227000153 ], [ 77.767765192000184, 12.72598035599998 ], [ 77.768124672000113, 12.725888617000123 ], [ 77.768898319000073, 12.725486689000093 ], [ 77.769048154000131, 12.725412707000032 ], [ 77.76955682900001, 12.725161545000049 ], [ 77.769943610000155, 12.725057752000055 ], [ 77.770311979000155, 12.724982857000157 ], [ 77.770675706000134, 12.724908905000063 ], [ 77.771140769000169, 12.724768985000026 ], [ 77.771633441000063, 12.724656194000033 ], [ 77.77260954400009, 12.724516480000034 ], [ 77.773511977000055, 12.724385772000062 ], [ 77.774451258000056, 12.724214399000175 ], [ 77.774014232000127, 12.723609774000124 ], [ 77.773235586000055, 12.722532506 ], [ 77.773199700000077, 12.722482855000067 ], [ 77.772339286000147, 12.721239591000085 ], [ 77.771626125000182, 12.720186213000147 ], [ 77.770701383000073, 12.718680775999985 ], [ 77.770319608000193, 12.717871593000098 ], [ 77.770162645000084, 12.71727428000014 ], [ 77.770105473000115, 12.717056712999977 ], [ 77.770064927000135, 12.71690241500005 ], [ 77.770002460000057, 12.716664703000049 ], [ 77.769772697000121, 12.715670274000104 ], [ 77.76957065300013, 12.71445439200005 ], [ 77.769502081000098, 12.713328959000137 ], [ 77.769522438000138, 12.713007780000112 ], [ 77.769553069000096, 12.712524472999974 ], [ 77.769481503000179, 12.712588255000128 ], [ 77.768747100000098, 12.71324276900009 ], [ 77.768595103000052, 12.713409933999969 ], [ 77.768374065000046, 12.713540912000155 ], [ 77.766988312000024, 12.713576484999976 ], [ 77.765745218000063, 12.713743183000133 ], [ 77.765775440000084, 12.713067554000077 ], [ 77.765777768000078, 12.713015525000117 ], [ 77.765847238000163, 12.712089017000039 ], [ 77.765884439000104, 12.711252889000093 ], [ 77.765898100000072, 12.711135224999964 ], [ 77.766004597000119, 12.71021793 ], [ 77.766156897000087, 12.709368292000079 ], [ 77.766203174999987, 12.70882594800014 ], [ 77.76612067800005, 12.707994287000133 ], [ 77.765808284000116, 12.706520731000069 ], [ 77.765422237000053, 12.705042623000168 ], [ 77.765222702000131, 12.704292259000113 ], [ 77.76518784700005, 12.704161181000075 ], [ 77.76506851, 12.703365662000067 ], [ 77.764916958000072, 12.702547530000061 ], [ 77.764811394000048, 12.701837892000128 ], [ 77.764701249999973, 12.701078535000079 ], [ 77.764485110000066, 12.700576754000053 ], [ 77.763923902000158, 12.699636412000075 ], [ 77.763408558000151, 12.69908478300016 ], [ 77.762671872000112, 12.698371455000142 ], [ 77.762465256000098, 12.698171388000162 ], [ 77.761860739000099, 12.697673147000046 ], [ 77.761751983000124, 12.697583511000119 ], [ 77.760804035000035, 12.697007423000059 ], [ 77.760799330000111, 12.69700456400011 ], [ 77.760782015000188, 12.697004094000022 ], [ 77.760333224000078, 12.696991919000027 ], [ 77.75995230000018, 12.69698158500006 ], [ 77.759471022000128, 12.697025118 ], [ 77.758212111000148, 12.697138984 ], [ 77.75673439000019, 12.697147343000097 ], [ 77.755385525000065, 12.697237109000071 ], [ 77.754285242000037, 12.697340545000088 ], [ 77.753992987000117, 12.697379346 ], [ 77.752351651000197, 12.697597248000079 ], [ 77.751494025000113, 12.697786104999977 ], [ 77.751163818000066, 12.697858818000043 ], [ 77.75054684800017, 12.698061905000088 ], [ 77.749994282000102, 12.698340460000111 ], [ 77.749239118000162, 12.698721141000078 ], [ 77.748884036000106, 12.698996669000167 ], [ 77.748819222000066, 12.699015717000123 ], [ 77.748483586000191, 12.699114361000113 ], [ 77.748431875000051, 12.699124235000056 ], [ 77.746941542000116, 12.699408827000127 ], [ 77.746089951000101, 12.699544792000097 ], [ 77.744073695000054, 12.699740017000011 ], [ 77.74212645200015, 12.699853840000117 ], [ 77.741389353000045, 12.699863341000082 ], [ 77.740676348000079, 12.699872529000174 ], [ 77.740280389000077, 12.699874954999984 ], [ 77.739884543000016, 12.69987737800011 ], [ 77.739479387000074, 12.699773594000021 ], [ 77.739134063000108, 12.699633625000104 ], [ 77.738627488000191, 12.699195423000106 ], [ 77.738493194000114, 12.69902828 ], [ 77.737462188000052, 12.697745072999965 ], [ 77.737406171000146, 12.697650417000148 ], [ 77.736448705000157, 12.696032516000116 ], [ 77.735329331000059, 12.694256720999988 ], [ 77.735282167000094, 12.694181541000034 ], [ 77.73518192500012, 12.694021754 ], [ 77.735179637000101, 12.694017516000031 ], [ 77.73501607500009, 12.693714479999983 ], [ 77.734923834000199, 12.693294184000024 ], [ 77.73487773800008, 12.693145052000148 ], [ 77.73495092200011, 12.692001537000124 ], [ 77.735019911000052, 12.691852360000098 ], [ 77.73575156600009, 12.691165074000082 ], [ 77.736869296000066, 12.690343943000073 ], [ 77.737191978000112, 12.690106884000102 ], [ 77.737955907000128, 12.68956873000019 ], [ 77.739318022000134, 12.688456324000128 ], [ 77.739768880000156, 12.687832418000028 ], [ 77.740348577000077, 12.687090946000126 ], [ 77.740803955000104, 12.686286247999988 ], [ 77.741006273000096, 12.685766397000066 ], [ 77.741070578, 12.685440952000079 ], [ 77.741116377000196, 12.684903087000066 ], [ 77.741134641000087, 12.684559582000134 ], [ 77.741180288000066, 12.683673701000089 ], [ 77.741180439000118, 12.683669897000129 ], [ 77.741230374999986, 12.682412681000073 ], [ 77.741142648000107, 12.681802558000129 ], [ 77.740898008000158, 12.68025692000009 ], [ 77.740828817000192, 12.679927011000075 ], [ 77.740727228000196, 12.679190341000037 ], [ 77.74058414100017, 12.678290979000053 ], [ 77.740616327000168, 12.678205091000052 ], [ 77.740974943000197, 12.677219644000161 ], [ 77.741218552000191, 12.67639695500003 ], [ 77.741199976000075, 12.675979563000169 ], [ 77.741176715, 12.675456874000133 ], [ 77.741135079000117, 12.674977802000114 ], [ 77.740941539000119, 12.674494274000097 ], [ 77.740467057999979, 12.67364928600017 ], [ 77.73992841, 12.672989870000151 ], [ 77.73992821600018, 12.672989633000043 ], [ 77.739163891000089, 12.672474701000056 ], [ 77.738514762000136, 12.67223994200009 ], [ 77.738095869000176, 12.672199436000085 ], [ 77.737012053000058, 12.672292140000138 ], [ 77.736951874000113, 12.672297287000106 ], [ 77.735812844, 12.672394704000112 ], [ 77.733529792000127, 12.672526677000064 ], [ 77.733308796000131, 12.672526101000017 ], [ 77.730514798000058, 12.672518797000123 ], [ 77.730059127000118, 12.672595804000025 ], [ 77.729962458000045, 12.672582281000075 ], [ 77.729317971000057, 12.672424334000084 ], [ 77.728079616, 12.672063217000129 ], [ 77.725807585000041, 12.67141655100005 ], [ 77.725193209000054, 12.67124168099997 ], [ 77.724622415000056, 12.67118764900016 ], [ 77.724621128000194, 12.671188282000116 ], [ 77.72442912300005, 12.6712826320001 ], [ 77.724171437000052, 12.671504189000018 ], [ 77.723912067000072, 12.671897748 ], [ 77.723858603999986, 12.671978870000146 ], [ 77.723490850000132, 12.673312315000089 ], [ 77.723288571000182, 12.674012942000047 ], [ 77.723129273000154, 12.674986725000053 ], [ 77.723049743000161, 12.675472892000073 ], [ 77.722773639000195, 12.679534865000164 ], [ 77.722765868000181, 12.679649205000032 ], [ 77.722764443000131, 12.679649690000133 ], [ 77.722646200000042, 12.679689924000115 ], [ 77.72186876, 12.679997616000151 ], [ 77.719253944000059, 12.681032464000168 ], [ 77.719194303000165, 12.681056066000167 ], [ 77.717776651000122, 12.681445229000133 ], [ 77.71314162900012, 12.682676084999969 ], [ 77.712339714000109, 12.682914672000095 ], [ 77.712231560000077, 12.682946850000121 ], [ 77.711590491000038, 12.683137578000071 ], [ 77.711708716000146, 12.680042174000107 ], [ 77.711754830000018, 12.678834763000111 ], [ 77.711906102000114, 12.676864121000165 ], [ 77.71186426100013, 12.675576016000036 ], [ 77.711883884000088, 12.67548871300005 ], [ 77.712144649000038, 12.674328489000118 ], [ 77.711895426000126, 12.67227661600009 ], [ 77.711710824000136, 12.670776128000114 ], [ 77.711485041000174, 12.670034964000081 ], [ 77.711139081000169, 12.667716456999983 ], [ 77.711014611000166, 12.667119893 ], [ 77.710927128000151, 12.6670295240001 ], [ 77.709762373000103, 12.666356440000186 ], [ 77.708372103000045, 12.665751212000032 ], [ 77.708072858000037, 12.665570512000158 ], [ 77.707543383000029, 12.665109656000027 ], [ 77.707517026000062, 12.665077582000038 ], [ 77.707083331000149, 12.664549841000166 ], [ 77.70708292400019, 12.664549345000125 ], [ 77.706852706000177, 12.664305347000038 ], [ 77.706240212000125, 12.66326599000007 ], [ 77.705637029, 12.662570125000173 ], [ 77.705001670000115, 12.662009861000172 ], [ 77.704228216000104, 12.661404436000055 ], [ 77.70326152500013, 12.661079285000085 ], [ 77.702515804000143, 12.660858024000163 ], [ 77.702363897999987, 12.660812868000164 ], [ 77.701810716000068, 12.660705786000165 ], [ 77.701291380999976, 12.660605252000039 ], [ 77.694115646, 12.66088730600012 ], [ 77.693673771000135, 12.660873853000112 ], [ 77.69218704900004, 12.660842568000135 ], [ 77.692164234000018, 12.660829881000041 ], [ 77.69191084300013, 12.660688963000098 ], [ 77.691911129000118, 12.660690277000072 ], [ 77.691909532000125, 12.66068938900014 ], [ 77.691656343000034, 12.660549335000098 ], [ 77.690321240000117, 12.659311231000174 ], [ 77.689925325000161, 12.658985899000072 ], [ 77.689925333000133, 12.658985805000043 ], [ 77.688366888000076, 12.659371088000057 ], [ 77.68690735600012, 12.659731904000068 ], [ 77.685982231000196, 12.659912890000101 ], [ 77.684615228000155, 12.660062326000059 ], [ 77.682806364000101, 12.660270600000047 ], [ 77.680591630000151, 12.660333723 ], [ 77.678654644000119, 12.660388909000176 ], [ 77.678654693, 12.66038921500018 ], [ 77.678931142000067, 12.662101831000143 ], [ 77.678503127999988, 12.662377613000046 ], [ 77.677449172000195, 12.662906611000096 ], [ 77.677361832000088, 12.663521308999975 ], [ 77.677104585, 12.666310022000062 ], [ 77.677073111000084, 12.670350656000096 ], [ 77.677142209000124, 12.671437553000032 ], [ 77.67714235700015, 12.671439896000152 ], [ 77.675094306000062, 12.673089949000143 ], [ 77.676363043000151, 12.679366310000148 ], [ 77.676384321000114, 12.679471565000085 ], [ 77.676382882000098, 12.679471836000175 ], [ 77.675035315000059, 12.679717425000149 ], [ 77.670699581000122, 12.680507525000166 ], [ 77.670699107000075, 12.680507636000073 ], [ 77.666450996000037, 12.681588350000141 ], [ 77.662771134000025, 12.682697596000082 ], [ 77.662625884000136, 12.68274137700007 ], [ 77.661861779000049, 12.682985536000103 ], [ 77.661803970000165, 12.683013824000113 ], [ 77.66056834900013, 12.683618449000164 ], [ 77.660350348000122, 12.683691822000128 ], [ 77.659910112000091, 12.683839991000184 ], [ 77.659909729000162, 12.683839858999988 ], [ 77.659514217000151, 12.683704444000057 ], [ 77.65729536300006, 12.682836899000165 ], [ 77.65540796900018, 12.682127492000177 ], [ 77.652563083000189, 12.680997824000144 ], [ 77.650132525000174, 12.680075999000167 ], [ 77.649087568000141, 12.679601507000143 ], [ 77.648364854000192, 12.679366533000064 ], [ 77.648363832000086, 12.679366463000065 ], [ 77.646201358000042, 12.679217527 ], [ 77.643982620000145, 12.678946472000064 ], [ 77.641665154000066, 12.677716993 ], [ 77.64158892100005, 12.677676549000068 ], [ 77.637883338000165, 12.675706092000155 ], [ 77.637082396000153, 12.675620241000104 ], [ 77.632838336000191, 12.675046320000092 ], [ 77.629100632000188, 12.674567248000074 ], [ 77.623908378000067, 12.673902785999985 ], [ 77.618877282000199, 12.672646147000023 ], [ 77.606930482000053, 12.669318627000052 ], [ 77.604286044000105, 12.668581926000115 ], [ 77.598873125000182, 12.667157641000131 ], [ 77.598164760000088, 12.663180205000174 ], [ 77.597297993000041, 12.657667468000113 ], [ 77.596821835000071, 12.658519763000072 ], [ 77.596151639000027, 12.66018139200014 ], [ 77.595949672000131, 12.660682134000183 ], [ 77.595571447000168, 12.658058577000077 ], [ 77.595537272000115, 12.65782172500019 ], [ 77.595500024000046, 12.658058595000057 ], [ 77.595469804000061, 12.658250349000127 ], [ 77.594326909000074, 12.665502073000084 ], [ 77.594290030000138, 12.66573607800018 ], [ 77.594066536000128, 12.667154142000072 ], [ 77.594159739000077, 12.667341946000022 ], [ 77.594215789000089, 12.667454883 ], [ 77.594424099000094, 12.667874757000106 ], [ 77.597610490000079, 12.67437973900013 ], [ 77.597752222000054, 12.674669071999972 ], [ 77.599219648000144, 12.67766464400006 ], [ 77.599541389000194, 12.678321425000092 ], [ 77.599630002000197, 12.678502312999967 ], [ 77.600322119000168, 12.680971660000125 ], [ 77.600239154000121, 12.680995467 ], [ 77.600302923000186, 12.681222725000168 ], [ 77.600378640000145, 12.681492572000025 ], [ 77.601419546000102, 12.685202114 ], [ 77.602264961000117, 12.688214858000038 ], [ 77.602338124000084, 12.688475576000144 ], [ 77.603501932000086, 12.692622778999976 ], [ 77.60355469000018, 12.69281050799998 ], [ 77.603638156000159, 12.693107502000032 ], [ 77.61309218800011, 12.703500189000124 ], [ 77.613893675000043, 12.707887114000073 ], [ 77.613959580000085, 12.708247828000083 ], [ 77.61425808000007, 12.709881596000059 ], [ 77.61451510400002, 12.711288327000034 ], [ 77.614514307000093, 12.711288617000037 ], [ 77.614448616000061, 12.711312009000039 ], [ 77.614438796000115, 12.711315464000052 ], [ 77.611018307000165, 12.712517917000184 ], [ 77.608447689000116, 12.713458646000106 ], [ 77.607589147000112, 12.713772827000071 ], [ 77.607147426999973, 12.71393447100013 ], [ 77.605787799000097, 12.714432013000078 ], [ 77.603953491000027, 12.715110304000177 ], [ 77.603863968000041, 12.715143507000164 ], [ 77.603450162000058, 12.715296977000037 ], [ 77.603053045000138, 12.715441722000037 ], [ 77.602547812000182, 12.715749853000034 ], [ 77.600777346000086, 12.716793593999967 ], [ 77.600582468000084, 12.716908478999983 ], [ 77.600566810000032, 12.716917497000054 ], [ 77.6004942080001, 12.716959343000099 ], [ 77.60009189900012, 12.717194088000099 ], [ 77.599046714000053, 12.717806928000186 ], [ 77.59893383900004, 12.717873111000074 ], [ 77.597730604000049, 12.718578616000059 ], [ 77.597714201000031, 12.718589380000083 ], [ 77.597651432000077, 12.718630563000033 ], [ 77.597258940000074, 12.718874258000028 ], [ 77.5968866770001, 12.719109255000035 ], [ 77.596701058000122, 12.719226427000137 ], [ 77.596643947000132, 12.719193814000164 ], [ 77.596431928000072, 12.719295197000122 ], [ 77.596408682000117, 12.719306363000157 ], [ 77.596401316000197, 12.719310931000166 ], [ 77.59632788000016, 12.719356506000111 ], [ 77.59592794800011, 12.719572744000061 ], [ 77.59553665500016, 12.719785597 ], [ 77.595329280000158, 12.719898825000143 ], [ 77.595286691000069, 12.719922079000128 ], [ 77.595062147000135, 12.720044682000037 ], [ 77.594981871000073, 12.720102206000035 ], [ 77.594943705000105, 12.720125290000169 ], [ 77.594857281000088, 12.720177558000046 ], [ 77.594841528000075, 12.720187797000051 ], [ 77.594832348000068, 12.720192638000015 ], [ 77.594321497000124, 12.720462054000109 ], [ 77.59421738400016, 12.720516960000054 ], [ 77.593227549000062, 12.719717914 ], [ 77.593094761000089, 12.719610721000095 ], [ 77.592186003000052, 12.71887711300019 ], [ 77.589843383000186, 12.716985967000028 ], [ 77.589743012000156, 12.71690762500009 ], [ 77.589645051000105, 12.716831168000056 ], [ 77.589519721000045, 12.716733324000131 ], [ 77.589432438000188, 12.716665182000042 ], [ 77.589291675000197, 12.716555272000164 ], [ 77.589338005000116, 12.716511957000023 ], [ 77.58819576000019, 12.715660840000055 ], [ 77.587599287000103, 12.715203906999989 ], [ 77.587158231000046, 12.714866032000032 ], [ 77.58614484400016, 12.714089707000028 ], [ 77.586144784000112, 12.71408966000007 ], [ 77.58612791000013, 12.714075963000084 ], [ 77.585264249000033, 12.713374853000175 ], [ 77.584881283000129, 12.713086677000149 ], [ 77.584094936000156, 12.712492887000053 ], [ 77.58375054600009, 12.712232090000043 ], [ 77.583503956000129, 12.712031775000071 ], [ 77.582545684000081, 12.711295426000163 ], [ 77.582383165000181, 12.711170247000041 ], [ 77.582383125000035, 12.711170215000038 ], [ 77.582035975000053, 12.710902557999987 ], [ 77.582035909000069, 12.710902511000086 ], [ 77.581412566000097, 12.710450390000062 ], [ 77.581412522000107, 12.710450357000127 ], [ 77.580547485000181, 12.709743213000081 ], [ 77.58026277800019, 12.709508736000146 ], [ 77.579785176000087, 12.709115395000026 ], [ 77.579661550000139, 12.709006985000087 ], [ 77.579106405000175, 12.708596676000184 ], [ 77.578681050000057, 12.708234811000182 ], [ 77.578676276000181, 12.708226809000053 ], [ 77.578483364000192, 12.707903506000036 ], [ 77.578483342000197, 12.707903469000087 ], [ 77.578390167000066, 12.70775145600004 ], [ 77.578117709000082, 12.707349413000088 ], [ 77.57805721200009, 12.707266252000068 ], [ 77.577925932000085, 12.707083580000017 ], [ 77.576901608000071, 12.705625781000094 ], [ 77.576901585000144, 12.705625749000092 ], [ 77.575744143000122, 12.703900764000139 ], [ 77.575713839000116, 12.70385557100019 ], [ 77.575639818000127, 12.703830024000126 ], [ 77.569514611000045, 12.70171595700009 ], [ 77.569069845000172, 12.701562440000089 ], [ 77.568621599000039, 12.701401374000056 ], [ 77.568212977000144, 12.70125454600003 ], [ 77.568070324000132, 12.701203119000127 ], [ 77.567991291999988, 12.701301789000127 ], [ 77.567991269000117, 12.701301812 ], [ 77.567010909000146, 12.702320945000054 ], [ 77.565274021000164, 12.70420239900011 ], [ 77.565128301000186, 12.704359597000177 ], [ 77.56334467400012, 12.706324321000181 ], [ 77.563275168000075, 12.706403174000059 ], [ 77.56320524400013, 12.706482501000096 ], [ 77.562126878000072, 12.707705878000183 ], [ 77.561323793000156, 12.708605859000102 ], [ 77.561283502000094, 12.708650771000123 ], [ 77.561261098000045, 12.70867574000016 ], [ 77.560919168000169, 12.709738 ], [ 77.560919142000159, 12.709738072000107 ], [ 77.560435178000091, 12.710933431000171 ], [ 77.560005031000117, 12.711691469000186 ], [ 77.559097588999975, 12.713260844999979 ], [ 77.559097630999986, 12.71544885600008 ], [ 77.559097636999979, 12.715795486 ], [ 77.55909764300003, 12.716082836000169 ], [ 77.559098484000174, 12.716150310000046 ], [ 77.55912080700017, 12.717943280999975 ], [ 77.559123551000198, 12.718101151000099 ], [ 77.559156391000045, 12.71922903400008 ], [ 77.559179977000042, 12.719756583000105 ], [ 77.559181944000159, 12.719800763000023 ], [ 77.559254714000133, 12.721472633000133 ], [ 77.558821406000163, 12.722712835000095 ], [ 77.557572119000099, 12.726280491000068 ], [ 77.557448686999976, 12.726633868000079 ], [ 77.557143502000031, 12.727507597000169 ], [ 77.557231095000134, 12.728189173999965 ], [ 77.55758347900013, 12.730931073000079 ], [ 77.557584452000128, 12.730938644000105 ], [ 77.557585287000109, 12.730945123000026 ], [ 77.557585302000177, 12.730945210000129 ], [ 77.557590382000058, 12.730946440000025 ], [ 77.557595478000167, 12.730947670000148 ], [ 77.557611275000113, 12.730951606000076 ], [ 77.558080254000117, 12.731068565000101 ], [ 77.558092418000058, 12.731071601000167 ], [ 77.559439200000099, 12.731407829000091 ], [ 77.55973390000014, 12.731481400000064 ], [ 77.56245087800005, 12.732159673000126 ], [ 77.562783415000126, 12.732080235000126 ], [ 77.562963868000054, 12.732037127000126 ], [ 77.566743185000064, 12.73113970300011 ], [ 77.566743344000145, 12.731139666000047 ], [ 77.566743513000063, 12.731139626000015 ], [ 77.566879787000175, 12.731107211999984 ], [ 77.56842609600011, 12.730739399000015 ], [ 77.569305313000086, 12.730525152000155 ], [ 77.569421061000071, 12.730497874000037 ], [ 77.57063403799998, 12.730212007000091 ], [ 77.570762743999978, 12.730181675000097 ], [ 77.570888104000062, 12.730171286000029 ], [ 77.570981165000035, 12.730196461000048 ], [ 77.571852689000195, 12.73101742800003 ], [ 77.572409601000118, 12.731886836000058 ], [ 77.572794667000153, 12.732487967000111 ], [ 77.572750453000083, 12.732534881999982 ], [ 77.572204143000135, 12.73311456 ], [ 77.571698537000088, 12.733649235000087 ], [ 77.570066003000193, 12.734025025000108 ], [ 77.568662779000078, 12.734415126000158 ], [ 77.568408817000034, 12.734485796000115 ], [ 77.567993631000093, 12.735443310000107 ], [ 77.568963790000169, 12.737380898000026 ], [ 77.569060873000126, 12.737599588000023 ], [ 77.569153905000178, 12.737809155000036 ], [ 77.569350705000147, 12.738252468000042 ], [ 77.569597486000021, 12.738932000000148 ], [ 77.569672898000078, 12.739139648999981 ], [ 77.569563707000157, 12.739414336999971 ], [ 77.569902998000089, 12.740453645000173 ], [ 77.570639380000102, 12.742820315000074 ], [ 77.570868585000142, 12.74319925500015 ], [ 77.571627525000054, 12.744453983000028 ], [ 77.572159598000098, 12.745114677000174 ], [ 77.572442291000129, 12.745465705000072 ], [ 77.572692659000097, 12.745776592000141 ], [ 77.573103770000046, 12.746287076000101 ], [ 77.573520178000081, 12.746804132000079 ], [ 77.575014945000191, 12.748221050999973 ], [ 77.575292284000113, 12.748484388 ], [ 77.575468338000121, 12.749741978000145 ], [ 77.575477139000043, 12.749805552999987 ], [ 77.576033411000083, 12.750811217000091 ], [ 77.576516825000112, 12.751171280000108 ], [ 77.576547787000038, 12.751194342000076 ], [ 77.577983518000053, 12.75093026900015 ], [ 77.580301790000192, 12.751212178000117 ], [ 77.580602293000084, 12.751248719000046 ], [ 77.581634569000073, 12.751693664000186 ], [ 77.581793463000054, 12.751762153000072 ], [ 77.582644348000031, 12.751713551000137 ], [ 77.583054386000072, 12.751700305000099 ], [ 77.583570039000165, 12.751671900000133 ], [ 77.585376332000124, 12.751703297000176 ], [ 77.585840817000133, 12.751616440000191 ], [ 77.587244603000102, 12.751333039000087 ], [ 77.588040249000187, 12.751025871000081 ], [ 77.588220776000128, 12.750956176000102 ], [ 77.588845256000127, 12.750715087000117 ], [ 77.590721233000181, 12.750157393000165 ], [ 77.592204056000185, 12.750305929000035 ], [ 77.592815709000092, 12.750361069000121 ], [ 77.593647030000056, 12.750445821000028 ], [ 77.594126259000177, 12.75049467499997 ], [ 77.594490515000075, 12.750809139000069 ], [ 77.595176531, 12.75140142500004 ], [ 77.595325890000197, 12.751530382000169 ], [ 77.595512586000041, 12.752292865000072 ], [ 77.595636296000123, 12.752826753000022 ], [ 77.595847974000037, 12.753740189000098 ], [ 77.595991309000112, 12.754349973000103 ], [ 77.596074216000147, 12.754702683000176 ], [ 77.596342345000039, 12.755170363000161 ], [ 77.596549788000061, 12.755532232000178 ], [ 77.596672733000162, 12.755746699000042 ], [ 77.597232885000153, 12.756723831000102 ], [ 77.597274612000149, 12.756760692 ], [ 77.59770224, 12.757306641000184 ], [ 77.597870178000051, 12.757521045000146 ], [ 77.59803281600017, 12.757728677000102 ], [ 77.59815217400012, 12.757881053000062 ], [ 77.598430934000078, 12.758236928000144 ], [ 77.598430878000102, 12.758239073000027 ], [ 77.598187359000065, 12.758108692000178 ], [ 77.598006626000142, 12.758011926000165 ], [ 77.597949819000178, 12.757981512000129 ], [ 77.597925657000133, 12.758080075 ], [ 77.597874059000105, 12.758290560000148 ], [ 77.597382218000178, 12.760296904000029 ], [ 77.597190558000136, 12.761124877000043 ], [ 77.596959966000043, 12.762121107000098 ], [ 77.596548515000052, 12.763621253000053 ], [ 77.596460432000129, 12.763942467000163 ], [ 77.5964430840001, 12.764005730000122 ], [ 77.596389340000087, 12.764074700000151 ], [ 77.595532254000034, 12.765174595000133 ], [ 77.595171392000054, 12.765637400000116 ], [ 77.595481270999983, 12.765658425000026 ], [ 77.595669365000106, 12.765671168000097 ], [ 77.595591813999988, 12.766230549999989 ], [ 77.59557792600009, 12.766330702000118 ], [ 77.595494415000189, 12.767007063000051 ], [ 77.595188117000077, 12.769464850000077 ], [ 77.594902872000034, 12.769998110000188 ], [ 77.594806234000032, 12.770178773000112 ], [ 77.594581549000168, 12.770598817000064 ], [ 77.593746954000153, 12.772100392000027 ], [ 77.593329124000036, 12.772852046000025 ], [ 77.592744389000018, 12.773905234000154 ], [ 77.592583713000067, 12.774403525000082 ], [ 77.592037918000131, 12.776049826000133 ], [ 77.592013156, 12.776971744000036 ], [ 77.591999519000069, 12.777449336000132 ], [ 77.59199291800013, 12.77768050800006 ], [ 77.592168696000101, 12.777824176000024 ], [ 77.592160168000134, 12.778266021000093 ], [ 77.592153055000153, 12.778634559000011 ], [ 77.592129992000082, 12.779829652000046 ], [ 77.592118712000058, 12.779841415000078 ], [ 77.591083837000156, 12.780920638999987 ], [ 77.590788983000095, 12.781176288000097 ], [ 77.588529066000035, 12.783135666000021 ], [ 77.588219492000178, 12.78340406600006 ], [ 77.587062029000094, 12.783968428000037 ], [ 77.586845800000049, 12.784073857000124 ], [ 77.584494440000185, 12.785220320000064 ], [ 77.58373900600003, 12.785533949000126 ], [ 77.582373720000021, 12.786100756000053 ], [ 77.582267849000061, 12.786144709000041 ], [ 77.581966134000083, 12.786270178000052 ], [ 77.581311356000072, 12.78654264000005 ], [ 77.581332802000077, 12.786656271000084 ], [ 77.581381281000063, 12.786913143000049 ], [ 77.581041359000039, 12.787091320000116 ], [ 77.580243360000168, 12.787510078000139 ], [ 77.579718532000072, 12.787785483999983 ], [ 77.579664192000052, 12.787743886000101 ], [ 77.579326255000069, 12.787485200000049 ], [ 77.577247227000157, 12.785894110000186 ], [ 77.576115592000065, 12.784404810000069 ], [ 77.574702114000161, 12.78285721300017 ], [ 77.573880216000191, 12.781988158000104 ], [ 77.573537864000116, 12.781626161000133 ], [ 77.573177032999979, 12.781250181000075 ], [ 77.572354012, 12.78039259600007 ], [ 77.571413178000171, 12.778878550000059 ], [ 77.571362116000046, 12.778681216000052 ], [ 77.570949975000133, 12.777088434000063 ], [ 77.570929198999977, 12.775562146000084 ], [ 77.570916891000024, 12.774657965000188 ], [ 77.57090696500012, 12.773928696000155 ], [ 77.570902168000146, 12.773721853000154 ], [ 77.570854070999985, 12.771647637000115 ], [ 77.57110777000014, 12.770828450000124 ], [ 77.571362691000161, 12.770005311000148 ], [ 77.571442950000119, 12.769746151 ], [ 77.571842025000194, 12.767129927999974 ], [ 77.571706314999972, 12.766225513000052 ], [ 77.571691540000131, 12.766127049000033 ], [ 77.570743590000177, 12.7622574560001 ], [ 77.570519334000096, 12.762034134000089 ], [ 77.56952043800004, 12.761039387000096 ], [ 77.567747742000108, 12.760247699000161 ], [ 77.566904790000194, 12.759650946000079 ], [ 77.56665931800012, 12.759477168000046 ], [ 77.566412818000174, 12.75923312600014 ], [ 77.566296761000046, 12.759284713000056 ], [ 77.566247402000158, 12.759306653000067 ], [ 77.56479924000007, 12.759950349000064 ], [ 77.563144178000073, 12.760787918000176 ], [ 77.562560153000163, 12.761374562000015 ], [ 77.562299983000116, 12.761635895999973 ], [ 77.56149926400019, 12.762440196000114 ], [ 77.561454465000168, 12.762486859000148 ], [ 77.559641370000122, 12.764375391000101 ], [ 77.558576764000179, 12.765349171000025 ], [ 77.558608726000159, 12.766510499000162 ], [ 77.558618510000088, 12.766855289000091 ], [ 77.558680922000065, 12.769054452000091 ], [ 77.558635412000058, 12.769214649999981 ], [ 77.558558013000095, 12.769487095000045 ], [ 77.55774239700014, 12.77235801400019 ], [ 77.55768683000008, 12.772548829000073 ], [ 77.557598458000029, 12.772852823 ], [ 77.557301349000056, 12.773874860000092 ], [ 77.557247734000157, 12.774059288000103 ], [ 77.556895581000049, 12.775662816000079 ], [ 77.556178736000163, 12.777308467000069 ], [ 77.556222953000031, 12.779370296000081 ], [ 77.556352934000188, 12.781059366000022 ], [ 77.557501441000113, 12.782119321000039 ], [ 77.557804406, 12.782398924000177 ], [ 77.557889019000186, 12.782477012000072 ], [ 77.558042439000076, 12.782513118000054 ], [ 77.558265203000076, 12.782565543000032 ], [ 77.559179933000053, 12.782780813999977 ], [ 77.561223934000168, 12.783261824000022 ], [ 77.562088287000165, 12.784330217000047 ], [ 77.562187275000042, 12.785650893000025 ], [ 77.562268859000199, 12.786739355000066 ], [ 77.562448932999985, 12.786946251000131 ], [ 77.562489650000089, 12.786990251000191 ], [ 77.563562449000131, 12.788149503 ], [ 77.563334459000089, 12.788529968000148 ], [ 77.562185886000179, 12.788797424000052 ], [ 77.562143661000164, 12.788754949 ], [ 77.56132542000006, 12.787931877000119 ], [ 77.55961969800012, 12.787830209000049 ], [ 77.559563150000088, 12.787846195000157 ], [ 77.55820195300015, 12.788230984999984 ], [ 77.556825632000027, 12.788556338000035 ], [ 77.556397858000196, 12.788657694000051 ], [ 77.556262919000119, 12.788689685000122 ], [ 77.554688506000161, 12.789157153000076 ], [ 77.553058161000138, 12.789641212000049 ], [ 77.552905461000137, 12.789686293000159 ], [ 77.5530198780001, 12.790300752000121 ], [ 77.553054178000082, 12.790483914000163 ], [ 77.553222173000051, 12.791375512000059 ], [ 77.553782510000133, 12.793153165000149 ], [ 77.554250948000174, 12.794708559000014 ], [ 77.555037703000153, 12.797343894000051 ], [ 77.555678120000152, 12.798611016000052 ], [ 77.555873484000131, 12.799220760000082 ], [ 77.555996627000127, 12.799605099000189 ], [ 77.555829969000172, 12.79962531200016 ], [ 77.5552415840001, 12.799696673000085 ], [ 77.554835047000097, 12.7997459770001 ], [ 77.55478875100016, 12.79974358200019 ], [ 77.554343600000038, 12.799720550000018 ], [ 77.55433169700018, 12.799751711000056 ], [ 77.554222561000074, 12.800037433000057 ], [ 77.553485266000052, 12.800232568000126 ], [ 77.553465679000112, 12.800219923000043 ], [ 77.553229406000014, 12.800067402000138 ], [ 77.55320789000001, 12.800053557000126 ], [ 77.553165475000185, 12.800114343000018 ], [ 77.553031023000074, 12.800307026000098 ], [ 77.551878456000168, 12.800578537999968 ], [ 77.550699048000126, 12.800856368000041 ], [ 77.549646295000116, 12.801058060000059 ], [ 77.549393540000096, 12.801114985000027 ], [ 77.547554867000088, 12.801396384000157 ], [ 77.547498791000066, 12.801404966000121 ], [ 77.545802173000197, 12.800745199000175 ], [ 77.544194741000069, 12.799842351000109 ], [ 77.542716714000107, 12.798868601000152 ], [ 77.542134467000153, 12.798546397000166 ], [ 77.542147859000181, 12.798408357000085 ], [ 77.542160055000124, 12.798282340000071 ], [ 77.542170696000198, 12.798172157000067 ], [ 77.542183523000119, 12.798038983000083 ], [ 77.542416750000143, 12.795535481000059 ], [ 77.542391094000152, 12.794810929000164 ], [ 77.542334869, 12.794728416000169 ], [ 77.542557240000065, 12.794473380000056 ], [ 77.542572399000164, 12.794455993000099 ], [ 77.543269060000114, 12.793656991000091 ], [ 77.543493530000035, 12.793399545000113 ], [ 77.543485039000132, 12.793385515000182 ], [ 77.543409116000191, 12.793260155000098 ], [ 77.54358333800019, 12.793159131000095 ], [ 77.543736981000052, 12.793089935000069 ], [ 77.544469157000037, 12.792759569000054 ], [ 77.545254543, 12.792405189000078 ], [ 77.54555000300013, 12.79196889900004 ], [ 77.546254579000163, 12.790928475000101 ], [ 77.546588759000088, 12.790674701000057 ], [ 77.546721318000152, 12.79057403600018 ], [ 77.546823676000088, 12.790496307000012 ], [ 77.546966785000109, 12.79038763 ], [ 77.547625735999986, 12.789887223000107 ], [ 77.548305596000148, 12.788639753000098 ], [ 77.548315412000079, 12.788621742000089 ], [ 77.548316893999981, 12.788617913000053 ], [ 77.548999394000134, 12.78685383200019 ], [ 77.548862009000061, 12.786491707000152 ], [ 77.548955407000165, 12.786296713000183 ], [ 77.549434490000124, 12.785297281999988 ], [ 77.549435041000038, 12.785296131 ], [ 77.549354501000153, 12.785206100000096 ], [ 77.548160299000074, 12.783871133000048 ], [ 77.547083667000038, 12.782364605999987 ], [ 77.546205013000133, 12.780714065000154 ], [ 77.545914968000034, 12.780200555000079 ], [ 77.545325178999974, 12.779320381000105 ], [ 77.545036438000182, 12.77848262100008 ], [ 77.544708942000057, 12.777532403000123 ], [ 77.544382695000195, 12.776888461000169 ], [ 77.544295309000063, 12.776715985000067 ], [ 77.544158218000177, 12.776445406000164 ], [ 77.543870701000117, 12.775878296000144 ], [ 77.54384911600016, 12.775835723000114 ], [ 77.545533556000123, 12.775206566000179 ], [ 77.546454193000159, 12.774632524000083 ], [ 77.547117330000049, 12.77420156900007 ], [ 77.547411405000105, 12.774197004000143 ], [ 77.548017655000194, 12.774201208000136 ], [ 77.548477686000183, 12.774204397000119 ], [ 77.549494255000184, 12.774192564000089 ], [ 77.5499874570001, 12.773996056000044 ], [ 77.550349058000108, 12.77385136700002 ], [ 77.551203708000116, 12.773509385000182 ], [ 77.55167796000012, 12.773299994000183 ], [ 77.551705281000125, 12.773287932000073 ], [ 77.551695580000114, 12.772916059000124 ], [ 77.551682823000078, 12.772425238999972 ], [ 77.551308185000153, 12.771838050000156 ], [ 77.551269677000164, 12.771775847000072 ], [ 77.550830981999979, 12.771067190000167 ], [ 77.550551214000109, 12.77087907400005 ], [ 77.549881378000123, 12.770858991000068 ], [ 77.549161426000069, 12.770817112999964 ], [ 77.548418956000091, 12.770656010000039 ], [ 77.547389578000036, 12.770421784000064 ], [ 77.546530244000166, 12.769855718000088 ], [ 77.546345847000055, 12.769734251000102 ], [ 77.546277217000068, 12.769689041000106 ], [ 77.546099927000171, 12.769551353000054 ], [ 77.545822668000199, 12.767959967000024 ], [ 77.54581532900005, 12.767917502000159 ], [ 77.545758153000122, 12.767661056000065 ], [ 77.545635038000171, 12.767106688000013 ], [ 77.545669069000041, 12.767079549000186 ], [ 77.545928761000198, 12.76687245 ], [ 77.545826383000076, 12.766634633000137 ], [ 77.546024953000142, 12.766736665000053 ], [ 77.546008427000061, 12.766382089000047 ], [ 77.545996859000127, 12.766133901999979 ], [ 77.545995320000088, 12.766100893000043 ], [ 77.545661943000141, 12.765990576000036 ], [ 77.545513790000086, 12.765941550999969 ], [ 77.545545606000189, 12.765589384000066 ], [ 77.54544661000017, 12.765223884000022 ], [ 77.545410984000057, 12.765092677000098 ], [ 77.54503735600008, 12.763704143000155 ], [ 77.544135329000142, 12.762079592000077 ], [ 77.543953580000107, 12.761524215000065 ], [ 77.543921069000191, 12.761424373000182 ], [ 77.543213647000073, 12.759219969000185 ], [ 77.543130186000042, 12.758956058000138 ], [ 77.542199483, 12.754985474000023 ], [ 77.542140604000053, 12.754734271000132 ], [ 77.542075901000089, 12.754458231 ], [ 77.542062191000184, 12.754399735000163 ], [ 77.54139990900012, 12.752096595000012 ], [ 77.541268172000116, 12.751639163 ], [ 77.540985053000099, 12.750251671000115 ], [ 77.540939013000184, 12.750026039000147 ], [ 77.540904121000153, 12.749855386000149 ], [ 77.54081287300005, 12.749409101000083 ], [ 77.540895485000135, 12.748875623000174 ], [ 77.540900412999974, 12.748843750000106 ], [ 77.540834334000124, 12.748883163000073 ], [ 77.540872565000029, 12.748629640000161 ], [ 77.540936887000157, 12.748203100000183 ], [ 77.540950079000197, 12.748115622000057 ], [ 77.539436691000049, 12.74999423700018 ], [ 77.537189450000199, 12.752782749000119 ], [ 77.536640945000158, 12.753463351000107 ], [ 77.536472397000068, 12.753672898000161 ], [ 77.535914221000098, 12.754366843000128 ], [ 77.535585330000117, 12.754783049000082 ], [ 77.534697772000072, 12.755915400000049 ], [ 77.53470453400007, 12.755768659000069 ], [ 77.534497781000141, 12.755550604000064 ], [ 77.534428734000187, 12.755477709 ], [ 77.534275736000154, 12.755263855000067 ], [ 77.534264879000034, 12.75524864700003 ], [ 77.5341687290001, 12.755113967999989 ], [ 77.534116635000032, 12.755096505000097 ], [ 77.534093134000159, 12.755088694000051 ], [ 77.533717118000084, 12.754963707000115 ], [ 77.533547175000194, 12.754907218000142 ], [ 77.533453441000063, 12.754644971 ], [ 77.533420866000085, 12.754553833000102 ], [ 77.533360644000084, 12.754465745000118 ], [ 77.533259149000116, 12.754394508000189 ], [ 77.533185607000121, 12.7543428890001 ], [ 77.533203026000194, 12.754318708000142 ], [ 77.533215073000065, 12.754301985000041 ], [ 77.533415153000078, 12.753902317000041 ], [ 77.533386765000046, 12.753383770000028 ], [ 77.533334283000158, 12.753274902999976 ], [ 77.53276468700011, 12.752786413000081 ], [ 77.532699573, 12.752730570000153 ], [ 77.532580748000044, 12.752423285000077 ], [ 77.532560118000106, 12.752257040000075 ], [ 77.532541810000055, 12.752191137000011 ], [ 77.532357859000172, 12.751528980000046 ], [ 77.531959901000107, 12.751268978000041 ], [ 77.531856671000071, 12.751201533000028 ], [ 77.531787178000116, 12.751248768000153 ], [ 77.531608604000098, 12.751370148000035 ], [ 77.531590264000158, 12.751331789000176 ], [ 77.531376802000068, 12.750885322000101 ], [ 77.531364376000113, 12.750859331000129 ], [ 77.531361501000163, 12.750853318000111 ], [ 77.53130939600004, 12.750744749999967 ], [ 77.531247978000067, 12.750616777000175 ], [ 77.531185804000074, 12.750493160000133 ], [ 77.529982063000091, 12.748099783999976 ], [ 77.529733748000012, 12.747622106000108 ], [ 77.528630428000042, 12.745499634000168 ], [ 77.528575083000192, 12.74539316500011 ], [ 77.528406958000062, 12.745068290000177 ], [ 77.524179251000078, 12.736898611000186 ], [ 77.52408305300014, 12.736712709000074 ], [ 77.52294962600007, 12.734522332000154 ], [ 77.5227605070001, 12.734168006000118 ], [ 77.52275348600017, 12.734149386000183 ], [ 77.521940988000097, 12.73202744300005 ], [ 77.521807656000078, 12.731683661000034 ], [ 77.521783355000082, 12.731746785999974 ], [ 77.517194624000126, 12.735671674 ], [ 77.517109144000131, 12.735744786000055 ], [ 77.517495120000092, 12.736816672000089 ], [ 77.517516398999987, 12.736875785000109 ], [ 77.518243133999988, 12.738906380000117 ], [ 77.518309650000162, 12.73909592800004 ], [ 77.51835182100001, 12.739216102 ], [ 77.518439304000083, 12.739465397000117 ], [ 77.519056418000162, 12.740839129000108 ], [ 77.519550942000194, 12.741939317000174 ], [ 77.51938393800009, 12.741994652000074 ], [ 77.519362935, 12.742010293000021 ], [ 77.519355495000127, 12.742012684000144 ], [ 77.518239071000096, 12.742821283000126 ], [ 77.517269739000199, 12.743522441999971 ], [ 77.516302279000115, 12.744218960000069 ], [ 77.515365221000195, 12.744905317000075 ], [ 77.51443825900003, 12.745571808000079 ], [ 77.513209417000155, 12.74648021500019 ], [ 77.513135346000183, 12.746528497000099 ], [ 77.513045026000157, 12.74659155500018 ], [ 77.512889235000159, 12.746707265000168 ], [ 77.512768583000081, 12.74679687400004 ], [ 77.512607302000163, 12.746394029000157 ], [ 77.512502501000085, 12.746432379000169 ], [ 77.512321221000036, 12.746498716000019 ], [ 77.512279058, 12.746422397 ], [ 77.512243607000187, 12.74635822700003 ], [ 77.511628413000096, 12.745089859000075 ], [ 77.511165876000121, 12.744153730000164 ], [ 77.510548621999988, 12.742888203000177 ], [ 77.510072648000062, 12.74191395500003 ], [ 77.509566918000132, 12.740855088999979 ], [ 77.509013511000092, 12.739677855000139 ], [ 77.508459610000159, 12.738606952000055 ], [ 77.507939270000122, 12.737598724000122 ], [ 77.507777423000107, 12.737440584000183 ], [ 77.50758367200018, 12.737243650000039 ], [ 77.507407788000194, 12.73706504200004 ], [ 77.50661887900003, 12.736290271000144 ], [ 77.50638772700006, 12.736247706000086 ], [ 77.504790891000141, 12.735971003000031 ], [ 77.504439443000194, 12.735917358000108 ], [ 77.503928662000078, 12.735839499000122 ], [ 77.5037126470001, 12.735806572000172 ], [ 77.503131106000183, 12.735699329999989 ], [ 77.502846452000085, 12.735646897000038 ], [ 77.502837949000195, 12.735729114000151 ], [ 77.502710050000189, 12.736946559999978 ], [ 77.502690837000102, 12.737129452000033 ], [ 77.502684696000188, 12.737187906000088 ], [ 77.500729593000187, 12.73799613500006 ], [ 77.496775296000123, 12.73963076300015 ], [ 77.496442031000129, 12.739765473000091 ], [ 77.496434568000154, 12.739768508000054 ], [ 77.494253841000102, 12.739888192000024 ], [ 77.494104286000095, 12.739896399000088 ], [ 77.493995527000038, 12.739912872000104 ], [ 77.493927273000111, 12.739923150000095 ], [ 77.49317833900011, 12.740035919999968 ], [ 77.493096230000162, 12.740048197000021 ], [ 77.493086577000156, 12.740084144000093 ], [ 77.49300608100009, 12.740383935000068 ], [ 77.492704627000194, 12.741567300000042 ], [ 77.492252765000103, 12.741594889999988 ], [ 77.492211298000143, 12.741597553000133 ], [ 77.492186662000051, 12.741695120000145 ], [ 77.492175183000086, 12.741740587000095 ], [ 77.490437677000045, 12.742026083000098 ], [ 77.490361667000116, 12.742038572000126 ], [ 77.489052474000061, 12.742253682000182 ], [ 77.489051484000186, 12.742252634000067 ], [ 77.488860668000029, 12.742261778000113 ], [ 77.48878665400008, 12.742270284000142 ], [ 77.488484538000137, 12.742305002000137 ], [ 77.488400851000051, 12.742306405000022 ], [ 77.488356132000035, 12.742618469000035 ], [ 77.488302647000125, 12.742581166000093 ], [ 77.488243500000124, 12.742539913000144 ], [ 77.488165940999977, 12.74248591300011 ], [ 77.488110499000186, 12.742447311000092 ], [ 77.488104326000155, 12.742443013000127 ], [ 77.488096481000127, 12.742309019000061 ], [ 77.488096977000168, 12.742190830000141 ], [ 77.487485304000074, 12.742361318000178 ], [ 77.487330374000067, 12.742409660000078 ], [ 77.487151092000147, 12.742633822000187 ], [ 77.487145852000083, 12.742640373000086 ], [ 77.48712520700002, 12.742643634000103 ], [ 77.486747054000091, 12.742703368999969 ], [ 77.486586575000047, 12.742758907000109 ], [ 77.486455933000059, 12.742804123000155 ], [ 77.486431824000135, 12.742812473000129 ], [ 77.486379261000138, 12.742898550000064 ], [ 77.486330330000101, 12.742978683000047 ], [ 77.486305051000045, 12.743020079000075 ], [ 77.486204852000185, 12.743083403000185 ], [ 77.485777647000077, 12.743353388 ], [ 77.485498239000094, 12.743733282 ], [ 77.485425866000014, 12.743831684000156 ], [ 77.485425118000137, 12.743832700000098 ], [ 77.485314415000119, 12.744320791000064 ], [ 77.485281269000041, 12.744737965000127 ], [ 77.48525499800013, 12.745059090000098 ], [ 77.485246602000132, 12.745159908000119 ], [ 77.485141614000156, 12.745187272000067 ], [ 77.484842223000157, 12.74539029500005 ], [ 77.484902433000173, 12.745945535000033 ], [ 77.485031679000031, 12.746712287000037 ], [ 77.484697262000168, 12.747381798000106 ], [ 77.484463713000082, 12.747781424000095 ], [ 77.48429237300013, 12.747876148000159 ], [ 77.48377638400018, 12.748161407000055 ], [ 77.483379932000048, 12.748401200000046 ], [ 77.482878134000089, 12.748764498000128 ], [ 77.482590474000062, 12.749459865000176 ], [ 77.482294071000183, 12.749632857999984 ], [ 77.48196286000001, 12.749832950000041 ], [ 77.481223859000067, 12.74977207600017 ], [ 77.48006531700014, 12.750219228000049 ], [ 77.479193427000098, 12.750717474000055 ], [ 77.478439995000144, 12.751501475000168 ], [ 77.477227810000102, 12.75206864800009 ], [ 77.476540973000056, 12.752188637000188 ], [ 77.476002745000073, 12.752564218000089 ], [ 77.475622773000111, 12.754187392000063 ], [ 77.475063463000197, 12.754746885000088 ], [ 77.474987488000181, 12.754822884000077 ], [ 77.474832866000042, 12.754977554999982 ], [ 77.475004080000133, 12.755164589 ], [ 77.475037613000154, 12.75520122100005 ], [ 77.475025390000155, 12.755215346000057 ], [ 77.47490827200005, 12.755359582999972 ], [ 77.474851351000041, 12.755536497999969 ], [ 77.474676043000102, 12.75595346800003 ], [ 77.47445911300008, 12.756202468000026 ], [ 77.474398201000042, 12.756276377000177 ], [ 77.474337291000154, 12.756350286000156 ], [ 77.474238122000031, 12.756459532000122 ], [ 77.474194678000174, 12.756483895000144 ], [ 77.474112480000088, 12.756529990000104 ], [ 77.474013618000072, 12.756585331000167 ], [ 77.47397090100003, 12.756609244000117 ], [ 77.473972540000091, 12.756610995000131 ], [ 77.473973074000128, 12.756611566000117 ], [ 77.473982316000161, 12.756621442000039 ], [ 77.474109460000193, 12.756756832000065 ], [ 77.474053246000153, 12.756931738000162 ], [ 77.474033261000045, 12.756952322000075 ], [ 77.473998736999988, 12.756987881999976 ], [ 77.473969386000135, 12.757018108000182 ], [ 77.473909598000034, 12.757079680000118 ], [ 77.473995162000165, 12.757106209000085 ], [ 77.473983557000167, 12.757143412000062 ], [ 77.473933261000127, 12.757195045000174 ], [ 77.473929410000039, 12.757198998000035 ], [ 77.47390025600015, 12.757228922000024 ], [ 77.473840871000107, 12.757289885000034 ], [ 77.474356418000013, 12.757552043000032 ], [ 77.474535976000141, 12.757613588000083 ], [ 77.474571130000015, 12.757625647999987 ], [ 77.474715448000097, 12.757675170000027 ], [ 77.474822494000023, 12.757748316 ], [ 77.474826263000068, 12.75775089300015 ], [ 77.474893552000083, 12.75779689500007 ], [ 77.474908047000099, 12.75780680400004 ], [ 77.474919710000108, 12.757814777000078 ], [ 77.474898635000045, 12.757865611000057 ], [ 77.474884730000042, 12.757899154000086 ], [ 77.474874109000154, 12.75792477400006 ], [ 77.474827031000132, 12.75803833700013 ], [ 77.474793022000085, 12.758120377000182 ], [ 77.474742436000156, 12.758242403000111 ], [ 77.474685773000033, 12.758444808000093 ], [ 77.474627914000109, 12.75865149100008 ], [ 77.474623524000094, 12.758667173000106 ], [ 77.474587781000082, 12.758794854000087 ], [ 77.474842158000058, 12.758940890000133 ], [ 77.474886982000044, 12.759038783000108 ], [ 77.474900553, 12.759068421000109 ], [ 77.475039982000112, 12.75937292600014 ], [ 77.475137084000153, 12.759590752000065 ], [ 77.475156127000048, 12.759592540000028 ], [ 77.475345509000078, 12.759610314999975 ], [ 77.475382307000075, 12.759262143000115 ], [ 77.475424524000118, 12.758954049000067 ], [ 77.47542525800003, 12.758948684000018 ], [ 77.47542807800005, 12.758928102000141 ], [ 77.475433473000066, 12.758888733000163 ], [ 77.475441186000069, 12.75888597 ], [ 77.475472526000033, 12.758874744000138 ], [ 77.475472656000193, 12.758874697000067 ], [ 77.475608219000151, 12.758826136000039 ], [ 77.475698739000165, 12.758881541000108 ], [ 77.475746340000114, 12.758984340000154 ], [ 77.475932872000101, 12.759387075000177 ], [ 77.475961407000057, 12.75944868300013 ], [ 77.476055208000105, 12.759651192999968 ], [ 77.476103915000124, 12.759838926000157 ], [ 77.476118550000194, 12.759895333000145 ], [ 77.476167739000061, 12.760084925000172 ], [ 77.476187370000162, 12.760161152000023 ], [ 77.476245072000154, 12.76038592600014 ], [ 77.476298216000089, 12.760590599000068 ], [ 77.476315831000079, 12.7606584400001 ], [ 77.476352758000189, 12.761259043000166 ], [ 77.476329494000197, 12.761440460000131 ], [ 77.476266371000065, 12.76193272 ], [ 77.475970223000047, 12.762319330000025 ], [ 77.47578884700016, 12.76255544300011 ], [ 77.475640054, 12.762749139000164 ], [ 77.475626166000097, 12.762767220000171 ], [ 77.475575533000097, 12.76284326800004 ], [ 77.475424469000188, 12.763070154000161 ], [ 77.475189988000068, 12.763421531 ], [ 77.475188446000118, 12.763423843000055 ], [ 77.474927098000194, 12.763630652000188 ], [ 77.474756752000133, 12.763765450000164 ], [ 77.474079150000193, 12.76457652400012 ], [ 77.47411923300001, 12.764742941000122 ], [ 77.474124104000168, 12.764763119000179 ], [ 77.474135942000089, 12.764779822000037 ], [ 77.474227609000138, 12.764909171 ], [ 77.474278265000066, 12.764980094000123 ], [ 77.474306931000115, 12.76502230900013 ], [ 77.474686828000188, 12.765581766000139 ], [ 77.474702430000036, 12.765604740000072 ], [ 77.474885733000065, 12.765874681000128 ], [ 77.475082073000124, 12.766163819999974 ], [ 77.475419866000095, 12.766666602000043 ], [ 77.475630843000033, 12.766932889000145 ], [ 77.475646435000101, 12.766969849000134 ], [ 77.475662938000141, 12.767008961000045 ], [ 77.476012845000014, 12.768058188000055 ], [ 77.476312073000088, 12.768989978000036 ], [ 77.476362397000173, 12.769213806000096 ], [ 77.476383162000047, 12.769305916000064 ], [ 77.476757758000133, 12.77096755499997 ], [ 77.476770308000084, 12.771024411000099 ], [ 77.476784306000184, 12.771092216000113 ], [ 77.476795971000172, 12.771148721000088 ], [ 77.476824523000062, 12.771297298000036 ], [ 77.477050082000176, 12.772471059000054 ], [ 77.477080201000092, 12.772637978000091 ], [ 77.477254242000186, 12.773602527000037 ], [ 77.477271350000137, 12.773698374000105 ], [ 77.477288846000192, 12.773799047000125 ], [ 77.477342306000196, 12.774106671000027 ], [ 77.477361247000033, 12.77421565800006 ], [ 77.477415393000115, 12.774527222000074 ], [ 77.477453578000166, 12.774748448000082 ], [ 77.477467190000198, 12.774827305000144 ], [ 77.477505612000186, 12.7750514600001 ], [ 77.477541514000109, 12.775260911000146 ], [ 77.47756337900006, 12.775381721000031 ], [ 77.477594600000089, 12.775553937000041 ], [ 77.477722854000035, 12.776304406000065 ], [ 77.47778012100008, 12.776638182000113 ], [ 77.477830524000069, 12.776931945 ], [ 77.477977423000027, 12.777593293000052 ], [ 77.477991102000033, 12.77767435800007 ], [ 77.47804616500008, 12.77798974600006 ], [ 77.478272562000029, 12.779286495000122 ], [ 77.478287722000061, 12.779371898000022 ], [ 77.478359628000135, 12.77972546500007 ], [ 77.478524074000063, 12.780533970000079 ], [ 77.478438095000172, 12.780758424000169 ], [ 77.478349003000062, 12.780991174000064 ], [ 77.477900049000027, 12.782211926000173 ], [ 77.476631703000066, 12.784900369000127 ], [ 77.476495005000118, 12.785022331999983 ], [ 77.475722684000118, 12.785792113000184 ], [ 77.475571634000062, 12.785945597000079 ], [ 77.475533869, 12.785985028000084 ], [ 77.474614497000175, 12.786786146000111 ], [ 77.474335549000159, 12.787029212000164 ], [ 77.474269669000023, 12.787086618000103 ], [ 77.47426599, 12.787089310000113 ], [ 77.47422857700019, 12.787111475000131 ], [ 77.474090942000089, 12.787193013000092 ], [ 77.473042690000057, 12.787969267000051 ], [ 77.472590125000181, 12.788229410000156 ], [ 77.472354051000195, 12.788365110000029 ], [ 77.47235402299998, 12.788365126000031 ], [ 77.472221856000147, 12.788426463 ], [ 77.472204904000193, 12.78843433000003 ], [ 77.471882469000036, 12.788580730999968 ], [ 77.471868692000101, 12.788605659000098 ], [ 77.47186496300003, 12.788614482000014 ], [ 77.471853797000165, 12.788640910000083 ], [ 77.471809336000149, 12.788746133000188 ], [ 77.471805473000074, 12.788755274000152 ], [ 77.471798060000083, 12.788772791999975 ], [ 77.471780171000148, 12.788815051000029 ], [ 77.471755593000069, 12.788873091000028 ], [ 77.471636416000024, 12.789154324000094 ], [ 77.471636379000131, 12.789154395000025 ], [ 77.471611794000125, 12.789212354000142 ], [ 77.471611607000057, 12.789291339000158 ], [ 77.47161034200019, 12.789893479000057 ], [ 77.471610237000107, 12.78998805599997 ], [ 77.471318009000072, 12.790278495000109 ], [ 77.471317991000092, 12.790278550000039 ], [ 77.471249998000019, 12.790347050000037 ], [ 77.471174464000171, 12.790550358000132 ], [ 77.47086997200006, 12.791384504000064 ], [ 77.470869939000124, 12.791384588000085 ], [ 77.470648365000102, 12.79200704200008 ], [ 77.470342586000129, 12.792926578000106 ], [ 77.470301089000145, 12.793051365000053 ], [ 77.47000499700016, 12.793941760000109 ], [ 77.470020249000186, 12.793992129000117 ], [ 77.470192339, 12.794554363000088 ], [ 77.470396046000076, 12.795219888000133 ], [ 77.470537567000179, 12.795714752000094 ], [ 77.470773552000082, 12.796523152000191 ], [ 77.470915786000091, 12.796903225999984 ], [ 77.471142122000174, 12.797632479000015 ], [ 77.47121387500016, 12.797859134000021 ], [ 77.471296927000083, 12.797901630000183 ], [ 77.471338500000059, 12.798044631000039 ], [ 77.47327988800015, 12.799176356000146 ], [ 77.473412776000089, 12.799118231000023 ], [ 77.473543346999975, 12.799048681000158 ], [ 77.474292350000042, 12.798848360000022 ], [ 77.475068081000188, 12.79869818700007 ], [ 77.475210984000057, 12.798678259000042 ], [ 77.475637640000173, 12.79861871300011 ], [ 77.475843472000122, 12.798589986000138 ], [ 77.476577654000153, 12.798487525000098 ], [ 77.47771781400013, 12.798380088000158 ], [ 77.478991815000143, 12.798815603000037 ], [ 77.479569393000133, 12.799013677000062 ], [ 77.479609857000128, 12.799027584999976 ], [ 77.479516907000061, 12.799210311000024 ], [ 77.479542859000105, 12.799218880000126 ], [ 77.479615429000035, 12.799242825000022 ], [ 77.479704998000102, 12.79927238099998 ], [ 77.480113225000196, 12.799407084000052 ], [ 77.480153177000147, 12.799420270000041 ], [ 77.480211534000091, 12.799466087000042 ], [ 77.480945461000147, 12.800042335000114 ], [ 77.48136733400014, 12.800373535000176 ], [ 77.481696755000144, 12.800632122000138 ], [ 77.481845300000089, 12.80074872800003 ], [ 77.481997153000123, 12.800867927000013 ], [ 77.482073718000152, 12.800965404000181 ], [ 77.482759356000031, 12.801838306000093 ], [ 77.482984489000103, 12.802124927000136 ], [ 77.48312250400005, 12.802300471000081 ], [ 77.482626369000116, 12.802490680000119 ], [ 77.481422357000156, 12.802952463 ], [ 77.480099767000127, 12.804201363000175 ], [ 77.479192034000107, 12.805058826000106 ], [ 77.479049995000139, 12.805195927 ], [ 77.478817762000062, 12.805420086000026 ], [ 77.478573433000179, 12.805655920000163 ], [ 77.477757528000041, 12.806443474000105 ], [ 77.478233856000031, 12.808771516000036 ], [ 77.478596794000055, 12.810545322000053 ], [ 77.478782575000082, 12.811452132000113 ], [ 77.478279913000051, 12.811118111000098 ], [ 77.477768481000169, 12.810778263000032 ], [ 77.476987454000096, 12.81025916599998 ], [ 77.476914522000129, 12.810210692000055 ], [ 77.476346361000083, 12.809833068000103 ], [ 77.476345047000166, 12.80989738500017 ], [ 77.476335639000126, 12.810359152000103 ], [ 77.476328456000147, 12.810711704000141 ], [ 77.476326542000152, 12.810805721000179 ], [ 77.476321516000098, 12.811052389000167 ], [ 77.476306370000088, 12.811488190999967 ], [ 77.476291091000121, 12.81193793500006 ], [ 77.474607262000177, 12.811805251000123 ], [ 77.471084649000147, 12.811527751000085 ], [ 77.469471102000114, 12.810987154000031 ], [ 77.469486993000089, 12.81072466300003 ], [ 77.469383263000054, 12.810690508000164 ], [ 77.469262819000051, 12.810650849000183 ], [ 77.469269677000057, 12.810524734000126 ], [ 77.469285455000147, 12.810234598000079 ], [ 77.469298757000161, 12.809990005000031 ], [ 77.466695283000035, 12.808968132000132 ], [ 77.466209021000111, 12.809032470000091 ], [ 77.465553641999975, 12.809119182000188 ], [ 77.464982112000143, 12.809194798000021 ], [ 77.4646029970001, 12.809267729000112 ], [ 77.463819838000063, 12.808845206000058 ], [ 77.463721451000197, 12.808791432000078 ], [ 77.46364466700004, 12.808749465000062 ], [ 77.461949125999979, 12.80782274 ], [ 77.461843941000097, 12.807764990000067 ], [ 77.461790608000058, 12.807733474000088 ], [ 77.46111020100011, 12.807330921000073 ], [ 77.460658612000145, 12.808253903999969 ], [ 77.460605064000163, 12.808347341000172 ], [ 77.460397316000012, 12.808709840000063 ], [ 77.460340822000148, 12.80881991900003 ], [ 77.460305357000152, 12.808889021000027 ], [ 77.460245254000085, 12.809006184000054 ], [ 77.460052007000172, 12.809383141000069 ], [ 77.459991419000119, 12.809498764000125 ], [ 77.459735937000119, 12.809986322000157 ], [ 77.459684793000122, 12.810084965000044 ], [ 77.459267018000105, 12.81089076 ], [ 77.457609191000188, 12.812805013000059 ], [ 77.45754438300014, 12.812888726000153 ], [ 77.455454851000127, 12.815587703000062 ], [ 77.455398928000193, 12.815661733000184 ], [ 77.454908898000156, 12.8163104140001 ], [ 77.454839666999987, 12.816402138000058 ], [ 77.454706133000172, 12.816579169000022 ], [ 77.454601535, 12.816638369000145 ], [ 77.454662836000011, 12.816659530000038 ], [ 77.454558112000086, 12.816718155 ], [ 77.454506337000112, 12.816747141000064 ], [ 77.454429113000117, 12.816790372000014 ], [ 77.454151583000112, 12.816945865000037 ], [ 77.454151407999973, 12.816945961000044 ], [ 77.454137363000143, 12.816951558000028 ], [ 77.45404639000003, 12.816987870000048 ], [ 77.453967470000066, 12.817019380000147 ], [ 77.453693473000044, 12.817128768000146 ], [ 77.453613925000184, 12.817160540000089 ], [ 77.453549866000117, 12.817216388000077 ], [ 77.453370927000151, 12.817372328000033 ], [ 77.453320265000059, 12.817416463000029 ], [ 77.453317556000115, 12.817418824000129 ], [ 77.453320156000132, 12.817421885000158 ], [ 77.453318968000019, 12.817481047000058 ], [ 77.453317992000109, 12.817529622999984 ], [ 77.453313192999985, 12.817768423000018 ], [ 77.453313053000159, 12.817775268000162 ], [ 77.453312216000029, 12.817816920000041 ], [ 77.453362404000075, 12.817862663000028 ], [ 77.453311176999989, 12.817894666000086 ], [ 77.453273995000131, 12.817917905000172 ], [ 77.453237859000183, 12.817940488000147 ], [ 77.453237833000173, 12.81794046300007 ], [ 77.453197929000055, 12.817907738000088 ], [ 77.453171596000118, 12.817886144000113 ], [ 77.453098703000194, 12.817887967000161 ], [ 77.452642353000101, 12.818044386000054 ], [ 77.452570274000095, 12.81812038400011 ], [ 77.452515422000147, 12.818178220000107 ], [ 77.452331419000132, 12.818124215000182 ], [ 77.452289134000068, 12.818072111000106 ], [ 77.45227916000016, 12.818059785000173 ], [ 77.452173118000076, 12.818122264000067 ], [ 77.452144746000045, 12.818138972000042 ], [ 77.452038664000156, 12.81820143200008 ], [ 77.451969120000058, 12.818228965000117 ], [ 77.45187404, 12.818266570000105 ], [ 77.451829388000078, 12.818284215000062 ], [ 77.451793950000138, 12.818357746000061 ], [ 77.451762005000091, 12.81837026200003 ], [ 77.451740022000138, 12.818415063999964 ], [ 77.451693305000106, 12.818510275000108 ], [ 77.451597532000051, 12.818479168000124 ], [ 77.451597468000045, 12.818479169000057 ], [ 77.451467691000062, 12.818437082 ], [ 77.451356655000097, 12.818401114999972 ], [ 77.450853197000015, 12.818463480999981 ], [ 77.450297817000092, 12.818532232999985 ], [ 77.450261541000089, 12.818452067000123 ], [ 77.450139768000042, 12.818485521000014 ], [ 77.449422905000176, 12.81868246099998 ], [ 77.44923846800009, 12.818733504000022 ], [ 77.448979310000141, 12.818022218000181 ], [ 77.448967273000108, 12.81786492000009 ], [ 77.448820014000091, 12.817701979000049 ], [ 77.448813762000157, 12.817695044000118 ], [ 77.44875601200016, 12.817630959000041 ], [ 77.448589788000049, 12.816954376000069 ], [ 77.448571268000137, 12.816878993000159 ], [ 77.44850903300005, 12.816624255000022 ], [ 77.448341252000091, 12.815959574000033 ], [ 77.448326949000091, 12.815902908000112 ], [ 77.448265920000097, 12.815667157000064 ], [ 77.448249494000152, 12.815590370000052 ], [ 77.448245805000113, 12.815589457000044 ], [ 77.448225395, 12.815510613000072 ], [ 77.44742255500006, 12.815329807000069 ], [ 77.446876450000047, 12.815206816999989 ], [ 77.446875732000194, 12.8152066560001 ], [ 77.446845902, 12.815193897000029 ], [ 77.446834763000084, 12.815189184000076 ], [ 77.446778487000017, 12.815165380000053 ], [ 77.446644224000011, 12.815134074000127 ], [ 77.446448879000116, 12.814910978000114 ], [ 77.446293570000137, 12.814505080000117 ], [ 77.44629347700004, 12.814504837000186 ], [ 77.446247660000097, 12.814273438000157 ], [ 77.446247410000069, 12.814272179000113 ], [ 77.446256275000167, 12.813862502000063 ], [ 77.446204055000123, 12.813390501000185 ], [ 77.446051123000075, 12.812794864000182 ], [ 77.446031378000157, 12.812686159000179 ], [ 77.446012019000023, 12.81257958100008 ], [ 77.445962168999984, 12.81230513800017 ], [ 77.445864491000066, 12.811758684999973 ], [ 77.445874772000138, 12.811650331000067 ], [ 77.445936081000127, 12.811004248000188 ], [ 77.446065195000187, 12.810268091000125 ], [ 77.44625186900015, 12.809822942000153 ], [ 77.446226604000117, 12.809745621000047 ], [ 77.446192183000051, 12.809640273000014 ], [ 77.446173007000198, 12.809581581000145 ], [ 77.446025096000142, 12.80955793600009 ], [ 77.445766828000103, 12.809516648 ], [ 77.445584556000085, 12.809487509000178 ], [ 77.445480365000094, 12.80951124500001 ], [ 77.445340342000179, 12.809543144000088 ], [ 77.445106308000163, 12.80959646000008 ], [ 77.44483308000008, 12.809658705000118 ], [ 77.444816321000076, 12.809631500000137 ], [ 77.444660904000045, 12.809379208 ], [ 77.444602687000156, 12.809284705000096 ], [ 77.444554496000137, 12.809160445000146 ], [ 77.444379017000131, 12.808707975000175 ], [ 77.444224583000107, 12.808411861000025 ], [ 77.444043070000134, 12.808062281000048 ], [ 77.44400051100007, 12.807955656 ], [ 77.443770214000097, 12.807378683000138 ], [ 77.443755598000109, 12.807119941000053 ], [ 77.443801814000039, 12.807063634000087 ], [ 77.443851783000184, 12.807002714000021 ], [ 77.443872940000062, 12.806976888 ], [ 77.444001170000035, 12.806820342000037 ], [ 77.444006943000034, 12.806653201000131 ], [ 77.44395094500004, 12.806673259000036 ], [ 77.443927650000148, 12.806681602000083 ], [ 77.443812075000096, 12.806749411000112 ], [ 77.443728687000146, 12.806798335999986 ], [ 77.443719987000122, 12.806803443000149 ], [ 77.443696065999973, 12.806817489000082 ], [ 77.443569973000137, 12.806913665000025 ], [ 77.441916406000189, 12.808144700000184 ], [ 77.441913743000043, 12.808137442000145 ], [ 77.441889717000038, 12.808164569000155 ], [ 77.441889655000182, 12.808164622000049 ], [ 77.441733556000145, 12.808328823000068 ], [ 77.440974568000058, 12.809123674000034 ], [ 77.440693959000043, 12.80941753999997 ], [ 77.440258583000059, 12.809870784 ], [ 77.440191310000102, 12.809889966000185 ], [ 77.440102818000071, 12.809915011000044 ], [ 77.439544842000089, 12.810072928000068 ], [ 77.43936447700014, 12.810138396000127 ], [ 77.439349859000174, 12.810143703000108 ], [ 77.438987264000104, 12.810275161000163 ], [ 77.438871285, 12.810317209000118 ], [ 77.43881423, 12.810337909000054 ], [ 77.438450106000062, 12.810151364000149 ], [ 77.436667551000141, 12.810082622000152 ], [ 77.436622060000161, 12.810042078000151 ], [ 77.436587542000154, 12.810011313000189 ], [ 77.436401380000063, 12.809846145 ], [ 77.436269410000136, 12.8097299800001 ], [ 77.436215231000176, 12.809682291000115 ], [ 77.43624465500011, 12.80987496500012 ], [ 77.436307470000088, 12.810286297 ], [ 77.436313183000095, 12.81032371100008 ], [ 77.436323367000057, 12.811409059000027 ], [ 77.436439928000198, 12.8120768980001 ], [ 77.436369820000095, 12.812628226000072 ], [ 77.436350217000154, 12.812782381000147 ], [ 77.436273933000052, 12.812884539000038 ], [ 77.436068302000194, 12.813159917000121 ], [ 77.436016794000182, 12.813228895000123 ], [ 77.435992509000073, 12.813285438000094 ], [ 77.435895866000124, 12.813470745000075 ], [ 77.435797798000181, 12.813568430000089 ], [ 77.435699972000066, 12.813767630000029 ], [ 77.43550732500006, 12.814159913000083 ], [ 77.434964508000178, 12.814821019000078 ], [ 77.434896811000158, 12.814903470000047 ], [ 77.43485755, 12.814951286999985 ], [ 77.434441669000137, 12.815673487000083 ], [ 77.43439416800004, 12.815755975000172 ], [ 77.434211860000062, 12.816467193 ], [ 77.434197312000094, 12.816523952000182 ], [ 77.434161671000084, 12.816858331000049 ], [ 77.43412271800014, 12.81722377300008 ], [ 77.434118030000093, 12.817267762000085 ], [ 77.434167203000186, 12.817368582000086 ], [ 77.434268947000078, 12.81757718700004 ], [ 77.434474397000031, 12.817998419000048 ], [ 77.434911468000053, 12.819152596000094 ], [ 77.434965096000042, 12.819285053000101 ], [ 77.435024067000029, 12.819430707000095 ], [ 77.435059289000094, 12.819517704000077 ], [ 77.435096279000163, 12.819609061999984 ], [ 77.435129139000196, 12.819690225000045 ], [ 77.435201027000119, 12.819908156000054 ], [ 77.435126952000132, 12.820265748000168 ], [ 77.435082514000158, 12.820480274000147 ], [ 77.434718586000088, 12.821171217000028 ], [ 77.43419988100004, 12.821812716000068 ], [ 77.434194610000077, 12.821832441000026 ], [ 77.433944917000076, 12.822767023999972 ], [ 77.433604601000184, 12.823264685000026 ], [ 77.433597367000118, 12.823275264000131 ], [ 77.433500932000015, 12.823415677000128 ], [ 77.433347241000035, 12.823295202000168 ], [ 77.433344557000169, 12.823293097000089 ], [ 77.433303654000042, 12.823261024000033 ], [ 77.433144141000071, 12.823135942000135 ], [ 77.432956560000093, 12.823022005000041 ], [ 77.432608798000103, 12.822810772000082 ], [ 77.429917048000164, 12.82299271200003 ], [ 77.429821619000165, 12.822996436000153 ], [ 77.429762952000033, 12.822998725000048 ], [ 77.429732982000189, 12.823009513999978 ], [ 77.429695596000158, 12.823022977000107 ], [ 77.429094669000051, 12.82323968500009 ], [ 77.428116202000183, 12.823613305000094 ], [ 77.427067917000045, 12.824010626000018 ], [ 77.42683203100006, 12.824099615000023 ], [ 77.426050380000163, 12.824393585 ], [ 77.425847330000067, 12.824465543000088 ], [ 77.425585246000196, 12.824558974000126 ], [ 77.425565192000136, 12.824566124000171 ], [ 77.425524109000037, 12.82458082900007 ], [ 77.425524031, 12.824580844000138 ], [ 77.42442236800008, 12.824891348999984 ], [ 77.423892463000016, 12.825060730000075 ], [ 77.423798137000063, 12.825090881000165 ], [ 77.423741770999982, 12.825108899000043 ], [ 77.423667080000143, 12.825132774000167 ], [ 77.420560839000075, 12.826125640000043 ], [ 77.420116192000137, 12.826200984000081 ], [ 77.419969078000065, 12.826225912000041 ], [ 77.419905710000137, 12.826236649000123 ], [ 77.419920373000195, 12.82631871100017 ], [ 77.419998701000111, 12.826757084000064 ], [ 77.420246454000107, 12.828143658000045 ], [ 77.420298758000172, 12.828429480000068 ], [ 77.42033575500011, 12.828591935000134 ], [ 77.420347069000172, 12.828641610000034 ], [ 77.420391290000168, 12.828834666000034 ], [ 77.42046625100005, 12.829161912000131 ], [ 77.420560912000155, 12.829575163000129 ], [ 77.420580058000155, 12.829658743000095 ], [ 77.420619099000078, 12.829828319000114 ], [ 77.420953808000149, 12.831111957000076 ], [ 77.421178549000047, 12.831973845000164 ], [ 77.4211869720001, 12.832005876000039 ], [ 77.42127410400019, 12.832247558000176 ], [ 77.421581652000043, 12.833097659999964 ], [ 77.421685050000121, 12.833424598000022 ], [ 77.421704053000155, 12.833484519000081 ], [ 77.421962935000067, 12.834300822000046 ], [ 77.421978043000081, 12.834348461000161 ], [ 77.422081507000144, 12.834629683000173 ], [ 77.422082882000154, 12.83463341800001 ], [ 77.422309857000187, 12.835250990000134 ], [ 77.422393810000131, 12.8354781540001 ], [ 77.422393822000117, 12.835478183000021 ], [ 77.422491623000155, 12.835563852000121 ], [ 77.422929703000136, 12.835801523000157 ], [ 77.422961932000078, 12.835819008000101 ], [ 77.423234144, 12.835968269000091 ], [ 77.423719972000072, 12.836234661999981 ], [ 77.423850195000114, 12.836306066000077 ], [ 77.423898359000191, 12.836332567 ], [ 77.423953182000162, 12.836362751000024 ], [ 77.424733817, 12.836793041000135 ], [ 77.425390655000172, 12.837155367000094 ], [ 77.425510926000129, 12.837221665000072 ], [ 77.426166963000128, 12.837583295000115 ], [ 77.429696286000194, 12.839539774000116 ], [ 77.429955332000134, 12.839683372000081 ], [ 77.430066178000061, 12.83966986900009 ], [ 77.43024662900018, 12.83964611 ], [ 77.430499096000176, 12.83961287000011 ], [ 77.430512992999979, 12.839610849 ], [ 77.431339916000127, 12.839490631000047 ], [ 77.431613476, 12.839449870000124 ], [ 77.431891243000166, 12.839408480999964 ], [ 77.432320716000106, 12.839344487000176 ], [ 77.432349959000135, 12.83933445100007 ], [ 77.432387256000084, 12.839321651000091 ], [ 77.432939079000164, 12.839133162 ], [ 77.43348854300018, 12.838945477000038 ], [ 77.433614393000084, 12.83890274200013 ], [ 77.434053172000063, 12.838753930000109 ], [ 77.434087270000077, 12.838752427000031 ], [ 77.434122838000178, 12.838750860000175 ], [ 77.43427543700011, 12.838744133999967 ], [ 77.434656492000101, 12.838728318000108 ], [ 77.434654710000132, 12.83871386900006 ], [ 77.434651526000039, 12.838694326000109 ], [ 77.43468384800002, 12.838692510000158 ], [ 77.434761709000156, 12.83934119800017 ], [ 77.434768428000098, 12.839397185000109 ], [ 77.434877511000138, 12.84030597300017 ], [ 77.434867600000132, 12.840894097000159 ], [ 77.434852458000137, 12.841792591000058 ], [ 77.43463777900007, 12.842184460000055 ], [ 77.434610486000167, 12.842234278000092 ], [ 77.434356510000157, 12.842697878000081 ], [ 77.433996314000183, 12.843015163000132 ], [ 77.433913794000091, 12.84308782200003 ], [ 77.433775772000047, 12.84320934800013 ], [ 77.433766670000182, 12.843217362000075 ], [ 77.433770497000069, 12.843240776000073 ], [ 77.433780620000107, 12.843302713000128 ], [ 77.433818750000057, 12.843536005999965 ], [ 77.433849402000078, 12.843723546000035 ], [ 77.433977938000055, 12.844513633000133 ], [ 77.434163831000092, 12.844995066000081 ], [ 77.434244475000185, 12.845204265000064 ], [ 77.43430201100017, 12.84535352000006 ], [ 77.434324995999987, 12.845413143000144 ], [ 77.434352017000037, 12.845483239999965 ], [ 77.435077578000119, 12.846372686000052 ], [ 77.435867023000128, 12.847339846000125 ], [ 77.43669433600013, 12.848352748000082 ], [ 77.436769834000131, 12.848445146000074 ], [ 77.436876857000016, 12.848576125000022 ], [ 77.437342566000098, 12.849146077000114 ], [ 77.437701140000115, 12.849741782000081 ], [ 77.437675922000153, 12.849756139000135 ], [ 77.437661494000054, 12.849764353000069 ], [ 77.437507864000111, 12.849851816000125 ], [ 77.437445733, 12.849883870000099 ], [ 77.437414760000024, 12.849899850000043 ], [ 77.437407150000126, 12.849903777000065 ], [ 77.437337141000114, 12.849939892000123 ], [ 77.436948243000074, 12.850042507000182 ], [ 77.436933228000157, 12.850046533000182 ], [ 77.436475312000141, 12.850169299000186 ], [ 77.434438051000029, 12.850715469000079 ], [ 77.434042528000077, 12.850821504000066 ], [ 77.433966445000124, 12.850841901000081 ], [ 77.433965639, 12.850842093000097 ], [ 77.433086537000122, 12.851084184000115 ], [ 77.433056220000196, 12.851083851 ], [ 77.431850914000108, 12.851075627000057 ], [ 77.431845249000105, 12.851075603000027 ], [ 77.431566533000137, 12.851074470000015 ], [ 77.431545469000184, 12.851074280000034 ], [ 77.431203914000037, 12.851071191000017 ], [ 77.431199253000102, 12.851071149 ], [ 77.431105006000053, 12.851070297000149 ], [ 77.428553283000042, 12.851047208000068 ], [ 77.427554399000144, 12.851011060000133 ], [ 77.427486443000021, 12.851008600000114 ], [ 77.427549284000179, 12.851125431000071 ], [ 77.427601431000141, 12.851222383000106 ], [ 77.428011355000137, 12.851984494000021 ], [ 77.428030876000037, 12.852020785000093 ], [ 77.42803286000003, 12.852055824000047 ], [ 77.428062890000035, 12.852159045000178 ], [ 77.428194193000138, 12.852610370000093 ], [ 77.428211413000156, 12.852671657000144 ], [ 77.42839817700019, 12.853336365000075 ], [ 77.428454804000125, 12.853544696000142 ], [ 77.42848155400003, 12.853643478000151 ], [ 77.42859446500006, 12.854062567000085 ], [ 77.428634497000189, 12.85421382800007 ], [ 77.428717056000153, 12.854525784000145 ], [ 77.428760996000051, 12.854692552000074 ], [ 77.428776097000195, 12.854749865000144 ], [ 77.428959212000109, 12.855395759000089 ], [ 77.429086610000184, 12.855885661000116 ], [ 77.429109604000132, 12.855974275000165 ], [ 77.429115132000049, 12.855995575000179 ], [ 77.429184864000149, 12.856255738000129 ], [ 77.429201319000185, 12.856317132000015 ], [ 77.429205711000179, 12.856322978000151 ], [ 77.42925166100008, 12.856384081000158 ], [ 77.429352467000058, 12.856518127000072 ], [ 77.42932580500019, 12.856578755000101 ], [ 77.429246837000051, 12.856758325000044 ], [ 77.429235670000082, 12.856783697000026 ], [ 77.42907787900009, 12.856853688 ], [ 77.429077827000071, 12.856853743000102 ], [ 77.429030673000113, 12.856874905000097 ], [ 77.428659673000141, 12.857041399000025 ], [ 77.428279983000152, 12.857211791000054 ], [ 77.428215878000117, 12.857230810000146 ], [ 77.428121308000073, 12.857259090000184 ], [ 77.428010058000098, 12.857292358000052 ], [ 77.427916157000084, 12.857365133000144 ], [ 77.427844899000036, 12.857421374000069 ], [ 77.427182309000102, 12.85794433 ], [ 77.427132706000179, 12.857984448000138 ], [ 77.427047589000153, 12.858039281000174 ], [ 77.426992168000083, 12.858077040000182 ], [ 77.426569547000042, 12.858364978 ], [ 77.426480069000092, 12.858425941000178 ], [ 77.42647972400016, 12.858426232999989 ], [ 77.426333713000076, 12.858536554000182 ], [ 77.426235167000073, 12.8585687530001 ], [ 77.42614779400003, 12.858597295000152 ], [ 77.426102944000036, 12.858615138000118 ], [ 77.426095492000172, 12.858768472000179 ], [ 77.426090591, 12.858869303000063 ], [ 77.426088126000082, 12.85892001100018 ], [ 77.426063397000064, 12.858955072000185 ], [ 77.426036951000185, 12.858992800000067 ], [ 77.425889373000075, 12.859115090999978 ], [ 77.425887139000054, 12.859115515000042 ], [ 77.425721391000195, 12.859146984000063 ], [ 77.425582422000161, 12.859173370000121 ], [ 77.425532760000124, 12.859182798000177 ], [ 77.425509516000147, 12.85924300500011 ], [ 77.425465774000088, 12.859356307000041 ], [ 77.425244978000137, 12.859621470000036 ], [ 77.425209697000128, 12.859663988000023 ], [ 77.42506566000003, 12.859837572000174 ], [ 77.425028457000053, 12.859884191000049 ], [ 77.424996715000077, 12.859924011000146 ], [ 77.424919380000176, 12.860021025000151 ], [ 77.424902888000076, 12.86004175700009 ], [ 77.42474602700014, 12.860238923000054 ], [ 77.424712974000158, 12.860280544000034 ], [ 77.424648820000186, 12.860361325999975 ], [ 77.424641097000176, 12.860371060999967 ], [ 77.424556419000112, 12.860477814000035 ], [ 77.424547990000178, 12.860488457000088 ], [ 77.424368116000039, 12.860715581000079 ], [ 77.424343246000149, 12.860747031000187 ], [ 77.424290987000177, 12.860813118000067 ], [ 77.423108362000107, 12.862317473000076 ], [ 77.423107856000058, 12.862318115000164 ], [ 77.422737399000198, 12.862792494000075 ], [ 77.42269117100011, 12.862851689000081 ], [ 77.422193555000149, 12.86349004900012 ], [ 77.422189797000044, 12.863497000000109 ], [ 77.422153405000017, 12.86356433900005 ], [ 77.422145809000142, 12.863581497000041 ], [ 77.421958130000121, 12.864006692000146 ], [ 77.421781738000107, 12.864406314000178 ], [ 77.421648436000112, 12.864708192000137 ], [ 77.421641733000172, 12.864723369000046 ], [ 77.421631381000168, 12.864746811000032 ], [ 77.42159604, 12.864826845000096 ], [ 77.421585156000162, 12.864851444000067 ], [ 77.421550878000176, 12.864928922000104 ], [ 77.421520323000038, 12.864997980000112 ], [ 77.42146199900003, 12.865129892000027 ], [ 77.421435025000108, 12.86519089899997 ], [ 77.421340313000087, 12.865405591000183 ], [ 77.421336656000051, 12.865413882000041 ], [ 77.421293517000095, 12.865511669000057 ], [ 77.42122213500005, 12.865673477000144 ], [ 77.421220704000064, 12.865676719000021 ], [ 77.421219854000128, 12.865678649000017 ], [ 77.421217327000193, 12.865684376000047 ], [ 77.421214782000106, 12.86569014600019 ], [ 77.421212063000155, 12.865696311000079 ], [ 77.42121194900011, 12.865696565000064 ], [ 77.42121012500013, 12.86570070199997 ], [ 77.42120979900011, 12.865701439000134 ], [ 77.421209180000176, 12.865702843000065 ], [ 77.421207527000092, 12.865706590000116 ], [ 77.421201296000049, 12.865720715000123 ], [ 77.420874356000184, 12.866460845000063 ], [ 77.420860142000038, 12.866493021999986 ], [ 77.420842923000123, 12.866527659000099 ], [ 77.420770535000031, 12.866624866000052 ], [ 77.420637410000097, 12.866829092000103 ], [ 77.420415642000023, 12.867169298000022 ], [ 77.420415173000094, 12.867185056000039 ], [ 77.420411492000085, 12.867175616000168 ], [ 77.420393935000106, 12.867130594000173 ], [ 77.4203290210001, 12.867217702000119 ], [ 77.420152243000189, 12.867454924000185 ], [ 77.419049584000163, 12.868965611000021 ], [ 77.418769497000198, 12.869349335000152 ], [ 77.418948729000078, 12.869370649000132 ], [ 77.418895811000141, 12.869449841000119 ], [ 77.4188770720001, 12.869477886000027 ], [ 77.418871079000041, 12.869486855000162 ], [ 77.41884460100016, 12.869526480000161 ], [ 77.420656462000068, 12.869818389000045 ], [ 77.42089912900019, 12.869833968000023 ], [ 77.422184554000012, 12.869871078000074 ], [ 77.422513659000174, 12.86988057700006 ], [ 77.42339051200014, 12.870005132000131 ], [ 77.423534185000051, 12.870025541000132 ], [ 77.423558169999978, 12.87002894799997 ], [ 77.423766677000117, 12.870058992000168 ], [ 77.423946153000031, 12.870084972000029 ], [ 77.424328399000046, 12.870140712000023 ], [ 77.424585696000122, 12.870119417000126 ], [ 77.424664247000123, 12.87011298900012 ], [ 77.426297058000159, 12.870111101000134 ], [ 77.427867148000189, 12.870272630999978 ], [ 77.428132779000066, 12.870300790000101 ], [ 77.428238500000191, 12.870311998000147 ], [ 77.428381675000026, 12.87029487500007 ], [ 77.428457247999972, 12.87028583700004 ], [ 77.428865958000074, 12.870236961000046 ], [ 77.429101865000121, 12.870253626000135 ], [ 77.429580689000147, 12.870234775000085 ], [ 77.429698465000115, 12.870230138000124 ], [ 77.430013068000108, 12.870217750000165 ], [ 77.430031879000182, 12.87021701000009 ], [ 77.43007215300014, 12.870215436000137 ], [ 77.430206362000092, 12.870210076000035 ], [ 77.430397653000057, 12.87020138400004 ], [ 77.430530861000079, 12.870192658000065 ], [ 77.430579206000061, 12.870189491000019 ], [ 77.430585620000045, 12.870189070000094 ], [ 77.430582819000108, 12.870278034000023 ], [ 77.430578481000111, 12.870415785000091 ], [ 77.430573371000037, 12.870568664000075 ], [ 77.430569469000034, 12.870675162000168 ], [ 77.430568312000048, 12.870706727000027 ], [ 77.430568293000135, 12.871310243000039 ], [ 77.430568594000079, 12.871471114000144 ], [ 77.430569223000191, 12.871806763000109 ], [ 77.430629633000081, 12.872117348000131 ], [ 77.430724789000124, 12.872606580000081 ], [ 77.430758064000088, 12.872776594000129 ], [ 77.430839928000125, 12.87319485800009 ], [ 77.430915608000191, 12.873581395000031 ], [ 77.431127184000104, 12.87430191500016 ], [ 77.431193609000161, 12.874534741000048 ], [ 77.431241439000075, 12.874702386000138 ], [ 77.431301047000034, 12.874911312 ], [ 77.430369038000094, 12.875009501000079 ], [ 77.429582010000161, 12.875074154000174 ], [ 77.429543111000044, 12.87507734899998 ], [ 77.428491218000147, 12.87516375600012 ], [ 77.428346555000132, 12.875176787000044 ], [ 77.428283975000113, 12.875182423000183 ], [ 77.428263324000113, 12.875230439000063 ], [ 77.428226715, 12.875315562000083 ], [ 77.42819693600012, 12.875384806000113 ], [ 77.428169467000089, 12.875448715000175 ], [ 77.428147501000012, 12.875499862000026 ], [ 77.428125069000146, 12.87555206400009 ], [ 77.427963138000166, 12.875441775000127 ], [ 77.427917716000138, 12.87541083900004 ], [ 77.42775341600003, 12.875297674000024 ], [ 77.427673925000079, 12.875242922000098 ], [ 77.427589175000037, 12.875225624000109 ], [ 77.427337495000131, 12.87517527 ], [ 77.427212098000155, 12.875150181000151 ], [ 77.426837189000139, 12.875075172000095 ], [ 77.426744322, 12.87496994900016 ], [ 77.425400583000112, 12.873344314000065 ], [ 77.424508059000175, 12.87358269900011 ], [ 77.424347571000055, 12.873612071000082 ], [ 77.423550743000192, 12.873151713000027 ], [ 77.421988630000158, 12.872310089000166 ], [ 77.421044174000031, 12.871820206000052 ], [ 77.420455969000102, 12.871524515000033 ], [ 77.418546068000069, 12.871389875000091 ], [ 77.418384715000116, 12.87139816600012 ], [ 77.418004431000099, 12.871417708000138 ], [ 77.417908083000157, 12.871426992000011 ], [ 77.417641874000026, 12.871454799000105 ], [ 77.415287133000163, 12.87174123200009 ], [ 77.415281668000148, 12.871914479000111 ], [ 77.415266366000139, 12.872399651000137 ], [ 77.415729184000043, 12.873968885000124 ], [ 77.415863214000126, 12.87438339800002 ], [ 77.41610297200009, 12.875124892000088 ], [ 77.415960443000131, 12.875231984999971 ], [ 77.41573354600007, 12.875254441000095 ], [ 77.415439610000078, 12.875283532000083 ], [ 77.414659683000139, 12.875517986000148 ], [ 77.413662483000053, 12.87578151200006 ], [ 77.412658802000067, 12.875962903000072 ], [ 77.412442412000075, 12.876002057000107 ], [ 77.411551507000183, 12.87616325100015 ], [ 77.411379962000126, 12.876194289000011 ], [ 77.410954558000071, 12.876133974000084 ], [ 77.410525504000077, 12.876073143000156 ], [ 77.410390520000135, 12.876054018000048 ], [ 77.409942931000103, 12.875990608000166 ], [ 77.408993795000129, 12.87576099100005 ], [ 77.408289621000108, 12.875590634000105 ], [ 77.408192319000079, 12.875567095000179 ], [ 77.406609171000184, 12.874597887000107 ], [ 77.405260269000109, 12.874114880000036 ], [ 77.40504898100005, 12.873687222000171 ], [ 77.403677298000161, 12.872322887000166 ], [ 77.402987117000123, 12.871475749000069 ], [ 77.40284940600003, 12.871306719000131 ], [ 77.402591043000029, 12.870989599000154 ], [ 77.402342242000145, 12.870320746000175 ], [ 77.40195433700012, 12.869272587000012 ], [ 77.401921235000032, 12.868906874000061 ], [ 77.401843905000078, 12.868029142000069 ], [ 77.401812374000031, 12.867661395000141 ], [ 77.402261515000134, 12.866016597999987 ], [ 77.402094424000097, 12.865669792000119 ], [ 77.402081641000166, 12.865643261000116 ], [ 77.401407965000033, 12.865816566000149 ], [ 77.40041098800009, 12.86607415900005 ], [ 77.398646496000083, 12.867282531000058 ], [ 77.398502811000185, 12.867383430000132 ], [ 77.398236663000034, 12.867572088000088 ], [ 77.398227390000045, 12.867578546000118 ], [ 77.398227366000071, 12.867578563 ], [ 77.39808825900019, 12.867674072 ], [ 77.39808823300018, 12.867674089000104 ], [ 77.39747161400004, 12.868080522000071 ], [ 77.397244258000057, 12.868230378000021 ], [ 77.396150018000128, 12.868886317000033 ], [ 77.396139350000112, 12.868891203000089 ], [ 77.396133060000125, 12.868894086000068 ], [ 77.395494465000127, 12.869330711000032 ], [ 77.395428873000071, 12.869375778000119 ], [ 77.395426091000161, 12.869377683000039 ], [ 77.395290428000067, 12.869471157000135 ], [ 77.395195483000123, 12.86953657700019 ], [ 77.394920479000064, 12.869726057999969 ], [ 77.394960401, 12.869399054000098 ], [ 77.39502978600018, 12.868805574000021 ], [ 77.395066051000072, 12.868227686000182 ], [ 77.395106760000147, 12.867578995000031 ], [ 77.395111582000197, 12.867488388000083 ], [ 77.395116158000178, 12.867400358000111 ], [ 77.395150133000072, 12.866746712 ], [ 77.394926545000033, 12.86672474400018 ], [ 77.394319445000065, 12.866665094000041 ], [ 77.393540578000056, 12.86659189 ], [ 77.393399639, 12.866362395000124 ], [ 77.39331122700014, 12.86621781600013 ], [ 77.392572867000183, 12.865943194000181 ], [ 77.3925728480001, 12.865943172000129 ], [ 77.392200665000132, 12.865497375000132 ], [ 77.392106487000149, 12.865388966000125 ], [ 77.392043946, 12.865324658000134 ], [ 77.39198532100005, 12.865264277000051 ], [ 77.391702554000176, 12.864397034000149 ], [ 77.391640783000128, 12.864207578000105 ], [ 77.391526847000137, 12.863838810000118 ], [ 77.391489026000102, 12.863716393 ], [ 77.3912293140001, 12.8628757890001 ], [ 77.39122002300013, 12.8628593520001 ], [ 77.390151385000195, 12.861031013000058 ], [ 77.389930864000178, 12.860635461000186 ], [ 77.389878401000146, 12.860541358000148 ], [ 77.389829454000107, 12.860414064999986 ], [ 77.389662476000126, 12.860424188000025 ], [ 77.389457348000064, 12.860436623000112 ], [ 77.389154174, 12.860453593000045 ], [ 77.38905003900004, 12.860333666000031 ], [ 77.388995767000154, 12.86027116300005 ], [ 77.388887478000129, 12.860144991000141 ], [ 77.388724927000112, 12.859955593000052 ], [ 77.388496052999983, 12.859747752000033 ], [ 77.388495350000198, 12.85974711200015 ], [ 77.388386049000133, 12.859793018000062 ], [ 77.388146771000038, 12.8598847290001 ], [ 77.388046355000085, 12.859923216000141 ], [ 77.388009194000119, 12.859937764000108 ], [ 77.387931284000103, 12.85996826000013 ], [ 77.387868179000122, 12.859992963000138 ], [ 77.387861143000066, 12.859988787000134 ], [ 77.387851952000119, 12.859983329000045 ], [ 77.387835921000089, 12.859973812000078 ], [ 77.387611840000147, 12.859840881000025 ], [ 77.387519974000156, 12.859786438000015 ], [ 77.387384049, 12.859705916000109 ], [ 77.387214508000113, 12.859605533999968 ], [ 77.386675624000134, 12.859265969000035 ], [ 77.386585306000086, 12.859201471 ], [ 77.386488207000127, 12.8591906260001 ], [ 77.386393802000043, 12.859165002000111 ], [ 77.386069783000153, 12.85907701400015 ], [ 77.385831783000185, 12.858865562000062 ], [ 77.385816698000099, 12.858852161000073 ], [ 77.385816675000171, 12.85885214200016 ], [ 77.385239184999989, 12.858991614000161 ], [ 77.384998864000124, 12.859048747000031 ], [ 77.384881279000069, 12.859076702000095 ], [ 77.384617023000033, 12.858772597999973 ], [ 77.384605524000051, 12.858773221000149 ], [ 77.384466653000061, 12.858780742000135 ], [ 77.3841509720001, 12.858797966000111 ], [ 77.383345857000052, 12.858106478000138 ], [ 77.383268729000065, 12.858064041999967 ], [ 77.383216087000108, 12.858035080000093 ], [ 77.383199796000099, 12.858026123000116 ], [ 77.383146433000036, 12.8579967820001 ], [ 77.383142572000168, 12.857994159000157 ], [ 77.383089493000114, 12.857958053000175 ], [ 77.383030254000118, 12.857917778000115 ], [ 77.382611061000148, 12.857642532999989 ], [ 77.382375229, 12.857286953000084 ], [ 77.382079096000098, 12.857277780000118 ], [ 77.38202301299998, 12.85727604300007 ], [ 77.381745305000095, 12.857164079000029 ], [ 77.381667046000132, 12.857196774000158 ], [ 77.381652678000194, 12.857199286000025 ], [ 77.381558819000134, 12.85721565700004 ], [ 77.380924383000036, 12.857325186000139 ], [ 77.380807069000127, 12.857345262000024 ], [ 77.380629459000147, 12.857352044000038 ], [ 77.380628561000094, 12.857352078000019 ], [ 77.380504847000168, 12.857356790000097 ], [ 77.380333489000179, 12.857337408999967 ], [ 77.380328430000191, 12.857336840000016 ], [ 77.380325354000149, 12.857336748000023 ], [ 77.380119484000147, 12.857330633000117 ], [ 77.38011845200009, 12.857330602000047 ], [ 77.37997838800004, 12.857326442000044 ], [ 77.379991779000136, 12.857241123 ], [ 77.380030727000189, 12.856992959000081 ], [ 77.380022491000034, 12.856988179000041 ], [ 77.379617278000183, 12.856753037000146 ], [ 77.379447053000035, 12.856654256000013 ], [ 77.379332568000052, 12.856201508000083 ], [ 77.379343911000035, 12.856142562000173 ], [ 77.379347859000177, 12.856122858000106 ], [ 77.379380979000075, 12.855957542000112 ], [ 77.379401892000089, 12.855853160000038 ], [ 77.37945200900009, 12.855603007000184 ], [ 77.379475665000086, 12.855540800000085 ], [ 77.379485799, 12.855514151000136 ], [ 77.379465099000072, 12.855504535000023 ], [ 77.379433457000118, 12.85548983700005 ], [ 77.379437571000153, 12.855489330000125 ], [ 77.379523177000124, 12.855340606000084 ], [ 77.37954489700013, 12.855302872000152 ], [ 77.379535813000075, 12.855298190000099 ], [ 77.379434416000151, 12.85524592400003 ], [ 77.378294800000162, 12.855360346000111 ], [ 77.377080976000116, 12.855461684000147 ], [ 77.37631449200012, 12.855593425000109 ], [ 77.375603275000117, 12.855725884000151 ], [ 77.375276342000177, 12.855786708000039 ], [ 77.375063318000116, 12.855824547000054 ], [ 77.374926647000109, 12.855848824000191 ], [ 77.374793951000129, 12.855845356000088 ], [ 77.374757663000139, 12.855844407000063 ], [ 77.374689094000075, 12.8559088290001 ], [ 77.374661671000013, 12.855934594000189 ], [ 77.373878756000181, 12.85600204800005 ], [ 77.373022419000108, 12.855899429000033 ], [ 77.372789110000099, 12.855915574000051 ], [ 77.372731485000031, 12.855919561000064 ], [ 77.372641403000046, 12.85592663400007 ], [ 77.372623581000141, 12.855928086000176 ], [ 77.372569936000048, 12.855930512000043 ], [ 77.372489092000137, 12.855938911000067 ], [ 77.372399046000112, 12.855953722000152 ], [ 77.372391032000166, 12.85595503899998 ], [ 77.372338069000136, 12.855986730000041 ], [ 77.372206554, 12.856065310000133 ], [ 77.37215605900019, 12.856095447000087 ], [ 77.372099765000144, 12.856128995000176 ], [ 77.37197924000003, 12.856200820000026 ], [ 77.371344854000142, 12.856386725 ], [ 77.37129655300015, 12.856400879000148 ], [ 77.370654274000174, 12.856598406000046 ], [ 77.369958853000128, 12.85681227300006 ], [ 77.369836221000071, 12.856851189000054 ], [ 77.36976224700004, 12.857060500999978 ], [ 77.369706490000112, 12.857218266000189 ], [ 77.369341404000124, 12.858269859000018 ], [ 77.369293664000054, 12.858407369000076 ], [ 77.369141690999982, 12.85885191300008 ], [ 77.368898512000044, 12.859593943000164 ], [ 77.368861699000092, 12.859706275000065 ], [ 77.36863060200011, 12.860420941000029 ], [ 77.368602440000075, 12.860508033000144 ], [ 77.368595980000066, 12.860528134000106 ], [ 77.368568332000109, 12.860614311000063 ], [ 77.368497069000114, 12.860837060999984 ], [ 77.368059084000038, 12.862039936000144 ], [ 77.367876741000146, 12.862913037000169 ], [ 77.367876013000114, 12.862916526 ], [ 77.367571839000163, 12.864434887000129 ], [ 77.367555148000122, 12.864537229000064 ], [ 77.367485468000041, 12.86496448600019 ], [ 77.367462631000194, 12.865105886000151 ], [ 77.367448761000105, 12.865192104000187 ], [ 77.367446927000117, 12.865203503000146 ], [ 77.367402568000102, 12.865481503000069 ], [ 77.367344132000028, 12.865847713000164 ], [ 77.367307747000154, 12.866080452000119 ], [ 77.36730774300014, 12.86608048100004 ], [ 77.367276749000041, 12.866290936000155 ], [ 77.36666644200011, 12.868358870000179 ], [ 77.366421119000165, 12.869157800000039 ], [ 77.366086757000176, 12.870246683000175 ], [ 77.364574265000101, 12.870260896 ], [ 77.364424575000157, 12.870262275000016 ], [ 77.364212597, 12.870264228999986 ], [ 77.364176051000186, 12.870264565000014 ], [ 77.363277838000045, 12.870272839 ], [ 77.363178757000128, 12.870273613000052 ], [ 77.363144716000022, 12.870272306000061 ], [ 77.362733907000063, 12.870256535000067 ], [ 77.362607710000191, 12.87025168800011 ], [ 77.360338972000079, 12.870164570000043 ], [ 77.359054775000118, 12.870107626000106 ], [ 77.358861518000197, 12.870099010000104 ], [ 77.358609057000194, 12.870087752000074 ], [ 77.3585360780001, 12.870084508000161 ], [ 77.358402014000035, 12.870068676000074 ], [ 77.357103635000158, 12.869915340000034 ], [ 77.356847695000113, 12.869885040000156 ], [ 77.356715858000143, 12.869869433000019 ], [ 77.356663071000128, 12.869863801000122 ], [ 77.356600519000096, 12.869857127999978 ], [ 77.35649088100007, 12.869845429000179 ], [ 77.356490848000192, 12.869845422000083 ], [ 77.356391537000036, 12.869841333000181 ], [ 77.356344890000173, 12.869839412000147 ], [ 77.355681198000127, 12.869810408000035 ], [ 77.355397902000163, 12.869815956000139 ], [ 77.355077156000107, 12.86982219500004 ], [ 77.355067084000154, 12.869822392000117 ], [ 77.354791517000137, 12.869820110000148 ], [ 77.354436549000127, 12.8698173840001 ], [ 77.354402526000058, 12.869815527000185 ], [ 77.354306964000102, 12.869810312000027 ], [ 77.354144302000179, 12.869794378000108 ], [ 77.353864930000157, 12.86980851800007 ], [ 77.353849019000165, 12.86980748700006 ], [ 77.353788433000148, 12.869812391000096 ], [ 77.353382066000165, 12.869832959 ], [ 77.353088964000051, 12.869847784000115 ], [ 77.353039655000146, 12.869873046000066 ], [ 77.352882556000054, 12.86995353400016 ], [ 77.35253760500018, 12.870046677000119 ], [ 77.352482147000046, 12.870061721000127 ], [ 77.352478579000092, 12.870062688000132 ], [ 77.352393666000069, 12.870107156000074 ], [ 77.352379666000161, 12.870113047000132 ], [ 77.352361973000029, 12.870120496000084 ], [ 77.352300683000124, 12.870146344000091 ], [ 77.352231740000036, 12.870175467000138 ], [ 77.352225522000197, 12.870173324000064 ], [ 77.352139563000094, 12.8701437040001 ], [ 77.351821555000072, 12.870034120000071 ], [ 77.351733836000051, 12.870004154000071 ], [ 77.351519084000188, 12.869931250999969 ], [ 77.351127962000191, 12.869822738000153 ], [ 77.350766416000113, 12.869724629000132 ], [ 77.350520344000188, 12.869725969000058 ], [ 77.350335068000106, 12.869726978000074 ], [ 77.349804236000068, 12.869725493000033 ], [ 77.34948932900005, 12.869725204000076 ], [ 77.349232423000103, 12.86972497000005 ], [ 77.349119049000137, 12.869725020000089 ], [ 77.348932535000131, 12.869731166000065 ], [ 77.348852952000072, 12.8697338180001 ], [ 77.348678737000114, 12.869739733000131 ], [ 77.348457856000039, 12.869747233000055 ], [ 77.346725755000193, 12.870008842000118 ], [ 77.346619578000173, 12.870024896000189 ], [ 77.346619309000062, 12.870024971000134 ], [ 77.346401405000165, 12.870057958000075 ], [ 77.345223524000119, 12.870236268000099 ], [ 77.344071303000078, 12.870332408000081 ], [ 77.344067978999988, 12.870423249 ], [ 77.343976016000113, 12.872936364000054 ], [ 77.343893140000034, 12.875113572000032 ], [ 77.343889978000107, 12.875196776 ], [ 77.34385596900006, 12.875204567000026 ], [ 77.343804184000135, 12.875216432000059 ], [ 77.343712708000169, 12.875237388000187 ], [ 77.342692452000165, 12.875471119000053 ], [ 77.34260405800012, 12.875491436000061 ], [ 77.341847191000113, 12.875665402000038 ], [ 77.341742610000097, 12.875689505000025 ], [ 77.341017956000144, 12.875856510000062 ], [ 77.340942354000106, 12.875873986000101 ], [ 77.340099832000021, 12.876068731000146 ], [ 77.340024444, 12.876086245000181 ], [ 77.338606471000048, 12.876415671000075 ], [ 77.338562127000102, 12.876426022000089 ], [ 77.338349529000084, 12.876475647000063 ], [ 77.338261468000155, 12.876496246000045 ], [ 77.337663552000095, 12.876636109000174 ], [ 77.337122097000133, 12.876763114000141 ], [ 77.336904767000078, 12.876809292000019 ], [ 77.336607115000163, 12.876849209000056 ], [ 77.336606190000168, 12.876888731000122 ], [ 77.336603650000143, 12.876997281000058 ], [ 77.3365915870001, 12.877512653000053 ], [ 77.336589869000136, 12.877586031000078 ], [ 77.336580832000038, 12.877972088000149 ], [ 77.336574881000161, 12.878226335000136 ], [ 77.33636113200015, 12.879160750000096 ], [ 77.336103269000034, 12.880179296000165 ], [ 77.336266563000038, 12.880815689000144 ], [ 77.33630001500012, 12.880946059000109 ], [ 77.336407856000108, 12.881366342000149 ], [ 77.336773525000069, 12.882055943000069 ], [ 77.336736182000095, 12.882073655000113 ], [ 77.33657177300006, 12.882151632000102 ], [ 77.336537454000165, 12.882167920000029 ], [ 77.336407834999989, 12.882229439000071 ], [ 77.336400521000087, 12.882239946000141 ], [ 77.336292758000184, 12.882394773000044 ], [ 77.336263800000097, 12.882436381000105 ], [ 77.336014612000042, 12.88279443000016 ], [ 77.336011278000171, 12.882984905000058 ], [ 77.336009463000096, 12.883087677 ], [ 77.335906589000103, 12.88325028100013 ], [ 77.335895351000033, 12.883240264000108 ], [ 77.335726237000074, 12.883089267000116 ], [ 77.335612481000112, 12.882987703000083 ], [ 77.335607672000151, 12.882983420000187 ], [ 77.335330746000125, 12.883038770000155 ], [ 77.335179864999986, 12.88306894800013 ], [ 77.334619330000066, 12.883181059000094 ], [ 77.334616673000141, 12.883184442000129 ], [ 77.334581625000055, 12.883229055000186 ], [ 77.332478841000182, 12.885905714000046 ], [ 77.332430857000134, 12.886063115000184 ], [ 77.332206057000178, 12.886800513000082 ], [ 77.332154384000034, 12.886978838000175 ], [ 77.33211685100008, 12.88710827400007 ], [ 77.33210898700014, 12.887135391000072 ], [ 77.332309808000105, 12.887137385000074 ], [ 77.332579462000069, 12.887175701000047 ], [ 77.332635935000042, 12.88718372500017 ], [ 77.332765613000106, 12.887202151999986 ], [ 77.333454323000069, 12.887300152000137 ], [ 77.33346351800003, 12.887301461000163 ], [ 77.334550009000111, 12.88720024100013 ], [ 77.334557858000153, 12.88719951000013 ], [ 77.334694981000041, 12.887186717000077 ], [ 77.334795365000161, 12.88712253000017 ], [ 77.334826676000034, 12.887102509000044 ], [ 77.335057105000146, 12.886955167999986 ], [ 77.335357954000074, 12.886934385000131 ], [ 77.335752953000167, 12.886907062000091 ], [ 77.336160934000077, 12.88692582900012 ], [ 77.336175541000159, 12.886897416000181 ], [ 77.336180340000112, 12.886888080000119 ], [ 77.336501122000186, 12.886264508000068 ], [ 77.33650534200018, 12.886256304000085 ], [ 77.336594001000151, 12.886283592000041 ], [ 77.33660905500011, 12.886288225000158 ], [ 77.33691632100016, 12.886382964000063 ], [ 77.337127561000045, 12.886428293 ], [ 77.33729883400008, 12.886432177000131 ], [ 77.337522613000033, 12.886437385000079 ], [ 77.337611742000036, 12.886480633000076 ], [ 77.337626260000036, 12.886487678000037 ], [ 77.337896027000056, 12.886618704000057 ], [ 77.3379118470001, 12.886626387000035 ], [ 77.337986122000132, 12.886662506000107 ], [ 77.338288126000066, 12.886691308000024 ], [ 77.33860584200005, 12.88672192000007 ], [ 77.338605876000088, 12.886721930000078 ], [ 77.338930218000087, 12.886776749999967 ], [ 77.338948254000172, 12.886779799000124 ], [ 77.339226632000077, 12.886826889000133 ], [ 77.339245906000087, 12.886830150000151 ], [ 77.342501402000153, 12.887380092000171 ], [ 77.343060896000054, 12.887474601000065 ], [ 77.343563628000084, 12.88755811600015 ], [ 77.343570460000137, 12.887559251000141 ], [ 77.343585218000101, 12.887561702000085 ], [ 77.34358326600011, 12.887572344000091 ], [ 77.342368947000125, 12.894198379000045 ], [ 77.342365261000168, 12.89421849200005 ], [ 77.341278565000152, 12.900205611000047 ], [ 77.340016843000171, 12.903991238 ], [ 77.340015445000063, 12.903995437000106 ], [ 77.339840785000035, 12.90451985500016 ], [ 77.338846310000065, 12.910651349000148 ], [ 77.339223600000196, 12.91169364700005 ], [ 77.339236130000188, 12.911728266000182 ], [ 77.339318300000059, 12.911955766000176 ], [ 77.339321401, 12.911964352000155 ], [ 77.339332164000098, 12.911994152000148 ], [ 77.339339942000038, 12.912015687000064 ], [ 77.339448500000174, 12.912316530000169 ], [ 77.339457342000173, 12.912341033000132 ], [ 77.339486095000154, 12.912420771000029 ], [ 77.339486100000045, 12.912420801 ], [ 77.339485594, 12.91242472100015 ], [ 77.339512940000134, 12.912552284000128 ], [ 77.339553243000182, 12.912740388000088 ], [ 77.339603172000182, 12.915496294000036 ], [ 77.339673795000067, 12.919522292000067 ], [ 77.339797794000106, 12.925861652000037 ], [ 77.339799241000151, 12.92593439500007 ], [ 77.339806124000063, 12.926280337000094 ], [ 77.339812534000089, 12.926601818000165 ], [ 77.339507014, 12.926799964000054 ], [ 77.339462421000121, 12.926828872000101 ], [ 77.339446162000115, 12.926839412000106 ], [ 77.339573368000174, 12.927865699 ], [ 77.339594207000061, 12.928033824000181 ], [ 77.339612229000124, 12.928179221 ], [ 77.339691883000114, 12.928821849000087 ], [ 77.340236861000108, 12.93321847600015 ], [ 77.340008054000066, 12.93319757 ], [ 77.339849584000092, 12.933235744000172 ], [ 77.339663171000041, 12.933280654000157 ], [ 77.336353975000179, 12.932929149000074 ], [ 77.336195493000048, 12.932912313000145 ], [ 77.336195744000122, 12.932929412000021 ], [ 77.336198931000126, 12.933146068000042 ], [ 77.336206795000066, 12.933680648 ], [ 77.336208924000175, 12.933825041000148 ], [ 77.33621520000014, 12.934250825000049 ], [ 77.336227024000038, 12.935077912000168 ], [ 77.336228535000089, 12.93518622300013 ], [ 77.336230036000131, 12.935294271000032 ], [ 77.336230031000014, 12.935294412000133 ], [ 77.336230032000117, 12.935294493000072 ], [ 77.336222216000181, 12.935883403000105 ], [ 77.336221716000125, 12.93592017800006 ], [ 77.336214109000139, 12.93648094200006 ], [ 77.336126613000033, 12.936818023000171 ], [ 77.336114936, 12.93686301200006 ], [ 77.335915690000036, 12.937630615000103 ], [ 77.335913362000042, 12.93766253900003 ], [ 77.335910475000048, 12.93770210200006 ], [ 77.335878940000043, 12.938134252000111 ], [ 77.335790517000078, 12.939261721000037 ], [ 77.335777745000087, 12.939424578000114 ], [ 77.335673524000072, 12.940753475000179 ], [ 77.335558481000078, 12.942211766000128 ], [ 77.33554298100006, 12.942407807000109 ], [ 77.335397934000184, 12.944241280000028 ], [ 77.335395545000097, 12.944271757000138 ], [ 77.335360832000163, 12.944714600000111 ], [ 77.335294729000111, 12.945573366000076 ], [ 77.335283573000083, 12.945718305000128 ], [ 77.335132983000051, 12.947674730000074 ], [ 77.334736171000088, 12.948429106000106 ], [ 77.334440949000168, 12.948990344000038 ], [ 77.334289994000187, 12.949462653000126 ], [ 77.33423641100012, 12.949449507999987 ], [ 77.33412161900003, 12.949421348000158 ], [ 77.333857360000081, 12.949333335000063 ], [ 77.333864274000121, 12.949428418000025 ], [ 77.333877643999983, 12.949612279000064 ], [ 77.333898077000185, 12.94989109100004 ], [ 77.333821146000105, 12.949932806000049 ], [ 77.333034872999974, 12.950359154000125 ], [ 77.332612856000139, 12.950587985000141 ], [ 77.332113692000064, 12.95085430000006 ], [ 77.332103572000108, 12.950914846000103 ], [ 77.332077485000184, 12.95107093200005 ], [ 77.33194569900013, 12.951859424000077 ], [ 77.331550485000093, 12.954235427000128 ], [ 77.331355849000147, 12.955405548000044 ], [ 77.331336505000138, 12.955526035000162 ], [ 77.331078981000189, 12.957130146000111 ], [ 77.330882534000182, 12.958915025000067 ], [ 77.330666916000098, 12.960119645000077 ], [ 77.330640205000122, 12.960268873000189 ], [ 77.330283578000149, 12.962261277000039 ], [ 77.330266426000151, 12.962357103000102 ], [ 77.330104269000174, 12.963263027000096 ], [ 77.330101121999974, 12.963389653000092 ], [ 77.33008068900017, 12.96421174 ], [ 77.330080267000142, 12.964228365000054 ], [ 77.33004748500008, 12.965518993000103 ], [ 77.330053546000158, 12.96564129300009 ], [ 77.330054602000075, 12.965662696000152 ], [ 77.330060401000082, 12.965780202000133 ], [ 77.329419245000167, 12.966003929000067 ], [ 77.329004965000138, 12.966325354000105 ], [ 77.327629713000078, 12.967384549000087 ], [ 77.327413129000092, 12.967620509000085 ], [ 77.327141750000067, 12.967916166000123 ], [ 77.326692184000194, 12.968405949000044 ], [ 77.326666535000129, 12.968419396000172 ], [ 77.32665702200012, 12.968424375000154 ], [ 77.326463360999981, 12.968525742999987 ], [ 77.326263917, 12.968406243000061 ], [ 77.32617997400007, 12.968355948000067 ], [ 77.326179830000058, 12.968356568000104 ], [ 77.326087618000088, 12.968749425000055 ], [ 77.326256121000085, 12.969073138000056 ], [ 77.326256139000066, 12.969073166000101 ], [ 77.32615430300018, 12.969549165000103 ], [ 77.326139179000165, 12.969619849000082 ], [ 77.326106627000172, 12.969772005000095 ], [ 77.325825738000106, 12.969990885000072 ], [ 77.325731660000145, 12.970264073000124 ], [ 77.325637555000071, 12.971473506999985 ], [ 77.32560520100003, 12.971896573000038 ], [ 77.325765177000164, 12.972902821000162 ], [ 77.325678606000167, 12.972910306000131 ], [ 77.325637169000061, 12.972913809000147 ], [ 77.325577955000085, 12.97286122800017 ], [ 77.325590020000107, 12.972917796000047 ], [ 77.325892649000195, 12.974362576000033 ], [ 77.325595027000077, 12.97576375500006 ], [ 77.325530409000066, 12.976002969000149 ], [ 77.325530600000036, 12.976003086000048 ], [ 77.325769924000099, 12.976112814999965 ], [ 77.325941717000035, 12.976191583000116 ], [ 77.326895260000128, 12.976725590000171 ], [ 77.327092181000182, 12.976835868000023 ], [ 77.327221430000122, 12.976840832999983 ], [ 77.327268582000102, 12.976842601000158 ], [ 77.327361248000159, 12.976846023000064 ], [ 77.328133683000033, 12.976877634000118 ], [ 77.328712426000038, 12.976901317000056 ], [ 77.328700403000198, 12.97699873300013 ], [ 77.328769772000157, 12.977067106000163 ], [ 77.328773105000153, 12.977070386999969 ], [ 77.328775120000046, 12.977072373000169 ], [ 77.32877546800006, 12.977070587000185 ], [ 77.328785512000195, 12.977071413999965 ], [ 77.328844949000086, 12.977076313000111 ], [ 77.328905793000104, 12.977081328999986 ], [ 77.329002491000153, 12.97714079300016 ], [ 77.329015434000041, 12.977148752000176 ], [ 77.329085994000195, 12.977192149000132 ], [ 77.329187059000105, 12.977254311000138 ], [ 77.329204331000142, 12.977264935000107 ], [ 77.329237146000082, 12.97728182700007 ], [ 77.329296865000174, 12.977312577000134 ], [ 77.329354207000108, 12.977342096000029 ], [ 77.329566281000041, 12.977451275000078 ], [ 77.329600223, 12.977468773000112 ], [ 77.329987597000127, 12.97766986900001 ], [ 77.329987882000012, 12.97767001800014 ], [ 77.330005184000072, 12.977678565000019 ], [ 77.330024192, 12.977688866999983 ], [ 77.33004767000017, 12.977701055000125 ], [ 77.330077540000161, 12.977716563000172 ], [ 77.330110624000042, 12.977733738999973 ], [ 77.330129109999973, 12.977743333000092 ], [ 77.330158393000033, 12.977758533999975 ], [ 77.330189269000073, 12.977774564000072 ], [ 77.330224994000105, 12.97779311 ], [ 77.330256078000048, 12.977809247000039 ], [ 77.330279382000185, 12.977821345000109 ], [ 77.330283813999984, 12.977823503000138 ], [ 77.330284104000043, 12.977823639000121 ], [ 77.330301072, 12.977831461000108 ], [ 77.330329604000042, 12.977844612000183 ], [ 77.330359962999978, 12.977858606000098 ], [ 77.330392771000049, 12.977873730000113 ], [ 77.330419674000041, 12.977886131000162 ], [ 77.330445756000074, 12.977898155000105 ], [ 77.330478807000077, 12.977913391000129 ], [ 77.330495663000022, 12.977920832000109 ], [ 77.330505697000149, 12.977925786000185 ], [ 77.330512800000122, 12.977928841000164 ], [ 77.330616285000076, 12.977976758000125 ], [ 77.330647890000137, 12.977991328000087 ], [ 77.330704138000158, 12.978017256999976 ], [ 77.33078972900006, 12.978056713000058 ], [ 77.330808520000062, 12.978061223999987 ], [ 77.330941082000038, 12.978113484000062 ], [ 77.331182370000079, 12.978208610000138 ], [ 77.331428578000043, 12.978251004000072 ], [ 77.331630296000014, 12.978254443000083 ], [ 77.33219512800008, 12.978264277 ], [ 77.332471126000144, 12.978269123000075 ], [ 77.332865669, 12.978479524000136 ], [ 77.333336097000029, 12.97856097500005 ], [ 77.33401573500015, 12.978604089000044 ], [ 77.334361127000136, 12.978666670000166 ], [ 77.334756683000194, 12.978655544000162 ], [ 77.334837248000156, 12.978663852000125 ], [ 77.334885321000172, 12.978668809999988 ], [ 77.335031622000088, 12.978653989000122 ], [ 77.33538409200014, 12.978597272000115 ], [ 77.335833869000112, 12.978518638000025 ], [ 77.335933661000013, 12.978491253000129 ], [ 77.336042987000042, 12.978450823000173 ], [ 77.336169091000158, 12.978405939000027 ], [ 77.336240992000171, 12.978396318000023 ], [ 77.336255282000081, 12.978394406 ], [ 77.336495356000057, 12.978336544000058 ], [ 77.33663755200007, 12.97831805300001 ], [ 77.337416229000155, 12.978360716000111 ], [ 77.33744701300003, 12.978414568000119 ], [ 77.337613997000176, 12.978375956000093 ], [ 77.337619835000112, 12.978374606000159 ], [ 77.33759663100011, 12.978284100000167 ], [ 77.337568948000069, 12.978044662000059 ], [ 77.337489464000043, 12.977443671000174 ], [ 77.337471866000044, 12.977310613000157 ], [ 77.337471715000106, 12.977309483000056 ], [ 77.33735823100011, 12.976471512999979 ], [ 77.337340747000098, 12.976321993000056 ], [ 77.337381604000029, 12.976145717000065 ], [ 77.337467759000106, 12.975773796999988 ], [ 77.337589899000136, 12.975281039000095 ], [ 77.337626517000103, 12.975072402000137 ], [ 77.337634877000085, 12.974699568 ], [ 77.337645788000032, 12.97420888900001 ], [ 77.337649184000156, 12.974055299000099 ], [ 77.337651962000166, 12.973929639000175 ], [ 77.33765196600018, 12.973929454000086 ], [ 77.337655506000146, 12.973768894000102 ], [ 77.33766010100004, 12.973702893000052 ], [ 77.337781918000076, 12.973608662000174 ], [ 77.3379161310001, 12.973504837 ], [ 77.338118232000056, 12.973359591000076 ], [ 77.338177319000067, 12.973295361000112 ], [ 77.338277486000095, 12.973143023000091 ], [ 77.338469021000037, 12.97282989200005 ], [ 77.338512661000095, 12.972758538 ], [ 77.338532430000043, 12.972726225000088 ], [ 77.338548057000139, 12.972710920000168 ], [ 77.338569594000091, 12.972689825000089 ], [ 77.33859457, 12.972686328000066 ], [ 77.338601142000186, 12.972687233000045 ], [ 77.33861006900014, 12.972686501000169 ], [ 77.338643784000169, 12.97269311000008 ], [ 77.338762934000101, 12.972730593999984 ], [ 77.338798805000124, 12.972745989000146 ], [ 77.338868636000143, 12.972424994000107 ], [ 77.33899687700017, 12.972455884 ], [ 77.339117194000096, 12.97248486400008 ], [ 77.341601824000122, 12.973082869000109 ], [ 77.34213749900016, 12.973151505000089 ], [ 77.342370151000011, 12.97318131500009 ], [ 77.344809844, 12.973493897000026 ], [ 77.346217397000032, 12.973942035000164 ], [ 77.347934865000013, 12.974128727000164 ], [ 77.349528494000197, 12.974302047000094 ], [ 77.349648539000043, 12.974315103000094 ], [ 77.349902348, 12.974342705000083 ], [ 77.349926275000144, 12.974386824000078 ], [ 77.35036482400011, 12.975195468000038 ], [ 77.351070441000104, 12.975805749000187 ], [ 77.351148855000019, 12.975793218000092 ], [ 77.351254773999983, 12.975776293000024 ], [ 77.351568256000178, 12.975726199000178 ], [ 77.351878148000083, 12.975676684000064 ], [ 77.351921257000186, 12.975747612000077 ], [ 77.352433908000023, 12.976591081000151 ], [ 77.353659383000092, 12.978189338000107 ], [ 77.353732788000059, 12.978677155000071 ], [ 77.353749584000184, 12.978788775000055 ], [ 77.353809789000138, 12.979188871000133 ], [ 77.354272540000125, 12.981286683000178 ], [ 77.354316200000198, 12.981484604000116 ], [ 77.354610884000067, 12.982820484000115 ], [ 77.354649072000029, 12.98366533900014 ], [ 77.3546799020001, 12.984347375000084 ], [ 77.355242525000165, 12.985568552000132 ], [ 77.356230562000121, 12.985957107000047 ], [ 77.3566927010001, 12.986227392000103 ], [ 77.356696709000062, 12.986229737000031 ], [ 77.356837327000164, 12.986311991000093 ], [ 77.357096963000117, 12.986463883000056 ], [ 77.357296303000112, 12.986580522000054 ], [ 77.357676790000085, 12.986803202000146 ], [ 77.358376995000185, 12.987283513000023 ], [ 77.358791760000145, 12.987711273000059 ], [ 77.358929629000045, 12.9878534610001 ], [ 77.359609016000036, 12.988554128999965 ], [ 77.359621973000174, 12.988567490000094 ], [ 77.359912623000071, 12.988592686000061 ], [ 77.360268130000065, 12.988626803000159 ], [ 77.360782280000137, 12.988676145000113 ], [ 77.360870004000105, 12.988684563000106 ], [ 77.361659753000197, 12.988612533000037 ], [ 77.362991741000087, 12.987913387999981 ], [ 77.364362242000084, 12.987629999000092 ], [ 77.364402434000169, 12.987621689000093 ], [ 77.365332928999976, 12.98787723300012 ], [ 77.365902189, 12.989403744000015 ], [ 77.366455530000053, 12.990186299000015 ], [ 77.367079352000189, 12.990626985000063 ], [ 77.36708511300003, 12.990631056000154 ], [ 77.367449144000034, 12.99088827700001 ], [ 77.368543258000159, 12.991034919000072 ], [ 77.370219247000193, 12.991330222000101 ], [ 77.372014512000135, 12.992152828000144 ], [ 77.372017465000113, 12.992171730000109 ], [ 77.372030712000196, 12.992256547000068 ], [ 77.372068570000124, 12.992498616000148 ], [ 77.372070877000056, 12.992513274000089 ], [ 77.372131656000022, 12.992899421000175 ], [ 77.371980202000145, 12.993265291000057 ], [ 77.371900583000183, 12.993476727000143 ], [ 77.37200773700016, 12.9938038680001 ], [ 77.372115652000161, 12.994133331000114 ], [ 77.372144789000174, 12.994259791000104 ], [ 77.372267375000149, 12.994711138000071 ], [ 77.372304678000148, 12.994848485000148 ], [ 77.372238809000123, 12.994936929000175 ], [ 77.372114157000112, 12.995079180000118 ], [ 77.371944141000085, 12.995254448000082 ], [ 77.371756582999978, 12.995378743000117 ], [ 77.371240377000106, 12.995720829 ], [ 77.371152658000199, 12.996542592000083 ], [ 77.371234112000195, 12.996762469000032 ], [ 77.371146183000121, 12.99685967 ], [ 77.371122031000084, 12.996886474000121 ], [ 77.371072739000113, 12.996941329000094 ], [ 77.371033622000141, 12.997225873000048 ], [ 77.370968565000169, 12.997597560000145 ], [ 77.370887779000043, 12.998054135000189 ], [ 77.370832045000043, 12.998339409000153 ], [ 77.370627338000077, 12.998781043000065 ], [ 77.370305130000077, 12.999696401000165 ], [ 77.370607588000041, 13.000505718000056 ], [ 77.370907715000101, 13.001208214000087 ], [ 77.370917481000049, 13.001227812000138 ], [ 77.370969488000185, 13.001355427000135 ], [ 77.371471689000032, 13.002587685000094 ], [ 77.371770249000065, 13.003084496999975 ], [ 77.372130779000031, 13.003851767000072 ], [ 77.37213405100016, 13.003858763000096 ], [ 77.372244725000087, 13.004095375000134 ], [ 77.372314843000197, 13.004245280000021 ], [ 77.372319985000104, 13.004256274000056 ], [ 77.37232783200011, 13.00427305 ], [ 77.372494325000105, 13.00405899000009 ], [ 77.372657493000133, 13.004136125000173 ], [ 77.372928567000145, 13.00426428500009 ], [ 77.372953036000126, 13.00427585400007 ], [ 77.372768738000161, 13.004501336999965 ], [ 77.372705121000138, 13.004579172000149 ], [ 77.372703844000114, 13.004580734000058 ], [ 77.372354811000093, 13.005010170000105 ], [ 77.372323019000135, 13.00505055800005 ], [ 77.37197656799998, 13.005490669000153 ], [ 77.371811047000051, 13.005485632000159 ], [ 77.371342387000198, 13.005471369000134 ], [ 77.370847624000191, 13.00584261500012 ], [ 77.370588717000032, 13.006212743 ], [ 77.370300840000084, 13.007237290000148 ], [ 77.37024931100018, 13.007420823000132 ], [ 77.370318928000131, 13.007738024 ], [ 77.369985610000128, 13.008628449000071 ], [ 77.369974982000144, 13.008656839000082 ], [ 77.369966077000186, 13.008680419000086 ], [ 77.369986954000069, 13.008967772000176 ], [ 77.370291838000071, 13.009482545000026 ], [ 77.370452605000139, 13.009753985000089 ], [ 77.37046785300015, 13.009779731000094 ], [ 77.370529335000072, 13.009887223000135 ], [ 77.370342844000163, 13.011482277000084 ], [ 77.370339618000116, 13.011509871000101 ], [ 77.370339606000073, 13.01150996399997 ], [ 77.370359477000022, 13.01160662000018 ], [ 77.370493239000098, 13.012255780000089 ], [ 77.3705167170001, 13.012332656000012 ], [ 77.370521342000188, 13.012347800000043 ], [ 77.370557757000086, 13.012466761000042 ], [ 77.370925644000067, 13.01365306200006 ], [ 77.370995207000078, 13.01387738000011 ], [ 77.370968818000108, 13.014224151000121 ], [ 77.370951220000052, 13.014455382000165 ], [ 77.370900009000195, 13.015146044000119 ], [ 77.370867774000089, 13.015621816000021 ], [ 77.370853731000068, 13.015829084000131 ], [ 77.370834691000084, 13.016115057000093 ], [ 77.370833415000163, 13.016134350000186 ], [ 77.370828354000196, 13.01621086900019 ], [ 77.370827877000067, 13.016218122000168 ], [ 77.370790652000096, 13.016335673000015 ], [ 77.37084140900015, 13.016342597000062 ], [ 77.371804178000104, 13.016348506000099 ], [ 77.372336314999984, 13.016353276000189 ], [ 77.372542374000091, 13.016355117000046 ], [ 77.373425628000177, 13.016366609000102 ], [ 77.37363853, 13.016392293000081 ], [ 77.373758720000183, 13.016406827000083 ], [ 77.374854895000055, 13.016540378 ], [ 77.375308599000107, 13.016596191000076 ], [ 77.375373325000112, 13.016603891000045 ], [ 77.375748261000069, 13.016648492000058 ], [ 77.375971993000064, 13.01667745400016 ], [ 77.376218118000111, 13.016694307000023 ], [ 77.376335956999981, 13.016703915000107 ], [ 77.376430275000189, 13.016691258000037 ], [ 77.376724567000167, 13.016651766000166 ], [ 77.376815359000034, 13.016653007000173 ], [ 77.376927608000187, 13.01665454100015 ], [ 77.376771630000064, 13.017371953000179 ], [ 77.376739630000088, 13.01749919800011 ], [ 77.376719450000053, 13.017834629000049 ], [ 77.376711508000085, 13.017966984999987 ], [ 77.376756960000137, 13.018276032000074 ], [ 77.376796094000156, 13.018540718000168 ], [ 77.376889940000126, 13.018883240000036 ], [ 77.376919633000171, 13.018991147 ], [ 77.376949947000185, 13.019101019000061 ], [ 77.376954561000048, 13.019117741 ], [ 77.376942575000101, 13.019148232000134 ], [ 77.376934152000047, 13.019169662000138 ], [ 77.3769181400001, 13.019210400000134 ], [ 77.376918624000155, 13.019224597000175 ], [ 77.376919380000061, 13.019246326000086 ], [ 77.37692184000008, 13.019317038000054 ], [ 77.377038327000037, 13.019753998000169 ], [ 77.377051929000118, 13.019804667000187 ], [ 77.377070446000118, 13.019873591000021 ], [ 77.377073091000057, 13.019883424000056 ], [ 77.377085555, 13.019929782000133 ], [ 77.377086365000082, 13.020029055000123 ], [ 77.377087103000179, 13.020119549000128 ], [ 77.37719649700017, 13.020622640999989 ], [ 77.377204047000077, 13.020657026000094 ], [ 77.377236066000137, 13.020802232000051 ], [ 77.377087906000156, 13.021270255000104 ], [ 77.377144786000031, 13.021382208000034 ], [ 77.377194327000154, 13.021479955000075 ], [ 77.377255407000064, 13.02160047000018 ], [ 77.377308508999988, 13.021987014 ], [ 77.377360927000097, 13.022378020000019 ], [ 77.377480354000113, 13.022807826000076 ], [ 77.377506375000053, 13.02290268500019 ], [ 77.377559706000113, 13.023241869000174 ], [ 77.377614701000141, 13.023608975000172 ], [ 77.377617173000147, 13.023636243000112 ], [ 77.377621568000052, 13.023684766000144 ], [ 77.37762372300017, 13.023708568000188 ], [ 77.377631925000117, 13.023799157000099 ], [ 77.377634502000092, 13.023827630000085 ], [ 77.377643195000189, 13.023923678000187 ], [ 77.377711298, 13.024015722000172 ], [ 77.377462828000091, 13.024189757000102 ], [ 77.377406642000039, 13.024635962000161 ], [ 77.37695208800011, 13.025488231000054 ], [ 77.376952044000063, 13.025488316000178 ], [ 77.376631228000178, 13.026111512000057 ], [ 77.376613561000056, 13.026145832000054 ], [ 77.37661384900008, 13.026278815000126 ], [ 77.376619793000032, 13.026315811000131 ], [ 77.376636101000145, 13.026417318000085 ], [ 77.376653310000052, 13.026524435000169 ], [ 77.376615766000157, 13.026983483000151 ], [ 77.376614053000083, 13.027004428 ], [ 77.376590960000044, 13.027286787000037 ], [ 77.376590825000108, 13.027513919000171 ], [ 77.376590683000131, 13.02775596400005 ], [ 77.376564789000099, 13.02799622100008 ], [ 77.376555973999984, 13.028077373000087 ], [ 77.376544010000089, 13.028187523000099 ], [ 77.376658432000113, 13.028668661000154 ], [ 77.376658493000036, 13.028668918000051 ], [ 77.376731378000102, 13.028976942000156 ], [ 77.376752172000067, 13.02906495700006 ], [ 77.37685515000004, 13.029500815000063 ], [ 77.376890709000065, 13.029651056000148 ], [ 77.376904996000121, 13.029760931999988 ], [ 77.376927691000105, 13.02993547900013 ], [ 77.377096569000059, 13.03000726700003 ], [ 77.377346721000151, 13.030114116999982 ], [ 77.377648050000118, 13.029488821000143 ], [ 77.377713035000056, 13.029355999000188 ], [ 77.377887843000167, 13.028995578000092 ], [ 77.377966564000189, 13.028771972000072 ], [ 77.377966580000191, 13.028771924000068 ], [ 77.378046063000113, 13.028544077000106 ], [ 77.378099487999975, 13.028402118000031 ], [ 77.378115552000054, 13.028358097000023 ], [ 77.378153520000183, 13.028254048 ], [ 77.378214789000197, 13.028086141000074 ], [ 77.378382870000166, 13.027649483000175 ], [ 77.378524627000104, 13.027328774000011 ], [ 77.378901713, 13.027286560000107 ], [ 77.379945085000031, 13.027168911000047 ], [ 77.380164118000096, 13.027149547000022 ], [ 77.380486991000112, 13.02716901600013 ], [ 77.380953173000137, 13.027198734000081 ], [ 77.381213531000185, 13.027223804000073 ], [ 77.381529178000108, 13.027254197000161 ], [ 77.3821618610001, 13.027324985000178 ], [ 77.382219286000179, 13.027331278000077 ], [ 77.382238323000024, 13.027333360000057 ], [ 77.38224638500003, 13.027334243000041 ], [ 77.382425138000144, 13.027353693000066 ], [ 77.38243412800017, 13.027400917000023 ], [ 77.382476060999977, 13.02762118600009 ], [ 77.382916170999977, 13.027595796000071 ], [ 77.383638292000171, 13.02755288600008 ], [ 77.384001732, 13.027531134000071 ], [ 77.384314820000156, 13.027415595000036 ], [ 77.384880190000047, 13.027245983 ], [ 77.384837436000055, 13.027170045000105 ], [ 77.385040580000179, 13.027098605999981 ], [ 77.385289931000102, 13.027010819000111 ], [ 77.385374636000108, 13.026983026000039 ], [ 77.385700953000196, 13.026875753000127 ], [ 77.385720720000165, 13.026869241000099 ], [ 77.386188711000045, 13.026723422000032 ], [ 77.386298053000019, 13.026692432000118 ], [ 77.386406482000041, 13.026661461000174 ], [ 77.386734911000133, 13.026567546000081 ], [ 77.387059808000117, 13.026472317000128 ], [ 77.387344259000088, 13.026265010000145 ], [ 77.387373725000032, 13.026242251000099 ], [ 77.387620525000045, 13.026051435000113 ], [ 77.38766185500009, 13.026084850000132 ], [ 77.387718569000185, 13.026130692000038 ], [ 77.387888260000068, 13.025979689000053 ], [ 77.387972853000065, 13.025987790000102 ], [ 77.388016585000116, 13.025991978000093 ], [ 77.388050829000122, 13.025995257000091 ], [ 77.388140104000115, 13.026003628000183 ], [ 77.38818733100004, 13.026008056000023 ], [ 77.388230442000122, 13.026012097999967 ], [ 77.388324668000109, 13.026020750000157 ], [ 77.388484565000113, 13.026035433000061 ], [ 77.388598048000176, 13.026045853000028 ], [ 77.388733079000076, 13.02605824900013 ], [ 77.388891803000092, 13.025957391000134 ], [ 77.388959869000189, 13.025914114000045 ], [ 77.389094481000143, 13.025883676000035 ], [ 77.389215222000075, 13.025856365000152 ], [ 77.389437831000123, 13.025886025000091 ], [ 77.389514195000061, 13.025842926 ], [ 77.389655274000063, 13.02576340100012 ], [ 77.38979653500013, 13.025683917000094 ], [ 77.389945160000082, 13.02570509200018 ], [ 77.39001097300013, 13.025714470000025 ], [ 77.390430939000055, 13.025774310000031 ], [ 77.390593079000155, 13.025797412000145 ], [ 77.390807538000047, 13.025827971000126 ], [ 77.39077155300015, 13.026593166000112 ], [ 77.390770191000058, 13.026622111999984 ], [ 77.390687913000193, 13.026645923000103 ], [ 77.390645308000103, 13.026658252000175 ], [ 77.390651969000032, 13.027383640000153 ], [ 77.390514931000098, 13.027556305000132 ], [ 77.390646383000103, 13.028011617000118 ], [ 77.390668835000042, 13.02808938600009 ], [ 77.39100266100013, 13.029245650000178 ], [ 77.390995647000068, 13.029320143000064 ], [ 77.390905313000019, 13.030271738000181 ], [ 77.390991523000082, 13.030518670000163 ], [ 77.391034702000184, 13.030642197000191 ], [ 77.391082069000106, 13.030799183 ], [ 77.391221477000101, 13.0312607460001 ], [ 77.391222216000074, 13.031263169000056 ], [ 77.391312701000174, 13.031562381000128 ], [ 77.391318993000141, 13.031583180000155 ], [ 77.391328715999975, 13.031615312000156 ], [ 77.391439540000079, 13.03198148000007 ], [ 77.391551080000113, 13.03234984400018 ], [ 77.391614952000054, 13.032560735000118 ], [ 77.391605945000094, 13.032781695000097 ], [ 77.391584194000188, 13.033311098000127 ], [ 77.391571664000196, 13.033613323000168 ], [ 77.391570815000023, 13.033633743000053 ], [ 77.391791011000123, 13.03415518800017 ], [ 77.391895635000083, 13.034402744000033 ], [ 77.39196416600015, 13.034564725 ], [ 77.392014346000053, 13.034683327000039 ], [ 77.392014533000179, 13.03472241999998 ], [ 77.392017850000173, 13.035456027000066 ], [ 77.392018594000035, 13.035620375000121 ], [ 77.392045912000185, 13.036293855999986 ], [ 77.392056885000102, 13.036564343000066 ], [ 77.392075612000156, 13.037709920000111 ], [ 77.392164290000039, 13.037764248000144 ], [ 77.392285489000187, 13.037838500000078 ], [ 77.392246132000025, 13.037851632000127 ], [ 77.392087019000144, 13.038592571000038 ], [ 77.391948274000072, 13.038781830000175 ], [ 77.391903151000179, 13.039548186000161 ], [ 77.391899270000124, 13.039614016000087 ], [ 77.392102076000015, 13.040990546000103 ], [ 77.392112873000144, 13.041063378000104 ], [ 77.392392427000175, 13.042944628000157 ], [ 77.392626095000139, 13.044305751000081 ], [ 77.392888294000045, 13.045827680000116 ], [ 77.39316759899998, 13.047580802000027 ], [ 77.393320018000111, 13.048536250000041 ], [ 77.393350149000185, 13.050251030000027 ], [ 77.393360693000147, 13.050852526000028 ], [ 77.393835095000156, 13.050982097000031 ], [ 77.393834877000131, 13.051067063000119 ], [ 77.393833654000105, 13.051544548000095 ], [ 77.393829349000043, 13.053225488000066 ], [ 77.393828493000171, 13.053226011000049 ], [ 77.393801945000064, 13.053242180000041 ], [ 77.392477907000114, 13.054048579000096 ], [ 77.392250360000048, 13.054187164999973 ], [ 77.392250773000171, 13.054191059000118 ], [ 77.392254561000129, 13.05422683900008 ], [ 77.392259406000107, 13.054272597000136 ], [ 77.392288440000186, 13.054546398000127 ], [ 77.392288463000114, 13.054546713000093 ], [ 77.392097001000081, 13.054659604999983 ], [ 77.391905449000035, 13.054771415 ], [ 77.391905209000186, 13.054771555 ], [ 77.391898625000181, 13.054800374000024 ], [ 77.391859515000135, 13.054969373000063 ], [ 77.391773633000128, 13.055334771000105 ], [ 77.391724293000152, 13.055332032000138 ], [ 77.391708912000183, 13.055331235000153 ], [ 77.391410029000042, 13.055315749000101 ], [ 77.391260716000033, 13.055308012000069 ], [ 77.389849983000147, 13.055432554000106 ], [ 77.389639670000065, 13.055429095000079 ], [ 77.389594233000082, 13.055428346000099 ], [ 77.389589362000152, 13.055443786000126 ], [ 77.389102045000072, 13.055357264000065 ], [ 77.388781008000024, 13.055301295000163 ], [ 77.388718730000051, 13.055290391000142 ], [ 77.387190890000113, 13.055022893000057 ], [ 77.387046722000093, 13.054997233000051 ], [ 77.386934362000034, 13.05497723600007 ], [ 77.386266480000188, 13.055206017000103 ], [ 77.386258051000084, 13.055209034000086 ], [ 77.385590420000199, 13.055448022000121 ], [ 77.385426810000183, 13.055481072000191 ], [ 77.385426561000031, 13.055481120000024 ], [ 77.384821315000067, 13.055596169000069 ], [ 77.38482079400012, 13.055596215000037 ], [ 77.384157455000036, 13.055654231000062 ], [ 77.384156711000173, 13.055654295000068 ], [ 77.383250335000128, 13.055734787000119 ], [ 77.383233800000085, 13.05573629800017 ], [ 77.382376498000042, 13.055814676000068 ], [ 77.382324036000114, 13.05581950100003 ], [ 77.382321647000197, 13.055819574000168 ], [ 77.382292459999974, 13.055820499000106 ], [ 77.382245873000159, 13.055821975000072 ], [ 77.382245760000046, 13.055831198000021 ], [ 77.382215617000099, 13.055830971000091 ], [ 77.382224588000042, 13.056639904000178 ], [ 77.382224628000074, 13.056643481000037 ], [ 77.382224627000141, 13.056643799000028 ], [ 77.382222600000091, 13.057055780000098 ], [ 77.382223078000095, 13.057563347000098 ], [ 77.382222907000198, 13.057572219000122 ], [ 77.382218266000052, 13.057812417000093 ], [ 77.382217240000159, 13.057865573000072 ], [ 77.38220796000013, 13.058383001000038 ], [ 77.382207550000089, 13.058405832000062 ], [ 77.38219732500005, 13.058975945999975 ], [ 77.382197106000092, 13.05898493 ], [ 77.382196854000085, 13.058995243000084 ], [ 77.382405241000185, 13.059950593999986 ], [ 77.382405270999982, 13.059950769000125 ], [ 77.38259154300016, 13.061066130000086 ], [ 77.382594082000082, 13.061082123000119 ], [ 77.382599492000168, 13.061116201000061 ], [ 77.382682305000174, 13.061637862000168 ], [ 77.382682973000044, 13.061642059000064 ], [ 77.382769223000082, 13.061871847000077 ], [ 77.382778133000102, 13.061895571999969 ], [ 77.382936769000082, 13.062318059000063 ], [ 77.383001984000089, 13.062496962000182 ], [ 77.383028577000061, 13.062569902000178 ], [ 77.383050489000084, 13.062630002 ], [ 77.383051507000175, 13.062632789000133 ], [ 77.38326374900015, 13.063124712999979 ], [ 77.383516011000097, 13.063936490000117 ], [ 77.383562422000068, 13.064085855000087 ], [ 77.383566957000198, 13.064100451000058 ], [ 77.383929502000115, 13.065267451000182 ], [ 77.383725415000185, 13.065326742000025 ], [ 77.383725573000163, 13.06536737 ], [ 77.383725709000032, 13.065402286000051 ], [ 77.383725914000138, 13.065455609000139 ], [ 77.383727049000129, 13.065759884000158 ], [ 77.383932124000125, 13.066316965000169 ], [ 77.383959316000073, 13.066390828000124 ], [ 77.383983701000034, 13.066457070000126 ], [ 77.384100955000179, 13.066775649000078 ], [ 77.384101271000191, 13.066775847000088 ], [ 77.384681595000075, 13.067142181000065 ], [ 77.384929711000154, 13.067302413000164 ], [ 77.385087014000135, 13.067403994000131 ], [ 77.385134137000193, 13.067434425000044 ], [ 77.385173066000107, 13.067432075000056 ], [ 77.385197915000163, 13.067430575000117 ], [ 77.385241022000059, 13.067427973000065 ], [ 77.385564979000151, 13.067408443000033 ], [ 77.38570625300008, 13.067399938000165 ], [ 77.386585762000152, 13.067347105000124 ], [ 77.386752672000114, 13.067337086000066 ], [ 77.386785875999976, 13.067335093 ], [ 77.386854269000082, 13.067354281000178 ], [ 77.38689837600009, 13.067366665000122 ], [ 77.386971694000067, 13.067380327000023 ], [ 77.387132866000115, 13.067424842999969 ], [ 77.388200419000043, 13.06763752500018 ], [ 77.389244574000031, 13.06867562399998 ], [ 77.389538534, 13.068978015000084 ], [ 77.389603980000118, 13.069045339000127 ], [ 77.389741528000116, 13.069186832000184 ], [ 77.38979165100011, 13.069238393000091 ], [ 77.389724167, 13.069262720999973 ], [ 77.389837709000176, 13.069377517000078 ], [ 77.389924465000092, 13.069374728000128 ], [ 77.39120377100005, 13.069333604000064 ], [ 77.391992128000197, 13.069303659000184 ], [ 77.392500967999979, 13.069284233000189 ], [ 77.393028993000087, 13.069264034000184 ], [ 77.393962444000124, 13.069228149000139 ], [ 77.394033667000087, 13.069225356000175 ], [ 77.394088172000068, 13.069251563000137 ], [ 77.394136435000064, 13.069274768000184 ], [ 77.394469604000165, 13.069434940000122 ], [ 77.394646918000092, 13.069524022000053 ], [ 77.394931604000192, 13.069667058000164 ], [ 77.394950493000067, 13.069661180000026 ], [ 77.395000265000135, 13.069645690000129 ], [ 77.395202576000088, 13.069582731000025 ], [ 77.395202684000083, 13.069631539000113 ], [ 77.395203023000192, 13.069784367000182 ], [ 77.395280478000132, 13.069786439000154 ], [ 77.396022812000069, 13.069806300000096 ], [ 77.396123389000138, 13.069809014000157 ], [ 77.396575589000065, 13.069821508000132 ], [ 77.396860306000065, 13.069829580000089 ], [ 77.396868303000133, 13.069850465000115 ], [ 77.397174214000131, 13.070649360000061 ], [ 77.397177674000034, 13.070687874000043 ], [ 77.397261833000186, 13.071624837000059 ], [ 77.397339486000135, 13.071616097 ], [ 77.397688325000104, 13.071576830000083 ], [ 77.397700516000157, 13.071575451000058 ], [ 77.398457397000186, 13.0714903 ], [ 77.398498065000126, 13.071485794000182 ], [ 77.399170108000078, 13.071411518000048 ], [ 77.399579646, 13.071366451000131 ], [ 77.40036468600016, 13.071280506000051 ], [ 77.400426193000158, 13.071289433000175 ], [ 77.400643218000084, 13.071320928000034 ], [ 77.401097515000117, 13.071386897000082 ], [ 77.401142285000105, 13.071381933 ], [ 77.401272924000125, 13.071367450000139 ], [ 77.401884954000138, 13.071299783000143 ], [ 77.40270232600011, 13.071211144000188 ], [ 77.402943114000152, 13.071184488000085 ], [ 77.403732624000099, 13.071097080000129 ], [ 77.403781348000052, 13.071117393000122 ], [ 77.403851015000043, 13.071146434000127 ], [ 77.404406617000177, 13.071377785000038 ], [ 77.404646964000051, 13.07138949 ], [ 77.406254485000147, 13.071468160000109 ], [ 77.406340622000073, 13.071487685000079 ], [ 77.40649888400003, 13.071523558000081 ], [ 77.40717590100013, 13.071677035000107 ], [ 77.408254233000036, 13.071921508000173 ], [ 77.408330578000061, 13.071933378000097 ], [ 77.408404863000044, 13.071944931000075 ], [ 77.409321295000041, 13.072087502000045 ], [ 77.409481490000076, 13.072112424000125 ], [ 77.410152919000097, 13.072216839000191 ], [ 77.410655586000189, 13.072294911000029 ], [ 77.411357271000099, 13.072403565000172 ], [ 77.411626555000169, 13.072445090000144 ], [ 77.412196390000133, 13.072532410000065 ], [ 77.412273943000059, 13.072528722000129 ], [ 77.413989147000052, 13.072443946000021 ], [ 77.414722966000113, 13.072407297000098 ], [ 77.414751126000169, 13.072348619000081 ], [ 77.415176170000166, 13.071462934000067 ], [ 77.415199770000129, 13.07141398400006 ], [ 77.415350055000033, 13.071102254000039 ], [ 77.415360713000041, 13.071084807000091 ], [ 77.41616121300018, 13.069771742000114 ], [ 77.416593459000069, 13.069064233000063 ], [ 77.416600754000058, 13.069052314000089 ], [ 77.416676930000165, 13.069021840000062 ], [ 77.416766995000046, 13.068877202000181 ], [ 77.41677468000006, 13.068864865000137 ], [ 77.416978976000109, 13.068792974000132 ], [ 77.417729647000101, 13.068587041000058 ], [ 77.418632745000082, 13.068283792999978 ], [ 77.419010628000137, 13.068162665000102 ], [ 77.419476511000084, 13.068013328000063 ], [ 77.420179790000077, 13.067799591000096 ], [ 77.420298602000116, 13.0677634810001 ], [ 77.420385212000042, 13.067737195000063 ], [ 77.420678286000111, 13.067648381000026 ], [ 77.420796652000149, 13.06761251100005 ], [ 77.421376039, 13.067605804000095 ], [ 77.422617709000065, 13.067585862000044 ], [ 77.42279355900007, 13.067583037000077 ], [ 77.422937717000082, 13.067580109000062 ], [ 77.423873503000095, 13.067538236000019 ], [ 77.42478148500004, 13.067688077000071 ], [ 77.424819132000039, 13.067795618 ], [ 77.424901447000195, 13.068027806000032 ], [ 77.42499674700008, 13.068292172000042 ], [ 77.425022081000066, 13.068362451000098 ], [ 77.425032889000079, 13.068392163000055 ], [ 77.425043713000093, 13.068421870000122 ], [ 77.42516844, 13.068764568000063 ], [ 77.425208192000127, 13.068873789000122 ], [ 77.42534382100007, 13.069233602000168 ], [ 77.425369036000063, 13.069300493000071 ], [ 77.425372976000062, 13.069310896000161 ], [ 77.42547721800014, 13.069728496000096 ], [ 77.425581562000104, 13.07015828800013 ], [ 77.425600902000099, 13.070219111000085 ], [ 77.425683097000046, 13.070477007000079 ], [ 77.425775732000147, 13.070752797000182 ], [ 77.425775838000163, 13.070753113000023 ], [ 77.425799374000178, 13.070823077000114 ], [ 77.426018046000138, 13.071471385000109 ], [ 77.42601812200013, 13.071471608000081 ], [ 77.426018552000187, 13.071472971000105 ], [ 77.426533297000049, 13.073087268000165 ], [ 77.426558466000074, 13.073166198000138 ], [ 77.426713349000011, 13.073615767000092 ], [ 77.427015688999973, 13.074873272000161 ], [ 77.427018922000173, 13.074953217000086 ], [ 77.427041700000132, 13.075514610000084 ], [ 77.427048921000107, 13.075692241000127 ], [ 77.427074101000017, 13.075733145000129 ], [ 77.427251383000112, 13.076021014000048 ], [ 77.427280160000123, 13.076269770000067 ], [ 77.427343141000108, 13.07664512700012 ], [ 77.427358019000053, 13.076684787000033 ], [ 77.427505779000057, 13.077078407000045 ], [ 77.427540062000105, 13.077146755000058 ], [ 77.427584798999987, 13.077235945000155 ], [ 77.427602729000057, 13.07727168100007 ], [ 77.427743564000082, 13.077545182000051 ], [ 77.428022068000018, 13.078357200000085 ], [ 77.428086451000127, 13.078466140000046 ], [ 77.428137520000178, 13.078552506000108 ], [ 77.428144105000115, 13.078587277000054 ], [ 77.428171082000119, 13.078729735000081 ], [ 77.428185304000067, 13.078805594000073 ], [ 77.428199066000104, 13.078879001000189 ], [ 77.428561987000023, 13.07964736800011 ], [ 77.428578832000085, 13.079683031000116 ], [ 77.428622467000082, 13.079774834000148 ], [ 77.428702304000183, 13.080000307999967 ], [ 77.428756199000134, 13.080152517000045 ], [ 77.428827604000105, 13.080354147000037 ], [ 77.42898870900018, 13.080846543000121 ], [ 77.429234103000056, 13.081563898000013 ], [ 77.42941429900003, 13.08191855300015 ], [ 77.429445672000043, 13.082004752999978 ], [ 77.429473472000041, 13.082081138000035 ], [ 77.429631089000054, 13.082511328000066 ], [ 77.429688700000099, 13.082917732000112 ], [ 77.429940166000108, 13.083151836000127 ], [ 77.430126666000092, 13.083332748000032 ], [ 77.430185496000149, 13.083391355000174 ], [ 77.430111277000151, 13.083584269000141 ], [ 77.429925274000141, 13.083691687000112 ], [ 77.429739735000169, 13.08379886300014 ], [ 77.429511188000163, 13.083931292000159 ], [ 77.429018058000054, 13.084147194000082 ], [ 77.4289478500001, 13.084178431000112 ], [ 77.428898800000127, 13.08420025300012 ], [ 77.428187815000172, 13.084528039000077 ], [ 77.42807722100008, 13.084580890999973 ], [ 77.427791599000045, 13.08468398499997 ], [ 77.427541732000066, 13.084775138000168 ], [ 77.42739640700006, 13.084782849000021 ], [ 77.427271029000167, 13.084789475000036 ], [ 77.426967539000088, 13.084898258000067 ], [ 77.426967428000182, 13.084898297000166 ], [ 77.426692679000098, 13.084974622000175 ], [ 77.426422348000187, 13.085044216000028 ], [ 77.42595736100003, 13.085106488000065 ], [ 77.42568178300013, 13.085096189000183 ], [ 77.4252003470001, 13.08500665300005 ], [ 77.425195811000037, 13.085005815000159 ], [ 77.425110114000177, 13.085012220000067 ], [ 77.424681865000139, 13.085044458000084 ], [ 77.424383017000139, 13.084777885000108 ], [ 77.424339653000118, 13.084739255000102 ], [ 77.424051656000131, 13.084498526 ], [ 77.423770140000158, 13.084128278000094 ], [ 77.423568903000103, 13.083864635000054 ], [ 77.423568702000182, 13.083863345000111 ], [ 77.423567464000087, 13.083861696999975 ], [ 77.423566492000134, 13.083861476000038 ], [ 77.423210829000141, 13.083780728000136 ], [ 77.423210514000175, 13.083780656000101 ], [ 77.423024343000179, 13.083738432000189 ], [ 77.422568600000034, 13.083783475000075 ], [ 77.422326939000186, 13.083807276000186 ], [ 77.422139486000049, 13.083907301000011 ], [ 77.422063120000132, 13.083966400000065 ], [ 77.422051868000096, 13.083974935000128 ], [ 77.421680156000036, 13.084256892000099 ], [ 77.4215746590001, 13.084333380000032 ], [ 77.421513609000044, 13.084405206000099 ], [ 77.421456553000098, 13.084471050000047 ], [ 77.421208059000151, 13.084757813000067 ], [ 77.421103883000058, 13.084876010000187 ], [ 77.421053315000165, 13.084933068999987 ], [ 77.421039094000093, 13.084949115000086 ], [ 77.420974129000172, 13.085022139999978 ], [ 77.421052019000058, 13.085144631000105 ], [ 77.421057780000069, 13.085365209000031 ], [ 77.421261709000134, 13.085601149000013 ], [ 77.421282360000191, 13.085755452000114 ], [ 77.421330203000139, 13.086091292000162 ], [ 77.421354501, 13.086142364000125 ], [ 77.42145105100019, 13.086339721000058 ], [ 77.421604544, 13.086920164 ], [ 77.421500204999973, 13.086956181000062 ], [ 77.421503854000036, 13.087094253000089 ], [ 77.421505191000051, 13.08714094700008 ], [ 77.421512418000191, 13.087365303000183 ], [ 77.421803860000182, 13.088341994000075 ], [ 77.421830700000044, 13.088431938000042 ], [ 77.421935078000161, 13.088728001000106 ], [ 77.421940355000174, 13.088742755999988 ], [ 77.421954825000114, 13.088785780000023 ], [ 77.421960846000161, 13.088803639000162 ], [ 77.422040046000177, 13.089035594000052 ], [ 77.421651397000062, 13.08908175199997 ], [ 77.421244762000072, 13.089124964000177 ], [ 77.420913216000031, 13.089192440999966 ], [ 77.420561267000096, 13.089256645000148 ], [ 77.420215284000165, 13.089387570000042 ], [ 77.420128317000149, 13.089416986000174 ], [ 77.420071989000121, 13.089436039000077 ], [ 77.41995613500012, 13.089474682000173 ], [ 77.419652880000172, 13.089597601000094 ], [ 77.419385267000166, 13.089704000000154 ], [ 77.419268040000134, 13.089750173000141 ], [ 77.418798574, 13.090007485000115 ], [ 77.418606891000024, 13.090111459000184 ], [ 77.418502916000079, 13.090160942000125 ], [ 77.417994032000081, 13.090404441000089 ], [ 77.417650295000101, 13.090569911000102 ], [ 77.41743379400009, 13.090706714000135 ], [ 77.417102141000044, 13.090916894000145 ], [ 77.41713857700006, 13.090965064000045 ], [ 77.417184714000086, 13.09102606099998 ], [ 77.416953156000091, 13.091149807000136 ], [ 77.4173227980001, 13.091830864000087 ], [ 77.41749382200004, 13.092151352000144 ], [ 77.417642344000114, 13.092367314000057 ], [ 77.418013786000074, 13.092934274000072 ], [ 77.418129261000161, 13.093108714000095 ], [ 77.418129332000035, 13.093108819 ], [ 77.418256234000069, 13.093298453000102 ], [ 77.418339226, 13.093449292000059 ], [ 77.418488069000148, 13.093822204000162 ], [ 77.418527806000156, 13.093921824000063 ], [ 77.418611812, 13.094104661000188 ], [ 77.418644215000143, 13.094182334000095 ], [ 77.418644259000132, 13.094182433000014 ], [ 77.418726309000135, 13.094260919000135 ], [ 77.418808305000198, 13.094339563000062 ], [ 77.418808346000105, 13.094339751000064 ], [ 77.41882294800007, 13.094405771000027 ], [ 77.418840126000077, 13.094483821000097 ], [ 77.418846110000061, 13.094513510000183 ], [ 77.418997864000175, 13.09469987500006 ], [ 77.419034131000046, 13.094788526000173 ], [ 77.418748093000033, 13.094941878999975 ], [ 77.418790795000177, 13.095020954000063 ], [ 77.418991189000053, 13.095400397999981 ], [ 77.419078948000106, 13.095572044000164 ], [ 77.419179289000169, 13.095556633000058 ], [ 77.4192417860001, 13.095547035000152 ], [ 77.419464929000185, 13.095513201000188 ], [ 77.419478505000029, 13.095550378000155 ], [ 77.41956297400003, 13.095781690000138 ], [ 77.419574470999976, 13.095813480000061 ], [ 77.419668054000169, 13.096074001000034 ], [ 77.419669948000148, 13.096074991000137 ], [ 77.419748178000077, 13.096115931000156 ], [ 77.419775829000116, 13.096130401000096 ], [ 77.419778343000189, 13.096135661000176 ], [ 77.419884616000161, 13.096357977000082 ], [ 77.419980579000196, 13.096518293000031 ], [ 77.420054739000136, 13.096642366000083 ], [ 77.420076462000054, 13.096670421 ], [ 77.420101141000032, 13.096702292999964 ], [ 77.420071495000059, 13.096724147000032 ], [ 77.420041847000107, 13.096746002000145 ], [ 77.419988356000033, 13.096785430000011 ], [ 77.419956973000183, 13.096808559000067 ], [ 77.419872094000198, 13.096871118000024 ], [ 77.419366092000075, 13.097065993000058 ], [ 77.418780090000098, 13.097291839000093 ], [ 77.418715926000118, 13.09731658600009 ], [ 77.41852700600009, 13.097390972000028 ], [ 77.418368158000078, 13.097440117000133 ], [ 77.418259374000172, 13.097473794000166 ], [ 77.418219397000144, 13.097486174000096 ], [ 77.41798294300014, 13.097559458000148 ], [ 77.417757660000063, 13.097633759000132 ], [ 77.417757563000123, 13.09763379300017 ], [ 77.417647362000139, 13.097671171000059 ], [ 77.417592753000179, 13.097689693000177 ], [ 77.41732222700017, 13.097781540000028 ], [ 77.416901671000176, 13.097924459000012 ], [ 77.416664901000104, 13.09800625500003 ], [ 77.41664075000017, 13.098014598000134 ], [ 77.4165906180001, 13.098031994000166 ], [ 77.416484830000059, 13.098069306000014 ], [ 77.416430006000155, 13.098088644000029 ], [ 77.416309014000092, 13.0981310250001 ], [ 77.416528556000117, 13.098667544000136 ], [ 77.416536700000108, 13.098689579000109 ], [ 77.416704704000153, 13.099162809000177 ], [ 77.416731452000022, 13.099237930000072 ], [ 77.41673151700013, 13.099238115 ], [ 77.416899927000031, 13.099692085000072 ], [ 77.416919113, 13.099743802000035 ], [ 77.417046639000091, 13.10008756000002 ], [ 77.417206835, 13.100511094000069 ], [ 77.417228803000057, 13.100592364000079 ], [ 77.417234225000186, 13.100612422000154 ], [ 77.417236202000083, 13.100619732000041 ], [ 77.417236220000063, 13.100619804000019 ], [ 77.417278395000096, 13.100775613000053 ], [ 77.417402966000168, 13.101152195000111 ], [ 77.41759755400011, 13.101809890000084 ], [ 77.417638168999986, 13.101946730000066 ], [ 77.417690795999988, 13.102123567000035 ], [ 77.417709042000126, 13.102184875000091 ], [ 77.417859352000107, 13.102689939000186 ], [ 77.417881218000161, 13.102763412000115 ], [ 77.417916245000129, 13.102798443000097 ], [ 77.417842934000191, 13.102838655000028 ], [ 77.417163531000199, 13.103131505000079 ], [ 77.417099034000103, 13.103159361999985 ], [ 77.416891797000062, 13.103194349000148 ], [ 77.416891462000137, 13.103194404000078 ], [ 77.416173789000197, 13.103314189000116 ], [ 77.416148826000153, 13.103319780000163 ], [ 77.416066132000083, 13.103338303000157 ], [ 77.415934754000034, 13.103367727000091 ], [ 77.415911765000146, 13.103371009 ], [ 77.415538728000115, 13.103424256000096 ], [ 77.414335553000114, 13.103641902000163 ], [ 77.414133893000155, 13.103673679 ], [ 77.413697148000153, 13.103751093000028 ], [ 77.413644445000159, 13.103760057000045 ], [ 77.413466547000155, 13.103790315000083 ], [ 77.412878447000196, 13.103890345000025 ], [ 77.412876193000159, 13.103890729000057 ], [ 77.412785056000189, 13.103906096000173 ], [ 77.412691739000195, 13.103921848000027 ], [ 77.412608432000127, 13.103935921000073 ], [ 77.412515798000129, 13.103951587000097 ], [ 77.412446774999978, 13.103963259000182 ], [ 77.412430765000067, 13.103966465000099 ], [ 77.412428649000105, 13.103966820000039 ], [ 77.412216496000042, 13.104061125000101 ], [ 77.412184338000031, 13.104075425000019 ], [ 77.411892496000064, 13.104205187000105 ], [ 77.411639905000186, 13.104317497000181 ], [ 77.410742667000022, 13.104667303000156 ], [ 77.410647616000062, 13.104711434000023 ], [ 77.41055014300008, 13.104756632000033 ], [ 77.410493429000041, 13.104782931000159 ], [ 77.410267305000161, 13.104887781000116 ], [ 77.41003850900006, 13.10499344700014 ], [ 77.409973429000161, 13.105023503000155 ], [ 77.40982032200003, 13.105094014000031 ], [ 77.409740851000095, 13.105130613000142 ], [ 77.409684527000081, 13.105156553000143 ], [ 77.409409599000071, 13.105283167000152 ], [ 77.409124248000182, 13.105414582000094 ], [ 77.409083745000089, 13.10543323600001 ], [ 77.40894400500008, 13.105497595000145 ], [ 77.408913784000163, 13.105511512000135 ], [ 77.408894529000065, 13.105520380000144 ], [ 77.408773441000164, 13.105576149000058 ], [ 77.408680889000152, 13.105618774000106 ], [ 77.408156024000164, 13.105860503000144 ], [ 77.408006348000015, 13.105929436000054 ], [ 77.407800038000175, 13.106030799 ], [ 77.407203620000075, 13.106323827000097 ], [ 77.406945294000195, 13.106550276000064 ], [ 77.406834909000167, 13.106532080000022 ], [ 77.406751966000172, 13.106518408000113 ], [ 77.406529240000054, 13.106617843000095 ], [ 77.40620055200003, 13.106764585000121 ], [ 77.406110247000072, 13.106805341000154 ], [ 77.405971813000178, 13.10697502000005 ], [ 77.405912092000108, 13.107048218999978 ], [ 77.405403603000082, 13.107332515000053 ], [ 77.405014610000137, 13.107500245000097 ], [ 77.404974946000038, 13.10751741100006 ], [ 77.404915561000166, 13.10754311900007 ], [ 77.404726118000042, 13.107625139000106 ], [ 77.40469621200009, 13.107638095000141 ], [ 77.404403240000136, 13.10776501600003 ], [ 77.404293874000189, 13.107812411000168 ], [ 77.404080370000088, 13.107904956000084 ], [ 77.40383037600003, 13.108056365000095 ], [ 77.40365065300017, 13.108160393000162 ], [ 77.403548834000162, 13.108210588000134 ], [ 77.403037652000137, 13.108462594000059 ], [ 77.40280541300001, 13.108575783000106 ], [ 77.40277627200004, 13.108589983 ], [ 77.402732157000173, 13.108618268000157 ], [ 77.402572937000173, 13.108720359000131 ], [ 77.402521544000081, 13.108753127 ], [ 77.40248837900009, 13.108774273000165 ], [ 77.402487402000077, 13.10877489500001 ], [ 77.402485849000072, 13.108775885000114 ], [ 77.402019947000042, 13.109073187000035 ], [ 77.402019892000112, 13.109073214000091 ], [ 77.401942600000154, 13.109110146000148 ], [ 77.401903608000111, 13.109133304000125 ], [ 77.401860919000057, 13.109158664000063 ], [ 77.401860846000147, 13.109158708000109 ], [ 77.401804414000082, 13.109195993000071 ], [ 77.401747983000121, 13.109233278000033 ], [ 77.401641767, 13.109276626000053 ], [ 77.401535548000197, 13.10931997900019 ], [ 77.401535422, 13.109320030000106 ], [ 77.40139319900004, 13.109379870999987 ], [ 77.401278380000065, 13.109440968000172 ], [ 77.401278294000065, 13.10944101399997 ], [ 77.401233334000096, 13.109520447000079 ], [ 77.400956791, 13.110009037 ], [ 77.400884506000182, 13.110135929000023 ], [ 77.400778249000155, 13.110322456000119 ], [ 77.400959499000066, 13.11085956300002 ], [ 77.401188959000024, 13.111544109000022 ], [ 77.401213058000167, 13.111615313000016 ], [ 77.401359597000123, 13.112048293000157 ], [ 77.401237743000195, 13.112181019000104 ], [ 77.401798935000045, 13.113582074000135 ], [ 77.401953460000129, 13.113982141000122 ], [ 77.401806583000166, 13.114291780000087 ], [ 77.401449447000118, 13.115044677000128 ], [ 77.401379310000095, 13.115065109 ], [ 77.400851168000088, 13.115218959000117 ], [ 77.400658902000146, 13.115273509000019 ], [ 77.400636173000123, 13.115285264000022 ], [ 77.400619958000107, 13.115293646 ], [ 77.400574806000122, 13.115316985000049 ], [ 77.400545609000119, 13.115332067000054 ], [ 77.400519484000142, 13.115339888000108 ], [ 77.400515399000085, 13.115341110000031 ], [ 77.400439360000121, 13.115363874000138 ], [ 77.400392821000082, 13.115375705000133 ], [ 77.400139311000032, 13.115440161000151 ], [ 77.400087989000099, 13.115453181000134 ], [ 77.40005204300013, 13.115462300000104 ], [ 77.399644637000165, 13.115565660000129 ], [ 77.399138962000166, 13.115693816999965 ], [ 77.398642419, 13.115829328000075 ], [ 77.39754943700018, 13.116127610000092 ], [ 77.397523138000054, 13.116134787000078 ], [ 77.397512662000054, 13.116137718000061 ], [ 77.397476923000056, 13.116147689000059 ], [ 77.397463375000143, 13.116151432000095 ], [ 77.397404156000164, 13.116167797000116 ], [ 77.397355777000143, 13.116181166999979 ], [ 77.397448750000081, 13.116594229000043 ], [ 77.397572610000054, 13.117139784000187 ], [ 77.397576669000102, 13.117157663000114 ], [ 77.397619158000168, 13.117343400000152 ], [ 77.397730952000188, 13.11789396000006 ], [ 77.397804720000067, 13.11823319500013 ], [ 77.397838714000045, 13.118389076000142 ], [ 77.397841575000029, 13.118402194000168 ], [ 77.397869799000034, 13.118531623000138 ], [ 77.397931111000162, 13.118832099000144 ], [ 77.397965853000187, 13.119014485000093 ], [ 77.397966714000177, 13.119019330000071 ], [ 77.398026297, 13.119354667000039 ], [ 77.398121384000149, 13.11989034200019 ], [ 77.398171834000095, 13.120152504000032 ], [ 77.398191866000104, 13.120256623000046 ], [ 77.398197198000048, 13.120284352000112 ], [ 77.398240694000094, 13.120510544000183 ], [ 77.398088168000072, 13.121264722000035 ], [ 77.398064585000157, 13.121480841999983 ], [ 77.398060050000083, 13.121522360000029 ], [ 77.398049743000172, 13.121616691000156 ], [ 77.398102566000034, 13.121612680000055 ], [ 77.398163993000026, 13.121608016000039 ], [ 77.398169934000066, 13.121642359000134 ], [ 77.398182025000096, 13.121712263000063 ], [ 77.398374995000097, 13.122829011000078 ], [ 77.398385759000121, 13.122865553000054 ], [ 77.398576490000153, 13.123513088000095 ], [ 77.39873722800013, 13.124525657000106 ], [ 77.398753413000122, 13.124627616000112 ], [ 77.398856091000084, 13.12527530400007 ], [ 77.398856999000031, 13.125281029000121 ], [ 77.398897156000032, 13.12553315800011 ], [ 77.398938201000135, 13.125790948000088 ], [ 77.399127299000156, 13.126411831000041 ], [ 77.399127545000169, 13.126412642000048 ], [ 77.399140799000065, 13.126456170999973 ], [ 77.399583436000171, 13.127526517999968 ], [ 77.399583967000126, 13.127527803000021 ], [ 77.399603708000086, 13.127575536000165 ], [ 77.400489165000067, 13.127934798000013 ], [ 77.400504333000072, 13.127940955000099 ], [ 77.401216911000063, 13.12795506000009 ], [ 77.401544399000159, 13.127961618000086 ], [ 77.401585607000186, 13.127962444 ], [ 77.40211623700003, 13.127956114000028 ], [ 77.402150956000128, 13.127955721000092 ], [ 77.402308049000112, 13.127953944000183 ], [ 77.402971771000125, 13.12794643400008 ], [ 77.403520472000139, 13.127940224000099 ], [ 77.40370329700005, 13.12793829400016 ], [ 77.403717172000086, 13.127938151000023 ], [ 77.403815799000142, 13.127937128000042 ], [ 77.403888617000121, 13.127184470000088 ], [ 77.403889531, 13.127175029000114 ], [ 77.403894547000107, 13.127123173000086 ], [ 77.403920972000037, 13.126733244000093 ], [ 77.403921651000189, 13.126715783000122 ], [ 77.403934482000125, 13.126385898000137 ], [ 77.403935958000034, 13.126347939000084 ], [ 77.403939231000038, 13.126311621000127 ], [ 77.403985715000147, 13.125798570000029 ], [ 77.404010368000172, 13.125526475000129 ], [ 77.404011368000056, 13.125516827000069 ], [ 77.404063897000071, 13.125010096000153 ], [ 77.404072547000055, 13.124949502000106 ], [ 77.404082652000113, 13.124878719000037 ], [ 77.404073237000148, 13.124810976 ], [ 77.403994081000121, 13.124241552000171 ], [ 77.40398430200014, 13.124167901000021 ], [ 77.403926947000116, 13.123735883000165 ], [ 77.403915760000132, 13.123645856000053 ], [ 77.403867757000171, 13.123259562000101 ], [ 77.403855561000057, 13.123166104000177 ], [ 77.403695202, 13.121937346000095 ], [ 77.403661379000141, 13.12184662500016 ], [ 77.403649396000162, 13.121814523000182 ], [ 77.403560132000052, 13.121575419000067 ], [ 77.403451629000187, 13.121285457000056 ], [ 77.403427587000181, 13.121221685000137 ], [ 77.403411801000118, 13.121179869000059 ], [ 77.403348845000039, 13.121013108 ], [ 77.403357818000188, 13.12101261000015 ], [ 77.40339507200008, 13.121010538000178 ], [ 77.403396417000067, 13.121010537000075 ], [ 77.403454283000087, 13.121010458000171 ], [ 77.403478775000167, 13.121010418000139 ], [ 77.403524428000082, 13.121009967000191 ], [ 77.404128029000049, 13.120968182000013 ], [ 77.404137145000107, 13.121009314000048 ], [ 77.404148454000051, 13.121060329000102 ], [ 77.404162307000036, 13.121058117000075 ], [ 77.404558856000051, 13.120994828000107 ], [ 77.404607229000078, 13.121011127000145 ], [ 77.404629709000176, 13.121018702000129 ], [ 77.405417759000159, 13.121285224000133 ], [ 77.405967914000144, 13.121318646000077 ], [ 77.406077457000038, 13.121325236000075 ], [ 77.406091394000043, 13.121161225000094 ], [ 77.406118042000116, 13.121160843000098 ], [ 77.406144911000126, 13.12116045700003 ], [ 77.406148324000128, 13.121162105000167 ], [ 77.406577250000112, 13.121369453000113 ], [ 77.406734230000097, 13.121447586000102 ], [ 77.406791731000169, 13.121476205000079 ], [ 77.407113677000154, 13.121636085000148 ], [ 77.407233439000095, 13.121695411000076 ], [ 77.40723474300006, 13.121696058000055 ], [ 77.408261647000131, 13.122201398000129 ], [ 77.408262922000119, 13.12220202400016 ], [ 77.409098001000189, 13.122609218000093 ], [ 77.409099858000104, 13.122618173000035 ], [ 77.409205397000051, 13.123127058000136 ], [ 77.409230586000092, 13.123248462000049 ], [ 77.409235172000081, 13.123270573000184 ], [ 77.409258376000082, 13.123382462000109 ], [ 77.409411585000043, 13.123536189000163 ], [ 77.409428137000191, 13.123552726000185 ], [ 77.410546287000159, 13.124669843000163 ], [ 77.410590192000143, 13.124713482000118 ], [ 77.410735062000015, 13.124857475000056 ], [ 77.410774845000049, 13.124897035000117 ], [ 77.410864366000055, 13.124986053000043 ], [ 77.410889550000036, 13.125011099000119 ], [ 77.410898137000117, 13.125019639000129 ], [ 77.410937918000116, 13.125059207000049 ], [ 77.41102539100018, 13.125146211000128 ], [ 77.411122008000063, 13.125209515000051 ], [ 77.412708142000042, 13.126256949000037 ], [ 77.4127199240001, 13.126264657000149 ], [ 77.41274283000007, 13.126336058999982 ], [ 77.412753072000044, 13.126367986000048 ], [ 77.412811432000069, 13.126549902000022 ], [ 77.412840326000151, 13.126640152 ], [ 77.412848514000132, 13.126668353000127 ], [ 77.41294967500005, 13.127016778000097 ], [ 77.412987267000119, 13.127147403000151 ], [ 77.413285705000135, 13.128184407000163 ], [ 77.413614752000115, 13.129289299999982 ], [ 77.413654478000183, 13.129422262000162 ], [ 77.413702298000032, 13.129375157000084 ], [ 77.413715406000051, 13.129417488000115 ], [ 77.41375691200011, 13.129550873000085 ], [ 77.413821053, 13.129488231000039 ], [ 77.413846708000108, 13.129463174000023 ], [ 77.414295767000056, 13.130330923000145 ], [ 77.414328878000049, 13.130394903000081 ], [ 77.414374885000029, 13.130499217000022 ], [ 77.414391033000129, 13.130524364000053 ], [ 77.414432313000134, 13.130588896000063 ], [ 77.414649307000161, 13.131038304000128 ], [ 77.414687451000134, 13.131117303000167 ], [ 77.414756631000159, 13.131220027000154 ], [ 77.414935542000137, 13.131614014000149 ], [ 77.414973403000147, 13.13169738900001 ], [ 77.415028471000085, 13.131809734000171 ], [ 77.415093464000051, 13.131939748000093 ], [ 77.415095842000085, 13.13194450900005 ], [ 77.415594620000149, 13.132942680000156 ], [ 77.41582337900013, 13.133255221000127 ], [ 77.415824683000039, 13.133256614000175 ], [ 77.415825817000155, 13.133258550000164 ], [ 77.415853487000163, 13.13329635499997 ], [ 77.415917883000134, 13.133366512 ], [ 77.415961386000106, 13.133443453999973 ], [ 77.41601297200009, 13.133528760000104 ], [ 77.416028774000154, 13.133554892000177 ], [ 77.416080115000057, 13.133639800000083 ], [ 77.416096432000074, 13.133673225999985 ], [ 77.416134999000178, 13.133752242000128 ], [ 77.416423066000107, 13.134342459000038 ], [ 77.416718300000184, 13.134947372000113 ], [ 77.416741647000094, 13.13498617700003 ], [ 77.416747398000098, 13.134995737000111 ], [ 77.416803248000122, 13.135088568000072 ], [ 77.416820456000096, 13.135117172000093 ], [ 77.416854141000158, 13.135173167 ], [ 77.416858796000099, 13.135180903000162 ], [ 77.416896770000051, 13.135246557000073 ], [ 77.417010552000022, 13.135443270999986 ], [ 77.417032228000039, 13.135480747000088 ], [ 77.417384226000024, 13.136089306000088 ], [ 77.417425890000118, 13.136161339000068 ], [ 77.417631630000074, 13.136402147000126 ], [ 77.417658331000098, 13.136433399000055 ], [ 77.417731615000093, 13.136499489000187 ], [ 77.418242658, 13.137098625000021 ], [ 77.418258368000068, 13.137117040000021 ], [ 77.418274460000191, 13.137135901000079 ], [ 77.418263391000039, 13.137143736000098 ], [ 77.418243827000197, 13.137157583000089 ], [ 77.418907671000056, 13.138430621000055 ], [ 77.41896185600018, 13.138534459000141 ], [ 77.41899005800002, 13.138588506000076 ], [ 77.419502986000055, 13.139571465000131 ], [ 77.419509000000176, 13.139603479000129 ], [ 77.419585728000129, 13.140011746000084 ], [ 77.419591083000114, 13.140040230000125 ], [ 77.419596983000076, 13.140071613000146 ], [ 77.419670620000034, 13.14046319900001 ], [ 77.419679502000065, 13.140491097000051 ], [ 77.419954406000102, 13.141354097000033 ], [ 77.420323128, 13.141953365000063 ], [ 77.420408756000029, 13.142092473 ], [ 77.420445239000117, 13.142206735000059 ], [ 77.420456379000143, 13.142241622000029 ], [ 77.420480973000053, 13.142318639000052 ], [ 77.420509794, 13.142408880000175 ], [ 77.420607404000123, 13.142714379000154 ], [ 77.420622267000169, 13.142736186999969 ], [ 77.420965190000061, 13.14323924100006 ], [ 77.421020802000044, 13.143327383000042 ], [ 77.421061603000112, 13.143392053000071 ], [ 77.421417586000189, 13.143956056000093 ], [ 77.421478646000082, 13.144057055000019 ], [ 77.421656421000137, 13.144351113000027 ], [ 77.42171152200018, 13.144467313000064 ], [ 77.421741510000174, 13.144530552000049 ], [ 77.421760524000149, 13.144561429000191 ], [ 77.421905510000045, 13.14479685200007 ], [ 77.422089701000118, 13.145095846000117 ], [ 77.422168673000044, 13.145216482000137 ], [ 77.422245478000093, 13.145333805000178 ], [ 77.422340498000153, 13.145478929000092 ], [ 77.422355069000048, 13.14553876400015 ], [ 77.422365486000103, 13.145581539000034 ], [ 77.422427823000191, 13.145837515999972 ], [ 77.422459083000092, 13.145880276000184 ], [ 77.422493934000045, 13.145927948 ], [ 77.422961393000094, 13.146567299000083 ], [ 77.42329990200011, 13.147032040000056 ], [ 77.423354179000114, 13.14710655600004 ], [ 77.42340503000014, 13.147215405000054 ], [ 77.423660537000046, 13.147760702000141 ], [ 77.423897518, 13.148266535000175 ], [ 77.423938024000165, 13.148355356000138 ], [ 77.424078142000042, 13.148662590000129 ], [ 77.424180725999975, 13.148887539000043 ], [ 77.424210972000196, 13.14895386000012 ], [ 77.424569141000063, 13.149739335000163 ], [ 77.424590710000189, 13.149782879000043 ], [ 77.425063236000199, 13.150736865000113 ], [ 77.425091392000013, 13.150779654000189 ], [ 77.425390998000125, 13.151234851000083 ], [ 77.425478725000175, 13.151368136000031 ], [ 77.425529280000035, 13.151463769000031 ], [ 77.425562790000129, 13.151527149000117 ], [ 77.425568982000129, 13.151538859000027 ], [ 77.42574571200015, 13.151873121000165 ], [ 77.426119565000079, 13.152580211000043 ], [ 77.426242062000199, 13.152813790999971 ], [ 77.426587434000169, 13.153472352000051 ], [ 77.427135874000101, 13.154517763000115 ], [ 77.427150953000194, 13.154546510000102 ], [ 77.428105852000044, 13.156144255000015 ], [ 77.428961647000051, 13.157581073000074 ], [ 77.429138099000113, 13.157836765000127 ], [ 77.42950731500008, 13.158371783000121 ], [ 77.42953094600017, 13.158451435000131 ], [ 77.429612237000072, 13.158725437000101 ], [ 77.429631503000053, 13.158790442000054 ], [ 77.429737854000052, 13.158872657000188 ], [ 77.429755442000101, 13.158886254000151 ], [ 77.429903617000036, 13.159000560000038 ], [ 77.430735483000092, 13.159642277000103 ], [ 77.430745341000033, 13.159673030000079 ], [ 77.430875144000197, 13.160078669000143 ], [ 77.430952712000078, 13.160322099000041 ], [ 77.431040117000066, 13.16059639499997 ], [ 77.431041102000108, 13.16061737800004 ], [ 77.431042477000119, 13.160646662000147 ], [ 77.431046095000056, 13.160723695000058 ], [ 77.431077895000044, 13.160963211000137 ], [ 77.43110199400013, 13.16114473000016 ], [ 77.431148537000183, 13.16149529 ], [ 77.431166086000133, 13.161588063000181 ], [ 77.431508442000052, 13.162451832000102 ], [ 77.431846378000103, 13.163260576000084 ], [ 77.431847195000103, 13.163262682000095 ], [ 77.432162152000103, 13.164078018000055 ], [ 77.432372838000163, 13.164620940000191 ], [ 77.432466240000053, 13.164860379 ], [ 77.432604248000075, 13.165002103 ], [ 77.432733464000137, 13.165134837000153 ], [ 77.433374818000061, 13.165793648000033 ], [ 77.433378336000033, 13.16579726100008 ], [ 77.433427323000103, 13.165793576000056 ], [ 77.433457639000096, 13.165791301000127 ], [ 77.434178380000162, 13.165737542000045 ], [ 77.434458888000052, 13.165716537000151 ], [ 77.435015059000193, 13.165984364 ], [ 77.435306201000117, 13.166124620000062 ], [ 77.435340285000109, 13.166122228000063 ], [ 77.435413796000034, 13.16611859000011 ], [ 77.436230335000175, 13.16607817400012 ], [ 77.437359508999975, 13.16645601200014 ], [ 77.437484441000038, 13.166497625000147 ], [ 77.437553281000021, 13.166507153 ], [ 77.437634435000177, 13.166518388000156 ], [ 77.438568366000084, 13.166645484000185 ], [ 77.439147706000085, 13.166706642000122 ], [ 77.439745449000043, 13.166653705000044 ], [ 77.439834301000133, 13.166656257000113 ], [ 77.440018809000094, 13.166661555000189 ], [ 77.440684926000074, 13.166680646999964 ], [ 77.440740023000103, 13.166680090000057 ], [ 77.442129326000043, 13.166666169000052 ], [ 77.442215267000108, 13.166671373000099 ], [ 77.442384547000131, 13.166677091000054 ], [ 77.44243633800005, 13.166695301000118 ], [ 77.442989769000064, 13.166889942000182 ], [ 77.44416988100005, 13.166589243999965 ], [ 77.444716998999979, 13.166434243000026 ], [ 77.444792834000168, 13.166427926000154 ], [ 77.444866381000111, 13.166410351000025 ], [ 77.445418823000182, 13.166278333000093 ], [ 77.446352870000112, 13.166051891 ], [ 77.446378694000089, 13.166046160000178 ], [ 77.446468549000144, 13.166026221000038 ], [ 77.446551495999984, 13.166008154000053 ], [ 77.447040824000169, 13.165901577 ], [ 77.447224420000055, 13.165867902000173 ], [ 77.447503255000129, 13.165816761000087 ], [ 77.448263798000085, 13.165672803000064 ], [ 77.448356853000064, 13.165615658999968 ], [ 77.449048122000136, 13.165192663000141 ], [ 77.449552295000046, 13.164869510000131 ], [ 77.450175452000167, 13.164464438000039 ], [ 77.450498586000094, 13.164656577000017 ], [ 77.450532183000121, 13.16461885800004 ], [ 77.45081268600012, 13.16430471200016 ], [ 77.451699929000085, 13.163976208000122 ], [ 77.451793305000194, 13.16394123200007 ], [ 77.452300793000063, 13.163753069000052 ], [ 77.452961254000115, 13.163653130000057 ], [ 77.453208177000192, 13.163618558000053 ], [ 77.453431991000059, 13.163507660999983 ], [ 77.453453971000101, 13.163496770000052 ], [ 77.453559028000029, 13.163360709000074 ], [ 77.453564767000046, 13.163353276000123 ], [ 77.453579939000065, 13.163333590000093 ], [ 77.453586850000192, 13.163324623000108 ], [ 77.45368751500007, 13.163338840000165 ], [ 77.454223221000177, 13.163410807000162 ], [ 77.45434573100016, 13.163430146000053 ], [ 77.454347420000033, 13.163430383 ], [ 77.454348386000106, 13.163430518000098 ], [ 77.454380591000017, 13.163434956000117 ], [ 77.454639753000151, 13.163492924000138 ], [ 77.454825166000148, 13.163425383000117 ], [ 77.454883755000083, 13.163404039000113 ], [ 77.454913642000179, 13.163393605000181 ], [ 77.455009341, 13.16336018700008 ], [ 77.455046024000126, 13.163347379000072 ], [ 77.455076861000066, 13.163337207000097 ], [ 77.455346566000117, 13.163248503000034 ], [ 77.455434617000037, 13.163219543000139 ], [ 77.455509435000181, 13.163194194000084 ], [ 77.455828599000142, 13.163086424000028 ], [ 77.456073037000067, 13.163000736000072 ], [ 77.456901885000093, 13.162708810000083 ], [ 77.457062078000149, 13.162704794000092 ], [ 77.457095693000156, 13.16270399800004 ], [ 77.457097201000124, 13.162703962000023 ], [ 77.457497997000019, 13.162543927 ], [ 77.457778716000064, 13.162431837000156 ], [ 77.458436098000107, 13.162170485000047 ], [ 77.458476558000086, 13.16215440000002 ], [ 77.458608029000061, 13.1620374580001 ], [ 77.458729721000168, 13.161929215000157 ], [ 77.459603397000137, 13.161194177000084 ], [ 77.460222971000064, 13.160705365000126 ], [ 77.460229499000093, 13.160700407999968 ], [ 77.46042149200008, 13.160555006000038 ], [ 77.46063856000012, 13.160376652000025 ], [ 77.460697731000096, 13.160491485000023 ], [ 77.460715725000171, 13.160528032000116 ], [ 77.46074390400014, 13.160585268000034 ], [ 77.460775758000068, 13.160561806000089 ], [ 77.460989608000034, 13.160389711000107 ], [ 77.461049488000185, 13.160503119999987 ], [ 77.461460286000033, 13.161275236000108 ], [ 77.461616473000106, 13.161576280000133 ], [ 77.461675269000182, 13.161689783000043 ], [ 77.461685572000022, 13.161692215000073 ], [ 77.461751906000188, 13.161707850000028 ], [ 77.463822907000065, 13.162194083000031 ], [ 77.463907459000097, 13.162214338000183 ], [ 77.464157035000142, 13.162274161000084 ], [ 77.464166636000186, 13.162274181999976 ], [ 77.46421054100017, 13.162274277000108 ], [ 77.464516650000178, 13.162274965000165 ], [ 77.464738076000174, 13.162275463000185 ], [ 77.467436913000142, 13.16228541800001 ], [ 77.467575278000083, 13.162285928000074 ], [ 77.468992135000178, 13.16229818700009 ], [ 77.468985105000115, 13.162311656000099 ], [ 77.468864439000129, 13.163416803000132 ], [ 77.468863034000094, 13.163429683000118 ], [ 77.468848728000125, 13.163498247000121 ], [ 77.468765495000071, 13.16389717900006 ], [ 77.468652220000024, 13.164648919000115 ], [ 77.468581491000123, 13.165073504000134 ], [ 77.468467710000027, 13.165902986000049 ], [ 77.468395863000069, 13.166427568000074 ], [ 77.468365648000145, 13.167507951000061 ], [ 77.468342729000085, 13.168012514000168 ], [ 77.468314964, 13.168799668000077 ], [ 77.468283100000065, 13.169535740000072 ], [ 77.468262705000029, 13.170108164000169 ], [ 77.468312713000103, 13.170410044999983 ], [ 77.468457756000134, 13.171731033000071 ], [ 77.468511831000058, 13.172317919000136 ], [ 77.468530550000082, 13.172521089000043 ], [ 77.468656897000187, 13.173665115000063 ], [ 77.46866339900015, 13.173723992000191 ], [ 77.469990863000021, 13.176768824000078 ], [ 77.470216884000195, 13.177328439000121 ], [ 77.470835760000057, 13.178323994000152 ], [ 77.471338829000047, 13.179149281000093 ], [ 77.47197872400011, 13.180041268000139 ], [ 77.472363892000033, 13.180583644000023 ], [ 77.472969235000107, 13.181429994999974 ], [ 77.473610492000148, 13.182274351000046 ], [ 77.473617187000059, 13.182283166000161 ], [ 77.473658554, 13.182236416000023 ], [ 77.473792987000024, 13.182332415000076 ], [ 77.473856121000097, 13.182377501000076 ], [ 77.474492410000096, 13.182832034000114 ], [ 77.474879755000075, 13.183108775000164 ], [ 77.474910162000185, 13.183151920000114 ], [ 77.475015225999982, 13.183298666000155 ], [ 77.475473217000172, 13.184371167000165 ], [ 77.475531181000179, 13.18450690100002 ], [ 77.475749576, 13.185018365000076 ], [ 77.47600520200001, 13.185617121000064 ], [ 77.475946767000096, 13.185686657000133 ], [ 77.475946894000174, 13.185687168000072 ], [ 77.476073706000193, 13.186188862 ], [ 77.476103646000183, 13.186307310000075 ], [ 77.476235194000026, 13.186827738000147 ], [ 77.476467760000105, 13.187691646000189 ], [ 77.47645215100016, 13.187700762000077 ], [ 77.476314220000177, 13.187782694000077 ], [ 77.476398606000089, 13.187983879000114 ], [ 77.476476960000184, 13.188170648000039 ], [ 77.476479054000151, 13.188211816999967 ], [ 77.476494188000174, 13.18851368300011 ], [ 77.476704139000049, 13.189195682000104 ], [ 77.476713575000133, 13.189226381000083 ], [ 77.476856146999978, 13.189690480000024 ], [ 77.476997193000102, 13.190552982000156 ], [ 77.477002734000166, 13.190582725000013 ], [ 77.477091306000034, 13.191058433000137 ], [ 77.477153932000022, 13.192097566000029 ], [ 77.477154926000139, 13.19210204400008 ], [ 77.477169962000119, 13.192169703000047 ], [ 77.477181780000194, 13.192222879000042 ], [ 77.477229095000155, 13.192435783000064 ], [ 77.47730441200008, 13.192774690000135 ], [ 77.477359954, 13.192990610000038 ], [ 77.477410551000048, 13.193187148000163 ], [ 77.477423079000175, 13.193235782999977 ], [ 77.477433211000118, 13.193275100000164 ], [ 77.477475764000189, 13.193440229000032 ], [ 77.478111708000085, 13.194885489000058 ], [ 77.478243403000192, 13.195444255000098 ], [ 77.47835743800016, 13.196288498000058 ], [ 77.478366312000162, 13.196362817000079 ], [ 77.478409954000028, 13.196728298000039 ], [ 77.478418892000093, 13.196802983999987 ], [ 77.478515717000164, 13.197608438000032 ], [ 77.478518039, 13.197627679000107 ], [ 77.478535326000099, 13.198523259000126 ], [ 77.478574225000045, 13.199282791000087 ], [ 77.478578359000039, 13.199362066 ], [ 77.478620423000166, 13.20015156300002 ], [ 77.478635249000149, 13.20042456300007 ], [ 77.478630880000196, 13.200467547000073 ], [ 77.478628552000032, 13.200490461000186 ], [ 77.478456799000128, 13.202047783000069 ], [ 77.478449316000081, 13.202100460000111 ], [ 77.478215138999985, 13.204097856000146 ], [ 77.478211397000052, 13.204130155000087 ], [ 77.478215117000161, 13.204144672000098 ], [ 77.478583725000135, 13.205582742000104 ], [ 77.478592578000075, 13.205617356000118 ], [ 77.478617198000165, 13.205713321000133 ], [ 77.478898757000081, 13.206811579999965 ], [ 77.478912832000105, 13.206895058000157 ], [ 77.478870684000128, 13.206941799 ], [ 77.478785404, 13.207036377 ], [ 77.478714535000108, 13.207037596000021 ], [ 77.476247024000145, 13.207082688000014 ], [ 77.473683793000077, 13.207070904000147 ], [ 77.47359314400012, 13.20707048700018 ], [ 77.473479843000064, 13.20706996500013 ], [ 77.473485085000164, 13.207187149000049 ], [ 77.473487081000144, 13.207231760000127 ], [ 77.473581887000137, 13.209386207000136 ], [ 77.473612734000142, 13.210118179000119 ], [ 77.473612878000154, 13.210121577000052 ], [ 77.473663440000053, 13.211327218000065 ], [ 77.473667044000194, 13.211498633000076 ], [ 77.473672184000065, 13.211741978000077 ], [ 77.473717467000029, 13.211745897000128 ], [ 77.473788315000036, 13.211752031000117 ], [ 77.473800520000054, 13.21175129300002 ], [ 77.47382861900013, 13.211911175000125 ], [ 77.473848960000169, 13.212026840000021 ], [ 77.474048666000158, 13.213158781000175 ], [ 77.474086746000125, 13.213373803000025 ], [ 77.47412885600005, 13.213611297000114 ], [ 77.474167421000118, 13.213828558000046 ], [ 77.474202751000178, 13.214027379000072 ], [ 77.474240465000094, 13.214239423000038 ], [ 77.474260814000104, 13.214368655000044 ], [ 77.474376762000134, 13.215103417000137 ], [ 77.474489787000152, 13.215332777000071 ], [ 77.474776705000068, 13.215915964000089 ], [ 77.475033432000089, 13.216438913000104 ], [ 77.475194037000165, 13.216766595000081 ], [ 77.475274172000127, 13.216930127000069 ], [ 77.47547335500019, 13.217336552000063 ], [ 77.476146995000136, 13.218725652000046 ], [ 77.476863239000068, 13.220208916000047 ], [ 77.476985463000062, 13.220463555000038 ], [ 77.477211974000056, 13.220935459000032 ], [ 77.477234900000155, 13.22097714500012 ], [ 77.477402227000084, 13.221281843000099 ], [ 77.477881636, 13.22216085000008 ], [ 77.477927453000177, 13.222231181000097 ], [ 77.478075797000031, 13.222459606000086 ], [ 77.478195236000033, 13.222644545000037 ], [ 77.478991069000074, 13.223878182000078 ], [ 77.479114206000077, 13.224065876000111 ], [ 77.479210833000138, 13.224213162000069 ], [ 77.479257341000107, 13.224195905000158 ], [ 77.479419173000167, 13.224135878000084 ], [ 77.479983520000019, 13.223926666000182 ], [ 77.482520719000092, 13.222986203000062 ], [ 77.483048718000191, 13.222827762000179 ], [ 77.483213186000114, 13.222778409000114 ], [ 77.486828904000106, 13.223297504000129 ], [ 77.48712992500009, 13.223340207000035 ], [ 77.487496784000143, 13.223411753999983 ], [ 77.487619602000166, 13.223435678000044 ], [ 77.489244404000146, 13.223749951 ], [ 77.489839937000113, 13.223865138000065 ], [ 77.489915653000196, 13.223879784000189 ], [ 77.489980813000045, 13.223892386000159 ], [ 77.490151572000059, 13.223925414000064 ], [ 77.49045554800017, 13.223994592999986 ], [ 77.491257674999986, 13.224242912000022 ], [ 77.491339936000145, 13.224268246000179 ], [ 77.491733128000192, 13.224388606 ], [ 77.491980152, 13.224464223000155 ], [ 77.492078237000044, 13.224494248000042 ], [ 77.492427327000144, 13.224601107000069 ], [ 77.492440578000071, 13.224605140000165 ], [ 77.492555172000152, 13.224640015000091 ], [ 77.492650033000132, 13.224665248000179 ], [ 77.49313361600008, 13.224793883000075 ], [ 77.493241639000189, 13.224822520000032 ], [ 77.493399264000175, 13.224866401000043 ], [ 77.49394619900005, 13.225018663000185 ], [ 77.494524957000181, 13.225209543000176 ], [ 77.494850040000131, 13.225316488000033 ], [ 77.494911508000087, 13.22533740199998 ], [ 77.494971214000032, 13.225357711000186 ], [ 77.495345574000112, 13.225484752000114 ], [ 77.495848816000034, 13.225655528 ], [ 77.497357040999987, 13.226315883000041 ], [ 77.498579390000145, 13.22684363400009 ], [ 77.498687300000029, 13.226890223000112 ], [ 77.498935591000077, 13.226996787000076 ], [ 77.498999550000121, 13.227024201 ], [ 77.499307242000157, 13.227059817000111 ], [ 77.499547124000117, 13.22708758400006 ], [ 77.499711699000159, 13.227106634 ], [ 77.49990828000017, 13.22704407599997 ], [ 77.499910261000082, 13.227043278999986 ], [ 77.500324517000024, 13.226877165000133 ], [ 77.500657921000084, 13.22674347200018 ], [ 77.500964648000149, 13.226644959000112 ], [ 77.501182454000059, 13.226575004000097 ], [ 77.501300822000076, 13.226537053000072 ], [ 77.501188582000054, 13.225999865000176 ], [ 77.501468034000084, 13.225844063000068 ], [ 77.50163372600008, 13.22575181000019 ], [ 77.501774726000065, 13.225673303000178 ], [ 77.502110046000098, 13.22556265500009 ], [ 77.502126451000095, 13.225557245000175 ], [ 77.502174990000128, 13.225693664000175 ], [ 77.502483832999985, 13.225699800000143 ], [ 77.502608088000102, 13.225656442000115 ], [ 77.502690028000131, 13.225627859000156 ], [ 77.503026880000107, 13.225694848000103 ], [ 77.503269898000099, 13.225544039000113 ], [ 77.503477542000098, 13.225459014000137 ], [ 77.503813282000124, 13.225292197000101 ], [ 77.504131129000086, 13.225151887000038 ], [ 77.504170506000037, 13.225134513000171 ], [ 77.504536054000084, 13.224851959999967 ], [ 77.504552221000097, 13.224839464000183 ], [ 77.504565541000147, 13.224836762000166 ], [ 77.50469628500008, 13.224810242999979 ], [ 77.504980843, 13.224753191000048 ], [ 77.505049690000135, 13.224739388000103 ], [ 77.505183548, 13.224712553000074 ], [ 77.505346649000103, 13.224673162000101 ], [ 77.506868749000091, 13.224056432000054 ], [ 77.506868741000062, 13.224063016000059 ], [ 77.507224961000077, 13.225331507000135 ], [ 77.50723899400009, 13.225381478000088 ], [ 77.50739572000009, 13.225838781 ], [ 77.50766584400003, 13.22651923899997 ], [ 77.507763865000072, 13.226750976000062 ], [ 77.507814445000179, 13.226870555000119 ], [ 77.50781672800008, 13.226875952000114 ], [ 77.507884195000088, 13.226861274000157 ], [ 77.507928411000194, 13.227111291000142 ], [ 77.507931046000124, 13.227116349000028 ], [ 77.50861296000005, 13.226952383000139 ], [ 77.508742662000145, 13.226921763000064 ], [ 77.508870234000028, 13.226891750000163 ], [ 77.509133867000116, 13.226829978000012 ], [ 77.509967452000069, 13.226636056000132 ], [ 77.510639647000176, 13.226445687000137 ], [ 77.511912634000055, 13.226086745000089 ], [ 77.512001628000121, 13.226061706000053 ], [ 77.512040328000126, 13.226050820000069 ], [ 77.512037728000109, 13.225364091000188 ], [ 77.512022232000049, 13.225299018000044 ], [ 77.51193852900019, 13.224947795 ], [ 77.511925617000145, 13.224911256999974 ], [ 77.511681461000194, 13.224221486000033 ], [ 77.511673222000127, 13.224198209000178 ], [ 77.511555519000069, 13.223225318000061 ], [ 77.51153937700019, 13.223095689000047 ], [ 77.511514372000136, 13.22289595500007 ], [ 77.511510872000031, 13.222867991000044 ], [ 77.51155386500011, 13.222859174000121 ], [ 77.511907452000173, 13.22278669200017 ], [ 77.512095563000173, 13.222748157000069 ], [ 77.51210617900017, 13.222745980000184 ], [ 77.513078369000141, 13.222546800000032 ], [ 77.513117513, 13.222538782000072 ], [ 77.513779838000175, 13.222381583000129 ], [ 77.514116973000114, 13.222301451000078 ], [ 77.514144515000055, 13.222294904000137 ], [ 77.515309218000084, 13.221972612000116 ], [ 77.515568534000067, 13.221900823000112 ], [ 77.516556080000043, 13.221612462000166 ], [ 77.516906439000138, 13.221538095000142 ], [ 77.516936808000082, 13.221531650000031 ], [ 77.517272725999987, 13.221341171 ], [ 77.517417360000081, 13.221259157000134 ], [ 77.517417757000032, 13.221251077000034 ], [ 77.517433279000045, 13.220936247000111 ], [ 77.518424665, 13.220612620000054 ], [ 77.518466728000192, 13.220598886000175 ], [ 77.518433663000053, 13.220196861000034 ], [ 77.518319228000109, 13.21953004400018 ], [ 77.518280540000092, 13.219303768000088 ], [ 77.518278666000128, 13.219291672000168 ], [ 77.518201371000032, 13.218792924000127 ], [ 77.518189487000086, 13.218716243000074 ], [ 77.518186226000068, 13.218695167000135 ], [ 77.51818530100013, 13.218674353000154 ], [ 77.51818369300014, 13.218662078000136 ], [ 77.518182471000046, 13.218610672000125 ], [ 77.518176879000123, 13.218484828000044 ], [ 77.51817515100015, 13.218445941000084 ], [ 77.51817234900011, 13.2183828900001 ], [ 77.518177017000141, 13.218377857000121 ], [ 77.518176186000176, 13.218342196000151 ], [ 77.518469825000182, 13.218027083999971 ], [ 77.518828941000095, 13.217616996000174 ], [ 77.51883906300003, 13.217605438000078 ], [ 77.518839854000191, 13.21759890800007 ], [ 77.518850156000155, 13.217513997000083 ], [ 77.518847456000117, 13.217357705000097 ], [ 77.518847393000158, 13.217308514000024 ], [ 77.518847337000182, 13.217264511000053 ], [ 77.518847282000081, 13.217222055000093 ], [ 77.518847252000057, 13.217198507000091 ], [ 77.519216820000111, 13.216778293000118 ], [ 77.519247813999982, 13.216743053000073 ], [ 77.519308284000033, 13.216674745000091 ], [ 77.51931210000015, 13.216670435000083 ], [ 77.519312496, 13.216668072000175 ], [ 77.519419272000164, 13.216404842000031 ], [ 77.519334752000077, 13.215598905999968 ], [ 77.519231845000036, 13.215444063000064 ], [ 77.519101266000121, 13.215273239000112 ], [ 77.519009293000067, 13.215200734000064 ], [ 77.518961489000048, 13.215163050000172 ], [ 77.518845204000058, 13.21507138000004 ], [ 77.518727049000177, 13.214969994000171 ], [ 77.518660502000102, 13.214904674000081 ], [ 77.518609991000062, 13.214844693000032 ], [ 77.518490509000117, 13.214685234000058 ], [ 77.518412504000139, 13.214454368000133 ], [ 77.518377729000065, 13.214261196000166 ], [ 77.518418311, 13.214266373000157 ], [ 77.518453122000153, 13.214270813000155 ], [ 77.518612103000066, 13.21429109200011 ], [ 77.519402688000184, 13.214410502000078 ], [ 77.519452947, 13.214418093000063 ], [ 77.519625548000192, 13.214345545000128 ], [ 77.519862827000168, 13.214495264000163 ], [ 77.519979166000098, 13.214568574000168 ], [ 77.519991089000143, 13.214504782000063 ], [ 77.520021870999983, 13.214340100000129 ], [ 77.519915557000104, 13.214149474000124 ], [ 77.520028981000053, 13.214144389000182 ], [ 77.520088606000115, 13.214141716000029 ], [ 77.520084851000092, 13.214135919000171 ], [ 77.519948365000118, 13.213925171000142 ], [ 77.519936814000175, 13.213907335000101 ], [ 77.519895417000043, 13.213843406000024 ], [ 77.519991583000149, 13.213380409000024 ], [ 77.519909329000086, 13.212849640000059 ], [ 77.519818469000029, 13.212783549 ], [ 77.519768401000192, 13.212747130000082 ], [ 77.519586892000177, 13.212615200000016 ], [ 77.519512954999982, 13.212561458000039 ], [ 77.519446707000043, 13.21251330400014 ], [ 77.519445153000049, 13.212507106000146 ], [ 77.519423662000179, 13.212421382000173 ], [ 77.519271517999982, 13.211813739000036 ], [ 77.519250376000059, 13.211729299000183 ], [ 77.519190972000104, 13.2117359020001 ], [ 77.518789484000081, 13.211780800000099 ], [ 77.518696586000033, 13.211791189000166 ], [ 77.518692279000106, 13.211797374000014 ], [ 77.518630816000098, 13.211486644000104 ], [ 77.518577435000054, 13.211215834000086 ], [ 77.518584287000067, 13.211146075000045 ], [ 77.518589216000066, 13.211095894999971 ], [ 77.518591074000199, 13.211077076000151 ], [ 77.518602400000077, 13.210962368000025 ], [ 77.518598624000106, 13.210949460000052 ], [ 77.518583258000092, 13.210896866000155 ], [ 77.518458400000043, 13.210469499000055 ], [ 77.518238927000084, 13.209717027000124 ], [ 77.518228538000017, 13.209681377000038 ], [ 77.518214809000085, 13.209634250000136 ], [ 77.518160479000187, 13.209447749000049 ], [ 77.518221504000167, 13.209435463000091 ], [ 77.518352918, 13.209409004000122 ], [ 77.518574659000194, 13.209364288000188 ], [ 77.518855526000038, 13.20930754699998 ], [ 77.518890774000113, 13.209300413000108 ], [ 77.519032994000156, 13.20927163500005 ], [ 77.519097667000096, 13.209258537000039 ], [ 77.519120854000164, 13.209253840000088 ], [ 77.519213138000168, 13.209235140000146 ], [ 77.519449779000126, 13.210312398000099 ], [ 77.519461672000091, 13.210366535000048 ], [ 77.519522006000102, 13.210641187000022 ], [ 77.519523874000129, 13.210649695000029 ], [ 77.519534982000152, 13.210700261000113 ], [ 77.519542489000116, 13.210748333000026 ], [ 77.519549707000181, 13.21079455 ], [ 77.519595051000067, 13.211122257000056 ], [ 77.519600780000076, 13.211121594000076 ], [ 77.51980380100008, 13.211098075000166 ], [ 77.520408197000165, 13.211028057000078 ], [ 77.520446199000105, 13.211023655000076 ], [ 77.520496501000196, 13.211019213000043 ], [ 77.520982544000162, 13.210985637000135 ], [ 77.521035270000084, 13.210967343 ], [ 77.521380978000082, 13.210847387000058 ], [ 77.521479878000093, 13.210615332000089 ], [ 77.521616606000066, 13.210338044000082 ], [ 77.521461595000119, 13.210184444000163 ], [ 77.521256694000101, 13.210114246000046 ], [ 77.520985429000177, 13.210021311999981 ], [ 77.520953832000089, 13.210010487000091 ], [ 77.520946747000153, 13.209970471000133 ], [ 77.520842429000027, 13.209454262000122 ], [ 77.520979262000083, 13.20936852799997 ], [ 77.521054751, 13.209321230000171 ], [ 77.521291929000085, 13.209172624000132 ], [ 77.52139418500002, 13.209072067000079 ], [ 77.521425852000107, 13.209040926000057 ], [ 77.521514867000064, 13.208953486000098 ], [ 77.521719375000146, 13.2088710270001 ], [ 77.521731256000123, 13.208866238000155 ], [ 77.52153246, 13.20876847500017 ], [ 77.521363550000103, 13.208672568000111 ], [ 77.521227689000114, 13.208595445000071 ], [ 77.520559963000096, 13.207154592000109 ], [ 77.520689296000057, 13.206995978000123 ], [ 77.520695606000061, 13.206988238 ], [ 77.521109360000196, 13.20690694100017 ], [ 77.521129932000122, 13.20690289900017 ], [ 77.521333375000154, 13.206862932000149 ], [ 77.521582039000123, 13.207463036000036 ], [ 77.521585674000164, 13.207471807000161 ], [ 77.521597806000102, 13.207505779000144 ], [ 77.521780824000132, 13.208018256000173 ], [ 77.521799437000197, 13.208075915000052 ], [ 77.521804698000153, 13.208092233000173 ], [ 77.521831726000073, 13.208176054999967 ], [ 77.521861993000186, 13.20817381500018 ], [ 77.521932872000093, 13.208168569000065 ], [ 77.522017439000081, 13.208162311000081 ], [ 77.522018894000155, 13.208179345000076 ], [ 77.522058265000112, 13.208640130000106 ], [ 77.522061343000189, 13.208676747000027 ], [ 77.522032899000124, 13.208906824000167 ], [ 77.521997517000045, 13.209187564000104 ], [ 77.522135604000198, 13.209373308000011 ], [ 77.522145748000128, 13.209446559000128 ], [ 77.522159768000051, 13.209549234000178 ], [ 77.522033662000126, 13.209652998000081 ], [ 77.522073555000134, 13.210246820000179 ], [ 77.522063994000121, 13.210544118000087 ], [ 77.522101699000132, 13.210739585000169 ], [ 77.522323427000174, 13.211314956000081 ], [ 77.522324422000167, 13.211317534000102 ], [ 77.522372444000098, 13.211577296000144 ], [ 77.522380896000072, 13.21162287900006 ], [ 77.522471125000152, 13.211567277000086 ], [ 77.522479395000119, 13.211613126000088 ], [ 77.522216792000165, 13.211758953000128 ], [ 77.522179725, 13.211779837000108 ], [ 77.522299362000069, 13.211986944000103 ], [ 77.522371029000055, 13.212111888000152 ], [ 77.522201572000142, 13.212650531 ], [ 77.522222146000047, 13.212962325000035 ], [ 77.522234790000027, 13.213158145000079 ], [ 77.522230512000078, 13.213315467000143 ], [ 77.522248347000186, 13.213372419000052 ], [ 77.522250857000074, 13.213380447000191 ], [ 77.522271160000059, 13.213445465000063 ], [ 77.522300255000061, 13.213539001000186 ], [ 77.522290216000044, 13.213666287000024 ], [ 77.522360466000123, 13.213834002000169 ], [ 77.522366418000104, 13.213848214000109 ], [ 77.522636733000184, 13.21381086700012 ], [ 77.522688707000043, 13.213785569000152 ], [ 77.522768565000092, 13.213746698000023 ], [ 77.522794593000071, 13.213734051000131 ], [ 77.52281627800005, 13.213723513000161 ], [ 77.522851040000035, 13.21370665000012 ], [ 77.522867089000044, 13.213743345000012 ], [ 77.52296531200011, 13.21396844800006 ], [ 77.52300190200009, 13.214052614000138 ], [ 77.523192995000045, 13.214263331000041 ], [ 77.523225577000062, 13.214299258000096 ], [ 77.523254506000058, 13.214331169000161 ], [ 77.523351551000189, 13.214679079000177 ], [ 77.523477044000174, 13.214869915000179 ], [ 77.523610074000146, 13.214951716000087 ], [ 77.523800825000023, 13.215472015000046 ], [ 77.523864968000112, 13.215987913000106 ], [ 77.523866933000193, 13.216003710999985 ], [ 77.523867562000135, 13.216007705000152 ], [ 77.52417432600015, 13.21597056100012 ], [ 77.524241168000174, 13.215962679000143 ], [ 77.52439974300006, 13.216094425000051 ], [ 77.524696311000071, 13.21634081600007 ], [ 77.52474289200012, 13.216396786000075 ], [ 77.524843669000177, 13.216517860000181 ], [ 77.524886487000174, 13.216572925000037 ], [ 77.525019540000073, 13.216736420000132 ], [ 77.525085992000072, 13.216832153000155 ], [ 77.525264163000145, 13.217089329000089 ], [ 77.525332002000141, 13.217205708000051 ], [ 77.525456065000014, 13.217489160000071 ], [ 77.525408303000177, 13.217513813000039 ], [ 77.524956707000115, 13.217746911000177 ], [ 77.524939520000032, 13.217755889000045 ], [ 77.524943767000082, 13.217767379000065 ], [ 77.525298298000052, 13.218726604000153 ], [ 77.525263799000129, 13.218779845000029 ], [ 77.52523120799998, 13.218830121999986 ], [ 77.525206955000044, 13.218867532000047 ], [ 77.525280505000069, 13.218964718000109 ], [ 77.525380523000194, 13.219096792000016 ], [ 77.525396701000091, 13.21911814900011 ], [ 77.525412195000115, 13.219182689000149 ], [ 77.525510220000172, 13.219590664000066 ], [ 77.525532991000034, 13.219685162000019 ], [ 77.525614613000187, 13.219822111000099 ], [ 77.525782793000076, 13.220001240000101 ], [ 77.525831783000058, 13.220053367000048 ], [ 77.526242656000193, 13.22022175900014 ], [ 77.526336792000166, 13.220308496000087 ], [ 77.526476145000061, 13.220815072999983 ], [ 77.526537969, 13.221038601000032 ], [ 77.526529394000136, 13.22111449800019 ], [ 77.526521697000078, 13.221182718000136 ], [ 77.526517689000116, 13.221218235000151 ], [ 77.526470333000134, 13.221639364000112 ], [ 77.526470080000195, 13.221641611 ], [ 77.526468455000156, 13.221656066000037 ], [ 77.526563133000138, 13.221700983000119 ], [ 77.526731363000067, 13.221780766000052 ], [ 77.527215747000128, 13.221585127000139 ], [ 77.527271126000187, 13.22156276700008 ], [ 77.52726699700014, 13.221521197000186 ], [ 77.527128055000162, 13.221532018000062 ], [ 77.527249736000044, 13.221492177000073 ], [ 77.527175199000169, 13.22136320400017 ], [ 77.527107170000136, 13.221245658000043 ], [ 77.527084065999986, 13.221205786000098 ], [ 77.52706125300017, 13.221166414000038 ], [ 77.527097364000042, 13.221149199000138 ], [ 77.527293818000146, 13.221055030000059 ], [ 77.527468428000191, 13.221070843 ], [ 77.527513774000056, 13.221055684000135 ], [ 77.527559384000085, 13.22104043700017 ], [ 77.527738191000196, 13.220980149000184 ], [ 77.527742182000111, 13.220979422000028 ], [ 77.527776224000092, 13.220973170000036 ], [ 77.527942021, 13.220942724000167 ], [ 77.52802350200011, 13.220927761000098 ], [ 77.528204623000079, 13.220893698000054 ], [ 77.528683180000144, 13.220799257000124 ], [ 77.529376635000062, 13.220669176000115 ], [ 77.530084472999988, 13.220644541000127 ], [ 77.530088719, 13.220643199000165 ], [ 77.530250205000073, 13.22059202000014 ], [ 77.530284387000052, 13.220581140000093 ], [ 77.530408834000127, 13.220541368 ], [ 77.530437400000153, 13.220532238000146 ], [ 77.531054732000086, 13.220344123000132 ], [ 77.531083790000196, 13.220335267999985 ], [ 77.53128808200006, 13.220300833000067 ], [ 77.531308100999979, 13.220297440000081 ], [ 77.531648154000152, 13.22019034200008 ], [ 77.531849142999988, 13.220126634000167 ], [ 77.531873043000189, 13.220119059000126 ], [ 77.532236307000062, 13.219999719000043 ], [ 77.532388840000181, 13.219949452000037 ], [ 77.532743501000084, 13.219905026000106 ], [ 77.532769063999979, 13.2199018230001 ], [ 77.532776569000191, 13.219900878000146 ], [ 77.533299294000187, 13.219695527000113 ], [ 77.533307467000043, 13.219692351 ], [ 77.53333890100015, 13.219680138000172 ], [ 77.533354135000195, 13.219737911000038 ], [ 77.533361654000032, 13.219766420000042 ], [ 77.533516409000129, 13.21971935300013 ], [ 77.533547521, 13.219709891000036 ], [ 77.534503781000069, 13.219458519000057 ], [ 77.534842900000172, 13.21936934200005 ], [ 77.534861273, 13.21936452000017 ], [ 77.534899601000177, 13.219354459000101 ], [ 77.534913827000082, 13.21935085299998 ], [ 77.535290387000146, 13.219255414000031 ], [ 77.53538982800012, 13.219230250000066 ], [ 77.53568470600004, 13.219168477000039 ], [ 77.536239800000089, 13.219052407 ], [ 77.536267961000021, 13.219046519000074 ], [ 77.536456125000143, 13.219070775000091 ], [ 77.536635885000123, 13.219093959000077 ], [ 77.536683136000192, 13.219083823000119 ], [ 77.536821632000112, 13.21905412100017 ], [ 77.536839907000115, 13.219050202000062 ], [ 77.537229878000119, 13.21906840600019 ], [ 77.537247466000167, 13.219069226000045 ], [ 77.53729503400001, 13.219547742000032 ], [ 77.537302592000117, 13.219601700000055 ], [ 77.537378416000195, 13.220143028999985 ], [ 77.537459020000085, 13.220720857 ], [ 77.537468354000168, 13.220769673000177 ], [ 77.537483416000157, 13.220848439000122 ], [ 77.537509485000101, 13.220984929000053 ], [ 77.537519654000164, 13.221032219000051 ], [ 77.53755156200009, 13.221180613000058 ], [ 77.537596576000112, 13.221390634000102 ], [ 77.53760094800009, 13.221408597999982 ], [ 77.537606391000111, 13.221431009000185 ], [ 77.537906567000107, 13.222666945000128 ], [ 77.537979254000163, 13.222966270000086 ], [ 77.537987635000036, 13.222993135000081 ], [ 77.538044348000199, 13.223174915000016 ], [ 77.538114598000163, 13.223400095000045 ], [ 77.538124190000076, 13.223486254000136 ], [ 77.538148235, 13.22369614500019 ], [ 77.538148243000194, 13.223696221000182 ], [ 77.538148875000047, 13.223704160000068 ], [ 77.538150809000058, 13.223715789000039 ], [ 77.538190485000143, 13.223954340000148 ], [ 77.53819806100006, 13.223997835000091 ], [ 77.53839230900013, 13.224640199000135 ], [ 77.538692985000125, 13.225634500000069 ], [ 77.538693648000105, 13.22563670500017 ], [ 77.538715634000141, 13.225631642 ], [ 77.539029971000161, 13.225552218000189 ], [ 77.539063530000135, 13.225543266000159 ], [ 77.539429525000173, 13.225385184000061 ], [ 77.540025587000116, 13.225291297000183 ], [ 77.540433519000089, 13.225407343000029 ], [ 77.540435397000067, 13.225407877000066 ], [ 77.54045551400003, 13.225482481000029 ], [ 77.540523605000089, 13.225735008000015 ], [ 77.540660692000131, 13.226038974000119 ], [ 77.541231604000131, 13.226024479999978 ], [ 77.541690692000088, 13.226295772000071 ], [ 77.541915274000019, 13.227140984000187 ], [ 77.541929668000137, 13.227155781000079 ], [ 77.541942319000043, 13.227168788000029 ], [ 77.542095526000196, 13.22732633600009 ], [ 77.542109880000169, 13.227371322000067 ], [ 77.542346050000162, 13.228111390000038 ], [ 77.54263185200017, 13.228698297000165 ], [ 77.542690466000067, 13.228818663000027 ], [ 77.542888398000059, 13.229497321 ], [ 77.542892419000168, 13.229511063000075 ], [ 77.542949587000066, 13.229706367000063 ], [ 77.543013602000144, 13.229924698000104 ], [ 77.543216918000098, 13.231019455000023 ], [ 77.543240136000065, 13.231144475000065 ], [ 77.543284199000084, 13.232192058000123 ], [ 77.543288617000087, 13.232304823000163 ], [ 77.543294615000036, 13.23246476800017 ], [ 77.543317383000158, 13.233071916000085 ], [ 77.543317859000183, 13.233084936000125 ], [ 77.543726547000063, 13.232906127000149 ], [ 77.543848282999988, 13.23285299500003 ], [ 77.543904872000155, 13.232846916000142 ], [ 77.54471400000017, 13.232760436000092 ], [ 77.544739156999981, 13.232757771000138 ], [ 77.544814367000185, 13.232740836000062 ], [ 77.545163462, 13.232662233000042 ], [ 77.545552584000063, 13.232575150000059 ], [ 77.546652009000184, 13.232312416000127 ], [ 77.546747121000067, 13.232289342 ], [ 77.546896578000087, 13.232252302000177 ], [ 77.548291573000142, 13.231906584000171 ], [ 77.549290339000152, 13.231648209000184 ], [ 77.549359396000114, 13.231630319000089 ], [ 77.550025977000075, 13.232504186000028 ], [ 77.550200899000174, 13.232730717000038 ], [ 77.550328673000081, 13.232885974000169 ], [ 77.550491876000194, 13.233084278999968 ], [ 77.550619883000195, 13.233238273000097 ], [ 77.55079830800014, 13.233474107000063 ], [ 77.551701131000129, 13.234667396000134 ], [ 77.551707516000079, 13.234676191000062 ], [ 77.551819014000046, 13.234589259000131 ], [ 77.551895640000168, 13.23452951500019 ], [ 77.55215613200005, 13.234326415000055 ], [ 77.552433164000036, 13.234107731000108 ], [ 77.552596163000146, 13.233953904000089 ], [ 77.552760232000139, 13.233798140000147 ], [ 77.55300907100019, 13.233579070000133 ], [ 77.553016600000035, 13.233572417000062 ], [ 77.553455197000176, 13.233525574000168 ], [ 77.553637150000043, 13.233523787000081 ], [ 77.553640382000083, 13.233523756000181 ], [ 77.553780417000041, 13.233522710000102 ], [ 77.554258772000139, 13.233519140000169 ], [ 77.554480446000184, 13.233518038000057 ], [ 77.554545025000095, 13.233483334000027 ], [ 77.554704875000141, 13.233397435000143 ], [ 77.555420680000168, 13.233233146000146 ], [ 77.555473939000194, 13.233221062000041 ], [ 77.555524932000083, 13.233209512000144 ], [ 77.555624201, 13.233188447999964 ], [ 77.55567718500015, 13.233177477000027 ], [ 77.555681754000091, 13.233176270000058 ], [ 77.555789416000096, 13.233154239999976 ], [ 77.55645123100004, 13.23301721200005 ], [ 77.556729570000073, 13.232941463999964 ], [ 77.55688602400005, 13.232888523000099 ], [ 77.55696630500006, 13.232861359000026 ], [ 77.557090798000161, 13.2328192330001 ], [ 77.557487612000102, 13.232684961000132 ], [ 77.55749326800003, 13.232683429000019 ], [ 77.557623517000081, 13.232648150000045 ], [ 77.557752065000045, 13.232613323000066 ], [ 77.557753496000089, 13.232612936000123 ], [ 77.557821096000168, 13.232594620000043 ], [ 77.557840307000049, 13.232587744 ], [ 77.558056396000097, 13.23251021100009 ], [ 77.558475141000031, 13.232359965000114 ], [ 77.558550386000093, 13.232334104000188 ], [ 77.558617202000107, 13.232311091000156 ], [ 77.559010625999974, 13.232175586000039 ], [ 77.559019662000196, 13.232172465000019 ], [ 77.559552237000162, 13.231989762000126 ], [ 77.559535938000124, 13.231941220000181 ], [ 77.559494486000062, 13.231817772000056 ], [ 77.559242994000044, 13.230957158000081 ], [ 77.559233150000125, 13.230923471000096 ], [ 77.559226636000119, 13.230866757000172 ], [ 77.559197317000098, 13.230603306000148 ], [ 77.55917274400008, 13.230382483000085 ], [ 77.559172081000099, 13.230376521000096 ], [ 77.559170230000063, 13.230359889000169 ], [ 77.55904336500015, 13.230217861000142 ], [ 77.558973979000086, 13.230140256000027 ], [ 77.558930037000152, 13.230091107000135 ], [ 77.558932565000191, 13.230090896000036 ], [ 77.558669744000042, 13.229156014000125 ], [ 77.55861136599998, 13.228947336999966 ], [ 77.558410936000143, 13.228490151000187 ], [ 77.558388552000054, 13.228439091000041 ], [ 77.558270556000025, 13.228169937000132 ], [ 77.558258268000088, 13.228143709000108 ], [ 77.558253304000061, 13.22813665700005 ], [ 77.558188029000064, 13.228043928000091 ], [ 77.558179664000193, 13.228032051000127 ], [ 77.558161046000066, 13.228005602000167 ], [ 77.558144020000043, 13.227915709000058 ], [ 77.558139722000078, 13.227892958000041 ], [ 77.558054029000175, 13.227439434000189 ], [ 77.557962077000184, 13.226949444000127 ], [ 77.557849088000182, 13.226816147000022 ], [ 77.557824886000105, 13.22673599899997 ], [ 77.557810602000188, 13.226688572000057 ], [ 77.557646023000132, 13.226142129000038 ], [ 77.55763424800017, 13.226103038000133 ], [ 77.557564949000039, 13.22479236800001 ], [ 77.557559444, 13.224688234000098 ], [ 77.557495619000122, 13.223481075000166 ], [ 77.55749333600005, 13.223436645000049 ], [ 77.557855866000182, 13.223432101000185 ], [ 77.557933205000097, 13.223431131000098 ], [ 77.558028737000029, 13.223429303000103 ], [ 77.558041100000082, 13.223429067000097 ], [ 77.558116708000114, 13.223427699000183 ], [ 77.55835251600007, 13.22351302200002 ], [ 77.558353075000014, 13.223502517000156 ], [ 77.558529717000113, 13.223567322000065 ], [ 77.558541793000188, 13.222815282000056 ], [ 77.558543014, 13.22273926500003 ], [ 77.558558847000029, 13.221753300000103 ], [ 77.558559655000067, 13.221690918000093 ], [ 77.558560626000087, 13.221622150000087 ], [ 77.558563422000134, 13.221424168000055 ], [ 77.55856365600016, 13.221407599000031 ], [ 77.558446428000195, 13.221412909000094 ], [ 77.558291342000189, 13.221419734000051 ], [ 77.558245484000111, 13.221421752000026 ], [ 77.558216347000098, 13.221438716000023 ], [ 77.558152237000115, 13.221434411000075 ], [ 77.558159622000119, 13.221418675000052 ], [ 77.558199974000047, 13.221332681000035 ], [ 77.558115531999988, 13.221026220000169 ], [ 77.558097149000162, 13.22095951700004 ], [ 77.558024246000116, 13.220694987 ], [ 77.557861438000145, 13.220154918 ], [ 77.557844288000126, 13.220157821000157 ], [ 77.557672801000081, 13.220186849000072 ], [ 77.557538922999981, 13.220209808000106 ], [ 77.557528618000106, 13.220186507000051 ], [ 77.557511170999987, 13.220147052000073 ], [ 77.557499909000171, 13.220121601000187 ], [ 77.55743678500005, 13.219978932 ], [ 77.557380237000189, 13.219879989000106 ], [ 77.557467155000097, 13.219725561000075 ], [ 77.557556723000062, 13.219788676000064 ], [ 77.558186336000176, 13.219383443000027 ], [ 77.558206947000031, 13.219370178000077 ], [ 77.558221414000059, 13.219360914000049 ], [ 77.558296829000199, 13.219312634000119 ], [ 77.558613744000183, 13.218986335000068 ], [ 77.558663808000063, 13.218934787000023 ], [ 77.558735316000138, 13.218861210000057 ], [ 77.559725136000168, 13.218469700000185 ], [ 77.56025295000012, 13.218393206000087 ], [ 77.560343870000167, 13.218380030000048 ], [ 77.560356674000161, 13.218371709000166 ], [ 77.560481471000116, 13.2182906540001 ], [ 77.560563050000042, 13.218237669000075 ], [ 77.560578702000043, 13.218231733000152 ], [ 77.560900465000145, 13.218110024000111 ], [ 77.561001726000086, 13.218071722000104 ], [ 77.56127122800018, 13.217970156000092 ], [ 77.561275819000116, 13.217968425000038 ], [ 77.561378795999985, 13.217890906000093 ], [ 77.561511873000086, 13.217790712000124 ], [ 77.561664102000179, 13.217776023999988 ], [ 77.561743623999973, 13.217768351000188 ], [ 77.561793211000122, 13.217748946000086 ], [ 77.562091219000081, 13.217632611000113 ], [ 77.562236110000072, 13.217576049000058 ], [ 77.562569054000107, 13.217446732000099 ], [ 77.56269286100013, 13.217398645000117 ], [ 77.562718399000119, 13.217368881000141 ], [ 77.562747590000129, 13.217334857000026 ], [ 77.562762399000178, 13.217270312000096 ], [ 77.563026987000057, 13.217186370000036 ], [ 77.563192129000015, 13.217133978000163 ], [ 77.563468483000179, 13.217047538000145 ], [ 77.563647935000063, 13.216991408000069 ], [ 77.563675906000185, 13.216982755000174 ], [ 77.563849509000079, 13.216900371000122 ], [ 77.564036465000072, 13.216811650000125 ], [ 77.564041343000156, 13.216809341000044 ], [ 77.564101599000139, 13.216778584000053 ], [ 77.564204966000091, 13.216725820000136 ], [ 77.564400898000144, 13.216625807000128 ], [ 77.56441017200018, 13.216621088000181 ], [ 77.564547516000175, 13.21659196700017 ], [ 77.564737562000118, 13.216551675000062 ], [ 77.564981349000107, 13.216500415000041 ], [ 77.565026325000076, 13.216485415000079 ], [ 77.565090262000126, 13.216464091999967 ], [ 77.565174672000182, 13.216436003000069 ], [ 77.565389922000065, 13.216364624000107 ], [ 77.565474247000054, 13.216354991000117 ], [ 77.565601672000184, 13.216340433000141 ], [ 77.565884068000116, 13.216308484000081 ], [ 77.566141745000039, 13.216310772000099 ], [ 77.566746569000145, 13.216316143000086 ], [ 77.566864434000195, 13.216317225000182 ], [ 77.566895507000197, 13.216313863999972 ], [ 77.566902510000148, 13.216313108000122 ], [ 77.566979715000059, 13.216304763000039 ], [ 77.567253464000089, 13.216275243999974 ], [ 77.567331221000188, 13.216266860000189 ], [ 77.568180999000163, 13.216175865000025 ], [ 77.568264303000149, 13.216177370000082 ], [ 77.568573443000105, 13.21616839100011 ], [ 77.568609909000145, 13.216158611000026 ], [ 77.568668244000094, 13.216142966000064 ], [ 77.569076619000043, 13.216032793000068 ], [ 77.569536731000085, 13.215985879000129 ], [ 77.56954055500006, 13.215956105000146 ], [ 77.569546919, 13.215906617000144 ], [ 77.569590574000188, 13.215567207000106 ], [ 77.569624019000173, 13.215210769000123 ], [ 77.569637029000035, 13.215072094999982 ], [ 77.569673704000138, 13.214681155000164 ], [ 77.569697201000054, 13.214442551000161 ], [ 77.569706241000063, 13.214352112000029 ], [ 77.569719945000145, 13.214215310999975 ], [ 77.569720346000054, 13.214211313000021 ], [ 77.569782737000196, 13.213448337000102 ], [ 77.569793641, 13.213317449000158 ], [ 77.569811418000143, 13.213104061000081 ], [ 77.569827251000106, 13.212914009000144 ], [ 77.569838638000078, 13.21277983300007 ], [ 77.569876773000146, 13.212330470000097 ], [ 77.569919435000145, 13.21208776800006 ], [ 77.569921102000194, 13.212075775000073 ], [ 77.569936262000169, 13.211966859000142 ], [ 77.569959899000082, 13.211797045000083 ], [ 77.569977423000125, 13.211526640000045 ], [ 77.570044253000162, 13.211234653000133 ], [ 77.570062053000186, 13.211156968000182 ], [ 77.570117209000159, 13.210916230000123 ], [ 77.570276844000091, 13.20989931400004 ], [ 77.570290541000077, 13.209892876000026 ], [ 77.570375220000074, 13.209853075000183 ], [ 77.570432181000115, 13.209810594000146 ], [ 77.570598856000117, 13.209686287000068 ], [ 77.570634062000181, 13.20966000300001 ], [ 77.570642368000165, 13.209619775000078 ], [ 77.570646037000188, 13.209601998000096 ], [ 77.570894597000176, 13.208398132000184 ], [ 77.570919477000075, 13.208277631000044 ], [ 77.570921483000063, 13.208267989000149 ], [ 77.570927103000031, 13.208258897000121 ], [ 77.57093926400006, 13.208239227999968 ], [ 77.57139831600017, 13.207496683000102 ], [ 77.571419840000033, 13.207461807000072 ], [ 77.571505848000186, 13.20732243600014 ], [ 77.571486293000078, 13.207328381000025 ], [ 77.571344525000086, 13.207371473000023 ], [ 77.570902647000139, 13.207505785000137 ], [ 77.570755519000045, 13.207503552000048 ], [ 77.570751725000036, 13.20750349500014 ], [ 77.570338140000047, 13.20749723800003 ], [ 77.570214605000047, 13.207495369000185 ], [ 77.57018735600019, 13.20749499700014 ], [ 77.569748115000152, 13.207489005000184 ], [ 77.569392085000175, 13.206601878000015 ], [ 77.568837836000057, 13.205789449000065 ], [ 77.568828262000181, 13.205775378000055 ], [ 77.568782412000076, 13.205707996000172 ], [ 77.568752589000042, 13.205653520000112 ], [ 77.568743024000014, 13.205636040000059 ], [ 77.56867349200013, 13.205508952 ], [ 77.568495314000131, 13.204942193000136 ], [ 77.568026646000078, 13.203750343000081 ], [ 77.568024138000055, 13.203743863000113 ], [ 77.567987503000154, 13.203649178000148 ], [ 77.567659739000192, 13.201555060000089 ], [ 77.568207137, 13.201331503000176 ], [ 77.569071004000193, 13.200978696 ], [ 77.569135139000082, 13.200952503000053 ], [ 77.569143854000174, 13.200948975000131 ], [ 77.569149654000114, 13.200947049000149 ], [ 77.569587528000113, 13.200802112000133 ], [ 77.569637165000017, 13.200785683000106 ], [ 77.569884377000051, 13.200704184000017 ], [ 77.569925109000053, 13.200690755999972 ], [ 77.569888106000121, 13.20059680300011 ], [ 77.569870682000101, 13.200552563000031 ], [ 77.569861083000092, 13.20052830000003 ], [ 77.569843184000092, 13.200480342000162 ], [ 77.569832885000039, 13.200452747000099 ], [ 77.570012045000169, 13.200381697000068 ], [ 77.570129430000179, 13.200310841999965 ], [ 77.570363721000092, 13.200408990000142 ], [ 77.570376891000137, 13.200414509000154 ], [ 77.570840229000112, 13.200334495999982 ], [ 77.570914956000138, 13.200314345000038 ], [ 77.571236953000039, 13.200227797000139 ], [ 77.571372797000095, 13.200104131000046 ], [ 77.571495918999972, 13.200081805000139 ], [ 77.571763438000175, 13.200033454000106 ], [ 77.571791887000131, 13.20001841900006 ], [ 77.572024231000171, 13.199895917000049 ], [ 77.572263870000029, 13.199770126000033 ], [ 77.572289239999975, 13.199754662000146 ], [ 77.572445856000172, 13.199659381000174 ], [ 77.572563303000038, 13.199588138000081 ], [ 77.572572995000144, 13.199583867000172 ], [ 77.572583380000196, 13.199579294000046 ], [ 77.572684816000049, 13.199534623000147 ], [ 77.57261668100017, 13.199169938000068 ], [ 77.573118048000197, 13.199068560000057 ], [ 77.573369497000101, 13.198963944000127 ], [ 77.573586157000079, 13.198849863000191 ], [ 77.573635047000039, 13.198815526999965 ], [ 77.573788617000162, 13.198707681000144 ], [ 77.574044039000171, 13.198572170000034 ], [ 77.574338067000156, 13.198538749000022 ], [ 77.574365100000136, 13.198535648000188 ], [ 77.574545324000155, 13.198479847000101 ], [ 77.574803828000029, 13.198400355000103 ], [ 77.575046387000157, 13.198326302000112 ], [ 77.57510361400017, 13.198317341000177 ], [ 77.577648660000079, 13.197934768000039 ], [ 77.577712336000161, 13.197925307000048 ], [ 77.57771880700011, 13.197957089 ], [ 77.577718815000082, 13.19795713100001 ], [ 77.577720350000106, 13.197956872000077 ], [ 77.577720343000067, 13.197956832999978 ], [ 77.577742781000097, 13.197953088000133 ], [ 77.577784994000126, 13.197946042000069 ], [ 77.578047534, 13.197882377000042 ], [ 77.578412503000095, 13.197793905000026 ], [ 77.578425429000106, 13.197790771000086 ], [ 77.578458167000178, 13.197795198000051 ], [ 77.578644224000186, 13.197820363000062 ], [ 77.578701585000033, 13.197828120999986 ], [ 77.578780176000066, 13.197838751000177 ], [ 77.578804261000187, 13.197842011000091 ], [ 77.578869062000138, 13.197850781000113 ], [ 77.578973050000059, 13.197793967 ], [ 77.579029238000089, 13.197763266000038 ], [ 77.579131595000092, 13.197642614000188 ], [ 77.57916115900008, 13.197607765000043 ], [ 77.579208334000157, 13.197626186999969 ], [ 77.579323554000098, 13.197671172000071 ], [ 77.579352100000165, 13.197682315 ], [ 77.579491666000138, 13.197728288000178 ], [ 77.579602584999975, 13.197707746999981 ], [ 77.579707279000104, 13.197688360000086 ], [ 77.581127481000067, 13.197348346000183 ], [ 77.581267765000121, 13.197314760000097 ], [ 77.58199177500012, 13.197047228000145 ], [ 77.582270124000161, 13.196944378000182 ], [ 77.582321581000087, 13.196924092000074 ], [ 77.582355786000164, 13.196910606000017 ], [ 77.582757050000112, 13.196762780000029 ], [ 77.583760561000133, 13.196607611000104 ], [ 77.586323430000164, 13.196195783000121 ], [ 77.586516446000132, 13.196164766000152 ], [ 77.586428278000142, 13.196085597000092 ], [ 77.586403272000041, 13.196063146000085 ], [ 77.590409126000168, 13.194934403000047 ], [ 77.590506717000153, 13.194906953000043 ], [ 77.590566639000144, 13.194938815000057 ], [ 77.591868745000056, 13.195856561000141 ], [ 77.591980566000188, 13.195935559000077 ], [ 77.59208779700009, 13.196011313000156 ], [ 77.594442887000071, 13.194824126000071 ], [ 77.595737761000066, 13.194637746000069 ], [ 77.596838101000174, 13.194480936000105 ], [ 77.598777759000086, 13.194204506000119 ], [ 77.599494261000018, 13.194104939000169 ], [ 77.599589537000099, 13.194091699000126 ], [ 77.599756707000097, 13.194391650000171 ], [ 77.59993955900012, 13.194720019000044 ], [ 77.600058193000166, 13.19494440700015 ], [ 77.600147605000075, 13.195132478000176 ], [ 77.600181092000128, 13.195202921000032 ], [ 77.600332364, 13.195487122000031 ], [ 77.600539841000057, 13.195877033000045 ], [ 77.600624480000192, 13.196036129000049 ], [ 77.600775296000052, 13.196308611000063 ], [ 77.600975075000179, 13.196669602000156 ], [ 77.600994668000112, 13.196708100000137 ], [ 77.601153975000045, 13.197021127000028 ], [ 77.601203951000116, 13.197116450000181 ], [ 77.601428170000077, 13.197543871000107 ], [ 77.60157283000018, 13.197819354999979 ], [ 77.601639297000077, 13.19797768 ], [ 77.601716123000188, 13.198160692999977 ], [ 77.60223914200003, 13.199376251000047 ], [ 77.602283843000123, 13.199480138000183 ], [ 77.602627012000141, 13.200244668000039 ], [ 77.602737388000037, 13.20048529100012 ], [ 77.602804475000198, 13.200631232000035 ], [ 77.602853124000035, 13.200739104999968 ], [ 77.602853143000118, 13.200739148000082 ], [ 77.603270750000149, 13.20166515000011 ], [ 77.603300294000121, 13.201728655000124 ], [ 77.603609198000072, 13.202392439 ], [ 77.603668403000086, 13.202519660000121 ], [ 77.603692676000037, 13.202567100000181 ], [ 77.603716903000191, 13.202614451000102 ], [ 77.603762307000068, 13.202614681000114 ], [ 77.603985396000098, 13.202618955999981 ], [ 77.605039967000039, 13.202607963000048 ], [ 77.605857201000163, 13.202603389000046 ], [ 77.606196818000114, 13.202564094000081 ], [ 77.606237614000122, 13.202559445000134 ], [ 77.606666555000174, 13.20253565400003 ], [ 77.607005288000039, 13.202496857000142 ], [ 77.607763233000128, 13.202429030000076 ], [ 77.608419407000099, 13.202378309999972 ], [ 77.60935538200016, 13.202310081000121 ], [ 77.609564065000086, 13.202295838000111 ], [ 77.609818190000112, 13.202278496000076 ], [ 77.610164418000124, 13.202255425000033 ], [ 77.611828280000111, 13.202150868 ], [ 77.612238780000155, 13.202126730000145 ], [ 77.612533592000034, 13.202127800000028 ], [ 77.612603530000172, 13.2020920060001 ], [ 77.612636232, 13.202100958000131 ], [ 77.612671011000145, 13.202110480000044 ], [ 77.6127037440001, 13.202119442000082 ], [ 77.613131494000129, 13.202255065000031 ], [ 77.613318100000129, 13.202314229000081 ], [ 77.61341486800012, 13.2023439190001 ], [ 77.613937049000072, 13.202504130000079 ], [ 77.614436777000037, 13.202656845000035 ], [ 77.614557618, 13.202695020000078 ], [ 77.616194612000072, 13.203212151000173 ], [ 77.616093371000147, 13.203314241000044 ], [ 77.616093115000126, 13.203314506000027 ], [ 77.615367153000136, 13.204065108000123 ], [ 77.614953429000138, 13.204508557000111 ], [ 77.614171664000025, 13.205346482000095 ], [ 77.614000346000068, 13.205530107000072 ], [ 77.613941915000112, 13.205592734000049 ], [ 77.616647126000032, 13.205941933000076 ], [ 77.618479795000098, 13.206178481999984 ], [ 77.622583920000125, 13.206769635000171 ], [ 77.622837803000039, 13.206788644000028 ], [ 77.623179481000079, 13.20681422500013 ], [ 77.624125056000082, 13.206680101000018 ], [ 77.625257740000166, 13.206555111000171 ], [ 77.626472487000058, 13.206319205 ], [ 77.626986811000165, 13.206220262000102 ], [ 77.628442106000023, 13.205939407000017 ], [ 77.628637449000109, 13.20590173700009 ], [ 77.629684996000037, 13.205827153000143 ], [ 77.629869700000029, 13.205814066000073 ], [ 77.630022342000075, 13.205803250000031 ], [ 77.630142222000188, 13.20579477300015 ], [ 77.630200951000177, 13.205790620000073 ], [ 77.630476717000079, 13.205659448000063 ], [ 77.630936025000096, 13.205440970000097 ], [ 77.631588319000059, 13.205200364000063 ], [ 77.632029594000073, 13.205037593000043 ], [ 77.632252025000071, 13.204954423000061 ], [ 77.63245036100011, 13.204880261000142 ], [ 77.632471179000106, 13.204872477000038 ], [ 77.632659022000098, 13.204802374 ], [ 77.633996308000064, 13.204817443000081 ], [ 77.634244002000116, 13.204820234000067 ], [ 77.634339006000175, 13.204827486000113 ], [ 77.634504229000072, 13.204833538000116 ], [ 77.63482530400006, 13.204845299000112 ], [ 77.634839175000081, 13.204845806000037 ], [ 77.637122204000036, 13.204843569000104 ], [ 77.637265452000179, 13.20484385300017 ], [ 77.637637797000195, 13.204844773000048 ], [ 77.63782174500011, 13.204845227000078 ], [ 77.637770802000091, 13.204676531000189 ], [ 77.637721506000105, 13.204527850000034 ], [ 77.637639621000176, 13.204263977000153 ], [ 77.637420976999977, 13.203763567000124 ], [ 77.637222334000171, 13.203297094000163 ], [ 77.637217320000104, 13.203283372999977 ], [ 77.637173152000173, 13.203163091000022 ], [ 77.637122373000182, 13.203024209000034 ], [ 77.637060194000071, 13.202854148000085 ], [ 77.6370270970001, 13.202763624000056 ], [ 77.637457180000069, 13.202665586000137 ], [ 77.638184749000118, 13.202502469000024 ], [ 77.638943216000087, 13.202355683000178 ], [ 77.63947636100005, 13.202233274000093 ], [ 77.639496348000193, 13.202225310000131 ], [ 77.639661744000023, 13.202161048000107 ], [ 77.639740571000061, 13.202130409000176 ], [ 77.639958740000111, 13.202045611000074 ], [ 77.640442476000146, 13.201872943000183 ], [ 77.640566159000173, 13.201806914000144 ], [ 77.640894023000101, 13.201653021000084 ], [ 77.641390340000044, 13.201420061000022 ], [ 77.641558707000058, 13.201342043000125 ], [ 77.641656256000033, 13.201296830000047 ], [ 77.642399874000091, 13.200955619000126 ], [ 77.642671639000127, 13.200825040999973 ], [ 77.642692327000077, 13.20081510000017 ], [ 77.643206291000126, 13.200585370000169 ], [ 77.643540847000111, 13.200555218000147 ], [ 77.643782743000031, 13.200528956000085 ], [ 77.644512798000164, 13.200447937000035 ], [ 77.644574699000032, 13.200441044000115 ], [ 77.645092559000034, 13.200379832000181 ], [ 77.645230613000138, 13.200363662000086 ], [ 77.645935372000054, 13.200281599000164 ], [ 77.646536028000014, 13.200228773000049 ], [ 77.646543480000105, 13.200228220999975 ], [ 77.647757523000109, 13.200124433000099 ], [ 77.649081542000147, 13.19999836500017 ], [ 77.650338475000126, 13.199904853000078 ], [ 77.65041375800007, 13.199896251000041 ], [ 77.650494757000104, 13.199889664000125 ], [ 77.651383458000169, 13.199814386000128 ], [ 77.651483947000088, 13.199805606000098 ], [ 77.652463552000029, 13.199720096000135 ], [ 77.652540945000112, 13.199714377000134 ], [ 77.653368088000093, 13.19964115 ], [ 77.653536769000084, 13.199626391000095 ], [ 77.654473106000012, 13.199543494000068 ], [ 77.654608020000182, 13.19953161300009 ], [ 77.655591328000185, 13.19944862900013 ], [ 77.655679656000189, 13.199440344999971 ], [ 77.656695859000195, 13.199336563000088 ], [ 77.656756340000129, 13.199331846000177 ], [ 77.657220907000124, 13.199296468000057 ], [ 77.65712218900012, 13.199238608000087 ], [ 77.656772684000032, 13.199033760000191 ], [ 77.656669831000158, 13.198668047000069 ], [ 77.656587861000105, 13.198507841000094 ], [ 77.656543565, 13.198421878000033 ], [ 77.656374745000051, 13.198094254000068 ], [ 77.656018153000048, 13.197509904000071 ], [ 77.65601130500005, 13.197495878000154 ], [ 77.655607530999987, 13.196668926000086 ], [ 77.655579092000039, 13.196608315000162 ], [ 77.653142893, 13.191416136000157 ], [ 77.65178414200011, 13.190594585000156 ], [ 77.65145774400014, 13.190400198000134 ], [ 77.650852538000152, 13.190423818000113 ], [ 77.650507717000096, 13.190229005000106 ], [ 77.653094254000166, 13.188918431 ], [ 77.653582602000085, 13.188674439000067 ], [ 77.654038841000045, 13.188444590000131 ], [ 77.661389373000191, 13.184472554000138 ], [ 77.661938169000166, 13.184767126000168 ], [ 77.662563043000148, 13.18510253200003 ], [ 77.663655077000101, 13.185691450000093 ], [ 77.664161043000036, 13.185851349000075 ], [ 77.664303234000158, 13.18581294400019 ], [ 77.664714114000049, 13.18570196700017 ], [ 77.664762807999978, 13.185726652000142 ], [ 77.665220646000023, 13.18585093300004 ], [ 77.6657750440001, 13.185648626999978 ], [ 77.666551034000179, 13.185362888000043 ], [ 77.66731599000002, 13.185081209000145 ], [ 77.667399016000161, 13.185050635999971 ], [ 77.667539209000097, 13.185503985000082 ], [ 77.667557715000044, 13.185563829000102 ], [ 77.667566931000124, 13.18556000600006 ], [ 77.667788427000119, 13.185494034999977 ], [ 77.667903338000144, 13.185459810000111 ], [ 77.668090174000156, 13.185404162000111 ], [ 77.668331390000048, 13.185332318 ], [ 77.668361541000138, 13.1853311160001 ], [ 77.66871096300008, 13.185317227000098 ], [ 77.668893749000119, 13.18530540800009 ], [ 77.670996622000132, 13.185296099000141 ], [ 77.671000651000156, 13.185350718000109 ], [ 77.671019837000188, 13.185639294 ], [ 77.671181531000059, 13.185686646000022 ], [ 77.671181490000151, 13.185690345000069 ], [ 77.671180667000158, 13.185755848999975 ], [ 77.671175065000057, 13.18620170600019 ], [ 77.671167395000111, 13.186807930999976 ], [ 77.671165729000165, 13.186939657000039 ], [ 77.671164998000165, 13.186980883000103 ], [ 77.67115257200004, 13.187712534000127 ], [ 77.671158919000106, 13.18806398900017 ], [ 77.671164537000038, 13.188374984000063 ], [ 77.671176998000135, 13.189203243000122 ], [ 77.671175737000112, 13.189532747000044 ], [ 77.671174505000181, 13.189855106000152 ], [ 77.671177373000035, 13.190086962000123 ], [ 77.671177526000179, 13.190099334000081 ], [ 77.671182515000112, 13.190560645000176 ], [ 77.671190337000041, 13.191430153000169 ], [ 77.671191721000184, 13.191509199000109 ], [ 77.671236302000068, 13.191487119000101 ], [ 77.671237635000068, 13.191656235000039 ], [ 77.671238347000099, 13.191746624000132 ], [ 77.672036457000104, 13.191282700000158 ], [ 77.672187970000095, 13.191194629000051 ], [ 77.673068556000146, 13.19068275900014 ], [ 77.673260061000065, 13.190566389000082 ], [ 77.673307960000045, 13.190537563000021 ], [ 77.673418844000139, 13.190471285000058 ], [ 77.673506076000081, 13.190419582000118 ], [ 77.673922283000138, 13.190276800000049 ], [ 77.674364105000109, 13.190210734000061 ], [ 77.674965619000147, 13.190376248000121 ], [ 77.67500988900008, 13.190388428000063 ], [ 77.675356581000187, 13.190495166000176 ], [ 77.67543050900008, 13.190318738000144 ], [ 77.675685891000057, 13.190334970000038 ], [ 77.675737006000134, 13.190338219000068 ], [ 77.676585246000116, 13.190489639000134 ], [ 77.676640151000129, 13.190498989000048 ], [ 77.676727816000039, 13.190513922000093 ], [ 77.67679323200008, 13.190524949000064 ], [ 77.677256410000041, 13.190580114000113 ], [ 77.677763320000054, 13.190640487 ], [ 77.678886454000121, 13.190776404000189 ], [ 77.678927054999974, 13.190781318000063 ], [ 77.67894097400017, 13.190785087000108 ], [ 77.679336402000047, 13.190892128000144 ], [ 77.679356902000109, 13.190890087000071 ], [ 77.679768398000078, 13.190859798000133 ], [ 77.679810101000044, 13.190856729000132 ], [ 77.679823491000093, 13.19085888900014 ], [ 77.680110434000142, 13.190905167999972 ], [ 77.680483599000183, 13.190965299000084 ], [ 77.680535657000064, 13.190973687000053 ], [ 77.680786612000134, 13.191022376000092 ], [ 77.680961621000108, 13.191056312000057 ], [ 77.680988963000061, 13.191061614000148 ], [ 77.681159886000103, 13.191094741000143 ], [ 77.681747840000071, 13.191208559000131 ], [ 77.681791365000038, 13.191216985000096 ], [ 77.682486434000054, 13.191331268000056 ], [ 77.682823714999984, 13.191404234000061 ], [ 77.682867045000194, 13.191413608000119 ], [ 77.682991601000197, 13.191436307000117 ], [ 77.683654045000139, 13.191666158999965 ], [ 77.68364697700008, 13.191672975000188 ], [ 77.683654896000121, 13.191677914000138 ], [ 77.68365878100019, 13.191680337999969 ], [ 77.684206914000129, 13.192032883000138 ], [ 77.68689934300005, 13.19376029200015 ], [ 77.686900831000173, 13.193806079000126 ], [ 77.686943036000059, 13.195104497000045 ], [ 77.686950703000036, 13.195340344000158 ], [ 77.686951334000184, 13.195354971000029 ], [ 77.687005833000171, 13.196586094000168 ], [ 77.687101835000135, 13.198646572000143 ], [ 77.687057424999978, 13.199299871000107 ], [ 77.687035940999976, 13.19961592500016 ], [ 77.687011092000148, 13.199981456000103 ], [ 77.686998998000035, 13.2001595320001 ], [ 77.68683952900011, 13.202507169000057 ], [ 77.686867064000126, 13.202598228000056 ], [ 77.687007595000125, 13.203063027000042 ], [ 77.687106917, 13.203057954000087 ], [ 77.689499252000132, 13.202935748000129 ], [ 77.689670018000072, 13.202927024000076 ], [ 77.689732576000097, 13.202923901000077 ], [ 77.689885333000063, 13.202924967 ], [ 77.689893911000013, 13.202924304000021 ], [ 77.690488580000135, 13.202878434000183 ], [ 77.692533745000162, 13.198733835000155 ], [ 77.692612957000108, 13.198550079000029 ], [ 77.692668790000198, 13.198440053000184 ], [ 77.694615597999984, 13.194603555000185 ], [ 77.694798352000191, 13.194273512000166 ], [ 77.695369909000135, 13.193888631 ], [ 77.695484090000093, 13.193810780000035 ], [ 77.695625537000183, 13.193714339000167 ], [ 77.696852774000035, 13.192866665 ], [ 77.696983481000075, 13.192769772000077 ], [ 77.697021607000011, 13.192741509000143 ], [ 77.69738247000015, 13.192473005000124 ], [ 77.69752220200013, 13.19236879500005 ], [ 77.697882035000191, 13.192100068000059 ], [ 77.697907122, 13.192081333000033 ], [ 77.69854628000013, 13.192053309000016 ], [ 77.699233825000135, 13.1920231040001 ], [ 77.699258781000026, 13.192022007000105 ], [ 77.699183935000065, 13.191641007000044 ], [ 77.699182986999972, 13.191636175000156 ], [ 77.699384169000098, 13.191536391000056 ], [ 77.699439007000194, 13.191509191000137 ], [ 77.699441885000113, 13.191508776000035 ], [ 77.699473232000116, 13.191492898000092 ], [ 77.699514268000144, 13.191472111999985 ], [ 77.699439548000157, 13.191227095000045 ], [ 77.699413779000054, 13.191138400000114 ], [ 77.699320193000176, 13.190816280000092 ], [ 77.699336946000187, 13.190806972000019 ], [ 77.699610757000016, 13.190654845000154 ], [ 77.699943292000114, 13.190312316000131 ], [ 77.699984496000127, 13.190269873000091 ], [ 77.699988052000094, 13.190269489000059 ], [ 77.700105981000149, 13.190256783000052 ], [ 77.700108847000195, 13.190256474000137 ], [ 77.700140497000177, 13.190253063000114 ], [ 77.700193413000079, 13.190247361 ], [ 77.70036758700013, 13.190228593000029 ], [ 77.700373792, 13.190227924000055 ], [ 77.700622777000092, 13.190201093999974 ], [ 77.700785801000109, 13.190169936000075 ], [ 77.700789761000067, 13.19016918 ], [ 77.701097391000133, 13.190110381000011 ], [ 77.701548450000018, 13.189989714000092 ], [ 77.701925110000104, 13.189934480000147 ], [ 77.702070719000176, 13.189919488000157 ], [ 77.702073762000168, 13.189919176000103 ], [ 77.702615378000019, 13.189863433000028 ], [ 77.703231810000034, 13.189733247000106 ], [ 77.703261443000088, 13.189726988000189 ], [ 77.704371369000114, 13.18980610300008 ], [ 77.704373169000064, 13.189806231000091 ], [ 77.705376388000047, 13.189877926000065 ], [ 77.705388743000071, 13.189878805000035 ], [ 77.70551774200004, 13.189887987000134 ], [ 77.706304879000015, 13.189938338000104 ], [ 77.706315002000053, 13.189938983000047 ], [ 77.707565178000152, 13.19001859399998 ], [ 77.707572971000161, 13.190019089000145 ], [ 77.708123883999974, 13.190054062000058 ], [ 77.70839584700019, 13.190071304000071 ], [ 77.708956040000089, 13.190235953000126 ], [ 77.709129202000042, 13.190455082000028 ], [ 77.709143175000065, 13.190472764000106 ], [ 77.709743188000061, 13.191232056000047 ], [ 77.709757825999986, 13.191250579000041 ], [ 77.711811824000165, 13.193984171000125 ], [ 77.711852635000071, 13.194038484000089 ], [ 77.712961524000036, 13.195515999000179 ], [ 77.713036306000049, 13.195615647000068 ], [ 77.713091027000189, 13.195688566000172 ], [ 77.71349135100013, 13.196221987000172 ], [ 77.713549518000036, 13.196299495000176 ], [ 77.714031008000063, 13.196167165000077 ], [ 77.714166963000025, 13.196129798000072 ], [ 77.718722873000047, 13.194877597000129 ], [ 77.718893527000148, 13.19483069000006 ], [ 77.723962161000145, 13.193437458000062 ], [ 77.724092388000145, 13.193401662000156 ], [ 77.724117564000096, 13.193394740000087 ], [ 77.724177394000094, 13.193378294000127 ], [ 77.725137875000087, 13.193114269000091 ], [ 77.726043162999986, 13.192865412000174 ], [ 77.726059732000067, 13.192860858000131 ], [ 77.726066871, 13.192858896000189 ], [ 77.72641764399998, 13.192761302000065 ], [ 77.726521792000085, 13.192732293000063 ], [ 77.726575206000064, 13.192717415000118 ], [ 77.727242539000144, 13.192529104000073 ], [ 77.727267683000093, 13.192511251000099 ], [ 77.727429413000152, 13.191988466999987 ], [ 77.727429947000189, 13.191986740000118 ], [ 77.728187860000105, 13.189536894000128 ], [ 77.728731334000145, 13.187780175000171 ], [ 77.72909996500016, 13.186588608000079 ], [ 77.729196191000142, 13.186277583000162 ], [ 77.729336929000056, 13.185822692000102 ], [ 77.729282708000085, 13.185752146000141 ], [ 77.729127229000085, 13.185320192000063 ], [ 77.729065060000039, 13.185062985000059 ], [ 77.729037097000116, 13.184947258000136 ], [ 77.728756885, 13.183787555000038 ], [ 77.728613413000062, 13.183193259000063 ], [ 77.728291582000168, 13.182089525000038 ], [ 77.728276572000141, 13.182038072000125 ], [ 77.728269245000149, 13.18201714300011 ], [ 77.728048370000124, 13.181386438000061 ], [ 77.727942193000104, 13.180825894 ], [ 77.727922251000052, 13.180720523000105 ], [ 77.727913573000023, 13.180674652000107 ], [ 77.727782509000065, 13.180079703 ], [ 77.727773383000169, 13.180038228000058 ], [ 77.727640362000102, 13.179514384000015 ], [ 77.727630484000144, 13.179475436000189 ], [ 77.727442183000107, 13.178993702000128 ], [ 77.727438533000168, 13.178984355000125 ], [ 77.727433073999975, 13.178970378000145 ], [ 77.727388642000051, 13.178801145000079 ], [ 77.727334308000195, 13.178593962000093 ], [ 77.727260047000129, 13.178184429000055 ], [ 77.727130674000193, 13.177738138000166 ], [ 77.727025991000176, 13.17731017400007 ], [ 77.726963467000132, 13.176969149000058 ], [ 77.726867085000151, 13.176653571000031 ], [ 77.726775863000057, 13.176331732000165 ], [ 77.72673564400003, 13.176263659000085 ], [ 77.726696823000111, 13.176197951000177 ], [ 77.726618732000134, 13.176085562000026 ], [ 77.728818292000199, 13.174554314000147 ], [ 77.730171235000171, 13.173570130000087 ], [ 77.73018083900007, 13.173563144000013 ], [ 77.730259049000153, 13.173506583000062 ], [ 77.730029952000109, 13.172831841 ], [ 77.72985139300016, 13.172304613999984 ], [ 77.729842765000171, 13.172279083000092 ], [ 77.729815760000122, 13.172199171000045 ], [ 77.729788777000124, 13.172143560000166 ], [ 77.729736511000056, 13.172083275000091 ], [ 77.729225634000159, 13.171496873000024 ], [ 77.729221345000099, 13.171491970000091 ], [ 77.728506423000056, 13.170684376000054 ], [ 77.728418276000127, 13.170587853000143 ], [ 77.728268596000191, 13.170423953000068 ], [ 77.72803559700003, 13.170146100000125 ], [ 77.727444938000076, 13.169450300999983 ], [ 77.727408285000138, 13.16940498200006 ], [ 77.727274422, 13.169239470000036 ], [ 77.727277263000133, 13.169192722000105 ], [ 77.727281591000178, 13.169118432000175 ], [ 77.727469263000046, 13.168890215000033 ], [ 77.727483943000038, 13.168872366000073 ], [ 77.727765173000193, 13.168534881000085 ], [ 77.72778747000018, 13.168518804000087 ], [ 77.727803642000083, 13.168507036000051 ], [ 77.728251560000047, 13.168181103000165 ], [ 77.728273831000195, 13.168164644000115 ], [ 77.728326542000048, 13.16812529200007 ], [ 77.728574251000168, 13.16794036400006 ], [ 77.728601711000124, 13.167868279 ], [ 77.728622200000132, 13.167814497 ], [ 77.728653712000096, 13.167731617000072 ], [ 77.728848499000151, 13.167219318000036 ], [ 77.728870005000147, 13.167187559000183 ], [ 77.729244436000101, 13.166634597999973 ], [ 77.729344966000099, 13.166494187000183 ], [ 77.729554580000183, 13.166201415000103 ], [ 77.729583359000173, 13.166161112000054 ], [ 77.729666080000186, 13.166045264000104 ], [ 77.729551064000077, 13.165946083000165 ], [ 77.729584990000035, 13.165924905000168 ], [ 77.729944505000049, 13.165700477000087 ], [ 77.729963620000092, 13.165688497000133 ], [ 77.730700210000123, 13.165226846000053 ], [ 77.730750663000151, 13.165195181000172 ], [ 77.730304137000132, 13.164290259000097 ], [ 77.729389961000152, 13.162437576 ], [ 77.729357493000123, 13.162373906000084 ], [ 77.729356405000033, 13.162371766999968 ], [ 77.729334873000028, 13.162329438000143 ], [ 77.729149163000159, 13.161980269000082 ], [ 77.729085280999982, 13.161850179000169 ], [ 77.729084001000103, 13.161847573000159 ], [ 77.729150297000047, 13.16181318200006 ], [ 77.729285400000151, 13.161742653000147 ], [ 77.729320128000154, 13.161740562999967 ], [ 77.72939992, 13.16173569 ], [ 77.729482934000146, 13.161730517000024 ], [ 77.729495969000084, 13.161729704000038 ], [ 77.729532092000113, 13.161678857000027 ], [ 77.72954065700003, 13.161666805000095 ], [ 77.729556412000193, 13.161644633000037 ], [ 77.729587868000124, 13.161600378 ], [ 77.729595526000196, 13.161589605000131 ], [ 77.729795012000181, 13.161466658000165 ], [ 77.730703774000062, 13.161032626000122 ], [ 77.730815915000051, 13.160977533000107 ], [ 77.730820566000148, 13.16097524800017 ], [ 77.731028698000159, 13.160802018000027 ], [ 77.731087782000031, 13.160755245000189 ], [ 77.731140483000047, 13.160713832000056 ], [ 77.731202609000036, 13.160665014000074 ], [ 77.73143565100014, 13.160746375000144 ], [ 77.731446342000027, 13.160750109000105 ], [ 77.731515974000104, 13.160657150000134 ], [ 77.731527411000116, 13.160641882000107 ], [ 77.731736788000092, 13.1603627880001 ], [ 77.731779825000046, 13.160305420000157 ], [ 77.731790563, 13.160291107000148 ], [ 77.73179208300013, 13.160289082000077 ], [ 77.731842830000176, 13.16029912800019 ], [ 77.731933868000056, 13.160317150000083 ], [ 77.732049351000114, 13.160340009000095 ], [ 77.732101862000093, 13.160349741 ], [ 77.732178623000152, 13.160363969000116 ], [ 77.73245630800011, 13.160283869000068 ], [ 77.733167109000078, 13.160068400000114 ], [ 77.733418529000062, 13.160103696000022 ], [ 77.733411209000167, 13.160067303000119 ], [ 77.733379318000118, 13.159908764000022 ], [ 77.733374405000177, 13.159884344000147 ], [ 77.733370889000014, 13.159866867 ], [ 77.733411448000084, 13.159858777000068 ], [ 77.733404022, 13.159824994000019 ], [ 77.733271860000116, 13.159553059000189 ], [ 77.733168866000085, 13.159339948000024 ], [ 77.732797122000079, 13.158994171000131 ], [ 77.732692763000045, 13.158896632000108 ], [ 77.732680498000036, 13.158843282000134 ], [ 77.732723548000195, 13.158773907000182 ], [ 77.732711043000165, 13.158742167000071 ], [ 77.732649969000079, 13.158587173 ], [ 77.732598693999989, 13.1584570710001 ], [ 77.732309947000033, 13.158481989 ], [ 77.732298347000096, 13.158483008000189 ], [ 77.732245921000015, 13.158363322000071 ], [ 77.732168505, 13.158186704 ], [ 77.732117279000079, 13.15806984000011 ], [ 77.732047112000032, 13.157909919000133 ], [ 77.732041748000086, 13.157897693000166 ], [ 77.731758244000105, 13.157986468000161 ], [ 77.731475239000019, 13.157629611 ], [ 77.731457547000161, 13.157607610000071 ], [ 77.731274755000129, 13.157380035000131 ], [ 77.731086454000092, 13.157102893000115 ], [ 77.730081119000147, 13.155602729000179 ], [ 77.730045679000057, 13.155548605000149 ], [ 77.73004197, 13.155453962000024 ], [ 77.730040855000198, 13.15542548000019 ], [ 77.729615231000139, 13.153221361000135 ], [ 77.729595858000039, 13.153134273000035 ], [ 77.729585392000104, 13.153087216000131 ], [ 77.729557302000046, 13.15296092300008 ], [ 77.729475501000138, 13.152593141000011 ], [ 77.729460602000074, 13.152526192999971 ], [ 77.729434800000035, 13.152255781000179 ], [ 77.729429717000073, 13.152202079000176 ], [ 77.729359662000036, 13.151461851000022 ], [ 77.729335574, 13.151207305000128 ], [ 77.729329434000022, 13.151140327000064 ], [ 77.729326208000145, 13.151105143 ], [ 77.729294082000138, 13.150929551000047 ], [ 77.729146286000173, 13.150121736000074 ], [ 77.729141766000168, 13.150097002000166 ], [ 77.729136304000065, 13.15006710800003 ], [ 77.728919905000168, 13.148944375000099 ], [ 77.728914809000116, 13.148921232000077 ], [ 77.728658449000022, 13.147757127000091 ], [ 77.728644923000161, 13.147695712000086 ], [ 77.728643427000065, 13.147689170000092 ], [ 77.728546467000172, 13.14707440300009 ], [ 77.728505985000197, 13.146817731 ], [ 77.728469337000035, 13.146497817000181 ], [ 77.728465465000056, 13.146464815000115 ], [ 77.728395208, 13.145783143000017 ], [ 77.728395435000152, 13.145782906000079 ], [ 77.728395976000058, 13.145782328000053 ], [ 77.728412227000092, 13.145747605000111 ], [ 77.729105363000087, 13.145588391999979 ], [ 77.729288810000071, 13.14554808400004 ], [ 77.729559662000099, 13.145491245000017 ], [ 77.730427955000096, 13.145307445000128 ], [ 77.73047497500005, 13.145298218000164 ], [ 77.730660987000192, 13.145261472000129 ], [ 77.730661048000115, 13.145261460000143 ], [ 77.730661107000174, 13.145261449000031 ], [ 77.731657132000066, 13.145060831000137 ], [ 77.731743637000022, 13.145043376 ], [ 77.732496852000111, 13.144891398000027 ], [ 77.732978318000164, 13.144817835000083 ], [ 77.732987225999977, 13.144791608000162 ], [ 77.733003347000192, 13.144744152000101 ], [ 77.733010390000118, 13.144723424000176 ], [ 77.733058925000137, 13.144580628000085 ], [ 77.733613266000134, 13.142957639000031 ], [ 77.733638244000019, 13.142945509000072 ], [ 77.733774406000123, 13.142879442000037 ], [ 77.733772434000116, 13.142869863000044 ], [ 77.733678909000105, 13.142415416000176 ], [ 77.733664454000063, 13.142345175000116 ], [ 77.733651017000113, 13.142274732000089 ], [ 77.733601296000188, 13.142014022000183 ], [ 77.733349913000097, 13.140691201999971 ], [ 77.73326361900007, 13.140230645000145 ], [ 77.733019137000042, 13.139817081000047 ], [ 77.732661068000198, 13.139204250000034 ], [ 77.732607647000123, 13.13911282000015 ], [ 77.732465766000189, 13.138873376000049 ], [ 77.732099633000189, 13.138257999000189 ], [ 77.731711049000182, 13.137607440000068 ], [ 77.731651554000166, 13.137508122000042 ], [ 77.731162977000167, 13.136696044000189 ], [ 77.729802816000131, 13.134480318000158 ], [ 77.729656064000096, 13.134246032000135 ], [ 77.729060305000075, 13.133290694000152 ], [ 77.729166717000169, 13.133074233000116 ], [ 77.729465481000034, 13.132466499999964 ], [ 77.730028615000094, 13.131328843000119 ], [ 77.730033337000123, 13.131319013000166 ], [ 77.724102895000044, 13.125409186000127 ], [ 77.724636055000133, 13.125552023000125 ], [ 77.724952866000137, 13.125636898000153 ], [ 77.726217834000181, 13.12592905300005 ], [ 77.726745412000128, 13.126050901000042 ], [ 77.726893141000176, 13.125991445000068 ], [ 77.72709052100015, 13.125912008000171 ], [ 77.729263907000018, 13.125037288999977 ], [ 77.729681166000034, 13.124869553000167 ], [ 77.729799440000193, 13.124821833000112 ], [ 77.730668870000045, 13.124471042000152 ], [ 77.730706175000194, 13.124456683000119 ], [ 77.73102141600009, 13.124335267 ], [ 77.731104880000032, 13.124303178000105 ], [ 77.73112908700017, 13.124293879000106 ], [ 77.73129090600014, 13.124231720000068 ], [ 77.731907643000113, 13.123993228000018 ], [ 77.73222288900007, 13.12386202800019 ], [ 77.732270073000109, 13.123842403000083 ], [ 77.733305729000165, 13.12341162000007 ], [ 77.733584354000186, 13.123295724000059 ], [ 77.733580392000079, 13.123240045000159 ], [ 77.733577781000122, 13.123203095000122 ], [ 77.733478281000032, 13.121795093000173 ], [ 77.733335667000119, 13.11996936800017 ], [ 77.733322411000131, 13.119911610000031 ], [ 77.732931717000099, 13.118209560000025 ], [ 77.732916819000138, 13.118144665000102 ], [ 77.732529772000191, 13.116273862000128 ], [ 77.732108349000043, 13.114322749000053 ], [ 77.732161928000096, 13.114342076000128 ], [ 77.732301611000196, 13.114348171000017 ], [ 77.736317830000075, 13.114530961000071 ], [ 77.736366126000178, 13.11456327500008 ], [ 77.74477304100003, 13.115119785000104 ], [ 77.745783031000087, 13.115428432000158 ], [ 77.745785656000066, 13.115429236000011 ], [ 77.747867647000135, 13.116066995000153 ], [ 77.74788009100007, 13.11604006500005 ], [ 77.747921814000051, 13.11599652600006 ], [ 77.748106183000118, 13.115803596000092 ], [ 77.750463216000185, 13.114470378000078 ], [ 77.751736491000145, 13.114364636000062 ], [ 77.751947661000031, 13.114347098000053 ], [ 77.752098522000153, 13.114334565000149 ], [ 77.752167803000077, 13.114328807000049 ], [ 77.752223051000044, 13.114324216999989 ], [ 77.752664448000075, 13.114145550000046 ], [ 77.752692099000114, 13.114134358 ], [ 77.753681324000183, 13.113734729999976 ], [ 77.753760155000066, 13.11385051200017 ], [ 77.754025519000152, 13.113620390000108 ], [ 77.754054996000036, 13.113473744999965 ], [ 77.754126855000038, 13.113475145000109 ], [ 77.754201440000031, 13.113476598000148 ], [ 77.754337541000041, 13.113479231999975 ], [ 77.754631358000097, 13.113317839000047 ], [ 77.754756816000167, 13.113326278000102 ], [ 77.754778919000159, 13.113327763000143 ], [ 77.755213949000051, 13.113356782000153 ], [ 77.755393546000107, 13.113409803000025 ], [ 77.755420878000052, 13.113417664000053 ], [ 77.755982938000045, 13.113579319 ], [ 77.756173791000094, 13.11356335500011 ], [ 77.756265178000092, 13.113555738000116 ], [ 77.758868406000033, 13.113338754000097 ], [ 77.758907163000117, 13.113335523000103 ], [ 77.758972484000083, 13.113330077000171 ], [ 77.759078489000103, 13.113431186000071 ], [ 77.75920319, 13.113550129999965 ], [ 77.75924177100012, 13.113585461000184 ], [ 77.759428557000092, 13.113721915999974 ], [ 77.759559805000094, 13.113817798000127 ], [ 77.760587571000087, 13.113355668000054 ], [ 77.761633988000028, 13.112873961000105 ], [ 77.761765672000138, 13.112812842000096 ], [ 77.761786330000064, 13.112803243000087 ], [ 77.761980685000026, 13.112717494000037 ], [ 77.762136853000186, 13.112409088000106 ], [ 77.763596866000114, 13.109500974000184 ], [ 77.763815385000157, 13.10926819000008 ], [ 77.763912582000103, 13.109164649000149 ], [ 77.763863487000037, 13.108864455000173 ], [ 77.763937542000065, 13.108791243000155 ], [ 77.764017253000134, 13.10871244000009 ], [ 77.764152337000155, 13.108736563000036 ], [ 77.764524977000065, 13.108370475000129 ], [ 77.765490498000133, 13.108363694000047 ], [ 77.766499082000053, 13.107628687000044 ], [ 77.76641923700015, 13.107357082000078 ], [ 77.765824828000063, 13.105879263000077 ], [ 77.765332292000153, 13.104679981000174 ], [ 77.764461682000046, 13.104341576000138 ], [ 77.764480489000107, 13.103405681000027 ], [ 77.764143188, 13.102677952000136 ], [ 77.764138090000131, 13.102548945000024 ], [ 77.76468367200016, 13.101621738000176 ], [ 77.764798095000117, 13.101387483000053 ], [ 77.764619985000138, 13.10050389100013 ], [ 77.764640058000111, 13.100057009000068 ], [ 77.764652207000097, 13.099786537999989 ], [ 77.764646696999989, 13.09896562400013 ], [ 77.764679601000068, 13.098309209000092 ], [ 77.765296818000081, 13.097574826000141 ], [ 77.765607618000047, 13.096803577 ], [ 77.765288697000187, 13.095616408000126 ], [ 77.765220931000101, 13.095364153000105 ], [ 77.764948090000189, 13.094844907000152 ], [ 77.7649415570001, 13.0947445380001 ], [ 77.764909991000138, 13.094724521000103 ], [ 77.764893109000127, 13.094713816000024 ], [ 77.765685064000024, 13.092230875000041 ], [ 77.766255945000125, 13.090445176000173 ], [ 77.766282835000197, 13.090361064000149 ], [ 77.76637600600003, 13.090069629000084 ], [ 77.7669052440001, 13.088407195000059 ], [ 77.766910172000166, 13.088391350000052 ], [ 77.76692034600012, 13.088358502000176 ], [ 77.766922903000079, 13.088085985000077 ], [ 77.765940977000184, 13.083345854000015 ], [ 77.765921239000136, 13.083250569000029 ], [ 77.76571552200005, 13.082257454000057 ], [ 77.76555496900005, 13.081482369000128 ], [ 77.765553383000054, 13.081474710000123 ], [ 77.765500593000127, 13.081474197000148 ], [ 77.760253929000157, 13.081420993 ], [ 77.760168743000065, 13.081420128000047 ], [ 77.760155298000086, 13.081419992 ], [ 77.760188753000136, 13.081255308000095 ], [ 77.760899406000192, 13.077760272000091 ], [ 77.760901151999974, 13.077751682999974 ], [ 77.760617381000031, 13.077722958000038 ], [ 77.759324682000113, 13.077588972000115 ], [ 77.759301322000113, 13.077586551000024 ], [ 77.759177407000095, 13.077573707 ], [ 77.759026390000145, 13.077535777000094 ], [ 77.758979068000144, 13.077464239 ], [ 77.758949499000096, 13.077419539000061 ], [ 77.758940407000011, 13.077405792999969 ], [ 77.759098743000152, 13.076809489000027 ], [ 77.759312328000135, 13.075986022 ], [ 77.759377845000188, 13.075733421000166 ], [ 77.759379016000196, 13.075728908000031 ], [ 77.758691058000068, 13.075327540000046 ], [ 77.758528800000192, 13.075182769000094 ], [ 77.758418011000174, 13.075012008000044 ], [ 77.758371709000073, 13.074482767000063 ], [ 77.758356231, 13.074067460000094 ], [ 77.758350442000165, 13.073912125000106 ], [ 77.758349169000155, 13.073738342000013 ], [ 77.758601858000191, 13.073633003999987 ], [ 77.759054228000139, 13.073447457000043 ], [ 77.75964825200009, 13.073207753000077 ], [ 77.76011377500015, 13.073005802000182 ], [ 77.760262524999973, 13.072941321000087 ], [ 77.760120131000122, 13.072704884000132 ], [ 77.760109743000157, 13.072688181000103 ], [ 77.760148824999987, 13.072669371000131 ], [ 77.760450239000079, 13.072496295 ], [ 77.760704467000153, 13.072350602000142 ], [ 77.760910207000109, 13.072206605000019 ], [ 77.761060617000112, 13.072101418000102 ], [ 77.761213308000038, 13.071967397000151 ], [ 77.761399838000045, 13.07184625400015 ], [ 77.761593078000033, 13.071716950000109 ], [ 77.761749466000197, 13.071591480000052 ], [ 77.761876810000047, 13.071504023000159 ], [ 77.762113569, 13.071328436000101 ], [ 77.762723785000048, 13.070859023000082 ], [ 77.762838744000078, 13.070771149999985 ], [ 77.762909876000094, 13.070525288999988 ], [ 77.762940378000167, 13.070419807000178 ], [ 77.763089659000173, 13.070214275000012 ], [ 77.76382041100004, 13.069023502 ], [ 77.764981539000189, 13.067612589000078 ], [ 77.765114552000114, 13.067450960000087 ], [ 77.765617595000037, 13.066839694000123 ], [ 77.765716290000114, 13.066682743000058 ], [ 77.765720939000062, 13.06667535400004 ], [ 77.765765325000189, 13.066609362000122 ], [ 77.766168330000085, 13.065739374000032 ], [ 77.766715905000183, 13.065133932000037 ], [ 77.766699776000166, 13.065018779000013 ], [ 77.766819343000179, 13.064754899000036 ], [ 77.766876260000174, 13.064629619000186 ], [ 77.767049389000022, 13.064629769000021 ], [ 77.767245425000112, 13.064631229000099 ], [ 77.767942217000041, 13.06290153499998 ], [ 77.767841846000124, 13.06281522200004 ], [ 77.767906080000159, 13.059981799000184 ], [ 77.767910882000194, 13.059769933000041 ], [ 77.767963518000101, 13.057448246000092 ], [ 77.767975232000197, 13.057232817999989 ], [ 77.767988501000104, 13.056971890000113 ], [ 77.768291611000166, 13.05667960500017 ], [ 77.768333959000074, 13.056638769000131 ], [ 77.768340789000149, 13.056632203000163 ], [ 77.768377212000019, 13.056484138000087 ], [ 77.768414121000148, 13.056334082999967 ], [ 77.768476870000086, 13.056350714000018 ], [ 77.768540664000056, 13.056367895000108 ], [ 77.768710910000095, 13.056414608000182 ], [ 77.76878153600012, 13.056464990000052 ], [ 77.768856975, 13.056518804000063 ], [ 77.76891487600011, 13.056559920000097 ], [ 77.768987884000126, 13.056611763000035 ], [ 77.76906188300012, 13.056664044 ], [ 77.76910567200008, 13.056694864000065 ], [ 77.769165143000123, 13.056655193000097 ], [ 77.769490305000033, 13.056438293000099 ], [ 77.769802231000085, 13.056170070000178 ], [ 77.769831095000143, 13.056144744000051 ], [ 77.769984399000066, 13.056010232000119 ], [ 77.770005568000101, 13.055991657999982 ], [ 77.770000934999985, 13.055979345000139 ], [ 77.769985101000088, 13.055937267000047 ], [ 77.769979805000048, 13.0559232170001 ], [ 77.769948837000129, 13.055841071000032 ], [ 77.76989560800007, 13.055700270000045 ], [ 77.769892813000126, 13.055692876000137 ], [ 77.769885812000155, 13.055350063000105 ], [ 77.769885542000111, 13.055327389000183 ], [ 77.769881194000106, 13.054960804000132 ], [ 77.769946796000056, 13.05488379500008 ], [ 77.769969493000076, 13.054857444000106 ], [ 77.770100987000092, 13.054704792000109 ], [ 77.770402950000118, 13.054354168000032 ], [ 77.770443758000113, 13.054306783000129 ], [ 77.770454052000105, 13.054294829000185 ], [ 77.770522437000182, 13.054215425 ], [ 77.770503564000137, 13.054218525000124 ], [ 77.770477171000152, 13.054222842 ], [ 77.770145035000041, 13.054277173000173 ], [ 77.770147574000134, 13.054250776 ], [ 77.770148232, 13.054243933000066 ], [ 77.770210822000024, 13.053592177000155 ], [ 77.770212357999981, 13.053576147000058 ], [ 77.77022062900005, 13.053489904000116 ], [ 77.770232145000136, 13.053369728000121 ], [ 77.770260110000038, 13.052721991000112 ], [ 77.77032802400015, 13.052488387000096 ], [ 77.770353519000025, 13.052361611000094 ], [ 77.770343327000091, 13.052123962000053 ], [ 77.770313696000017, 13.051985100000138 ], [ 77.770402760000138, 13.05153984500015 ], [ 77.770421199000111, 13.051401463000047 ], [ 77.770423643000186, 13.05138312400004 ], [ 77.770425202000183, 13.051371436000181 ], [ 77.770420647000094, 13.05099207100011 ], [ 77.770443963000048, 13.050829296000074 ], [ 77.770491136000146, 13.0504999690001 ], [ 77.77051248500004, 13.050350933 ], [ 77.770516325000187, 13.050324126000021 ], [ 77.77046973400013, 13.050245949000043 ], [ 77.770454083000175, 13.050219688000084 ], [ 77.770453133000103, 13.050218096000151 ], [ 77.770452182000099, 13.050216502000183 ], [ 77.770440099000098, 13.050196226000082 ], [ 77.770448682, 13.05019375500018 ], [ 77.770513572000027, 13.050175067000055 ], [ 77.770515785000157, 13.050174430000084 ], [ 77.770495340000139, 13.050000327000134 ], [ 77.770490877000043, 13.049962325000024 ], [ 77.770485116000032, 13.049913273000016 ], [ 77.770435177000024, 13.049488020000126 ], [ 77.770432964000122, 13.049469173999967 ], [ 77.770369579000146, 13.049439183000061 ], [ 77.770329633000188, 13.049420283000131 ], [ 77.770322698000086, 13.04941700300003 ], [ 77.770321840000179, 13.049416597000175 ], [ 77.77028152400004, 13.049133986000129 ], [ 77.770272983000154, 13.04907414000013 ], [ 77.770244597999977, 13.048875213000144 ], [ 77.770081724000192, 13.04842236900015 ], [ 77.770067477000168, 13.048382758000173 ], [ 77.770066090000171, 13.048378901000092 ], [ 77.770145485000057, 13.048292550000156 ], [ 77.770465484000169, 13.048291663000157 ], [ 77.770599281000102, 13.048305135000021 ], [ 77.770619947000057, 13.04830721400009 ], [ 77.7707457140001, 13.048319869000181 ], [ 77.771392906000131, 13.048356655000021 ], [ 77.771411784000122, 13.048357727000109 ], [ 77.771505596000054, 13.048363049000045 ], [ 77.771696594000048, 13.048352834000184 ], [ 77.771793796000111, 13.048353927000164 ], [ 77.771803227000078, 13.048354022000069 ], [ 77.771951013000034, 13.048355511000125 ], [ 77.772677715000157, 13.048485765000066 ], [ 77.772689902000195, 13.048487950000151 ], [ 77.772782493000136, 13.048504658000127 ], [ 77.772903621000182, 13.048551997 ], [ 77.772913856000059, 13.048556020000092 ], [ 77.772951232000139, 13.048482952000086 ], [ 77.772978023000121, 13.048430576000044 ], [ 77.77300557500007, 13.048376806000022 ], [ 77.773217124000098, 13.047963929000048 ], [ 77.773354420000089, 13.04779050500008 ], [ 77.773974065000118, 13.047971864999965 ], [ 77.774487879000162, 13.048134624000056 ], [ 77.774532809000164, 13.048148920000187 ], [ 77.774990468000112, 13.048307538000131 ], [ 77.775566661000084, 13.0483338250001 ], [ 77.776001841000038, 13.048340668000037 ], [ 77.776174939000157, 13.048224217000097 ], [ 77.776195403000031, 13.048063481000099 ], [ 77.776250814000093, 13.04763465100018 ], [ 77.776613619000045, 13.047751611000081 ], [ 77.776610531000131, 13.047643683 ], [ 77.776581478000139, 13.047635318000118 ], [ 77.77620264, 13.047526244000153 ], [ 77.775905351000063, 13.047439996000151 ], [ 77.775088627000116, 13.04719097900005 ], [ 77.774898028000109, 13.047132865000037 ], [ 77.774632270000154, 13.047055807000049 ], [ 77.774481829000194, 13.047014779000051 ], [ 77.774346988000161, 13.046978004000096 ], [ 77.77436133499998, 13.046977249000122 ], [ 77.775014727000041, 13.046942898000054 ], [ 77.77505191500012, 13.046940944000028 ], [ 77.775092289999975, 13.04693882100014 ], [ 77.77564276600009, 13.046909881000033 ], [ 77.775808289000167, 13.046845641000061 ], [ 77.775856294000164, 13.046827010000015 ], [ 77.775916412000129, 13.04680367800006 ], [ 77.776623640000025, 13.046554157000116 ], [ 77.776601892000031, 13.046466440000017 ], [ 77.776595730000054, 13.046441588000107 ], [ 77.776475462000064, 13.04595657800013 ], [ 77.776429499000074, 13.045793912000022 ], [ 77.776378644000033, 13.045649273000038 ], [ 77.776357991000168, 13.045590532000062 ], [ 77.776352170000166, 13.045573977000174 ], [ 77.776327362000075, 13.045579719000102 ], [ 77.776325861000032, 13.04557348600008 ], [ 77.776325464000081, 13.045576417 ], [ 77.775924158000066, 13.045650705000128 ], [ 77.775920277000012, 13.045651419000023 ], [ 77.775707659000034, 13.045690487000059 ], [ 77.775677646000133, 13.045696002000057 ], [ 77.775603236000165, 13.045709674000136 ], [ 77.775569621000159, 13.045704967000177 ], [ 77.775112624000087, 13.045639102000166 ], [ 77.774929648000068, 13.045608935000075 ], [ 77.774825565000071, 13.045591776000151 ], [ 77.774799983000037, 13.045676774000071 ], [ 77.774737660000142, 13.045518229000038 ], [ 77.774788112000067, 13.045465374000173 ], [ 77.774855356000103, 13.045394927000132 ], [ 77.774936343000149, 13.045206583000152 ], [ 77.774975271000187, 13.045116054000061 ], [ 77.775329769, 13.044659140000078 ], [ 77.775488961000065, 13.044444426000098 ], [ 77.775562771000125, 13.044344863999981 ], [ 77.77559350000007, 13.044298644000094 ], [ 77.776226118000181, 13.043347134000044 ], [ 77.776253121000195, 13.043306519000168 ], [ 77.776268841000103, 13.043269312000177 ], [ 77.776656411000033, 13.042351967000059 ], [ 77.776715602000195, 13.042211850000115 ], [ 77.777214690000108, 13.041196887000069 ], [ 77.77726263600016, 13.041099476000056 ], [ 77.777491052000073, 13.040370058000121 ], [ 77.777530031000197, 13.040245639000034 ], [ 77.777533477000077, 13.040234637000026 ], [ 77.777592988000151, 13.040044704000024 ], [ 77.777605465000192, 13.04000488700018 ], [ 77.777640646000179, 13.039892617000135 ], [ 77.777655648000177, 13.039844742000184 ], [ 77.777666109000052, 13.03981136200008 ], [ 77.777695133000179, 13.038415002000022 ], [ 77.777695913000059, 13.038377293000167 ], [ 77.777720749000139, 13.038372896000055 ], [ 77.778036749000194, 13.038316940000072 ], [ 77.778476750000095, 13.038239025999985 ], [ 77.778501889000097, 13.038234575999979 ], [ 77.77856488000009, 13.0382232340001 ], [ 77.77864786400005, 13.03817955500017 ], [ 77.778672439, 13.038166612000055 ], [ 77.778674832000149, 13.038077300000111 ], [ 77.778675937000116, 13.03803604899997 ], [ 77.778689649, 13.037523664000162 ], [ 77.778689943000018, 13.037512701000026 ], [ 77.778718192000156, 13.037354893000099 ], [ 77.778880575000187, 13.036447804000147 ], [ 77.77888893800008, 13.036401095000087 ], [ 77.778923404000068, 13.036208606000059 ], [ 77.778933656000049, 13.036151361 ], [ 77.779012253000076, 13.035712490000037 ], [ 77.779029025000057, 13.035618848000126 ], [ 77.779038796000066, 13.035564298000054 ], [ 77.779030950000106, 13.035343529000158 ], [ 77.779027977000112, 13.035259955000186 ], [ 77.779023783000127, 13.035142022000059 ], [ 77.779020917000082, 13.035061553999981 ], [ 77.779013501000179, 13.034853284000178 ], [ 77.779010876000029, 13.034779576000119 ], [ 77.77901080800001, 13.034777665000036 ], [ 77.779003655000054, 13.034576999000137 ], [ 77.779600904000176, 13.034525346000066 ], [ 77.779858858000011, 13.034527397000147 ], [ 77.780679250000048, 13.034526748000133 ], [ 77.780819189000169, 13.034526637000056 ], [ 77.780907453, 13.034526437000068 ], [ 77.781000756000196, 13.034526225000036 ], [ 77.781086519000098, 13.034546291000083 ], [ 77.78112586300017, 13.034555494000074 ], [ 77.781176837000089, 13.034572658000059 ], [ 77.781217642, 13.03458403400009 ], [ 77.781334720000132, 13.03413509700016 ], [ 77.781552947000137, 13.03332741600002 ], [ 77.781272686000136, 13.032846004000021 ], [ 77.781258146000198, 13.032856240000115 ], [ 77.781247792000045, 13.032863528 ], [ 77.781117496000093, 13.032955387000072 ], [ 77.781109269000183, 13.032955668 ], [ 77.780612872000063, 13.032972647000065 ], [ 77.780512871000042, 13.032976068000096 ], [ 77.780501657, 13.032963794000182 ], [ 77.780483256000196, 13.032965512000146 ], [ 77.780308180000077, 13.03277522000019 ], [ 77.780538123000042, 13.032573469999988 ], [ 77.780544737000014, 13.032567666999967 ], [ 77.780386572000168, 13.032519224000168 ], [ 77.780364198000086, 13.032512371 ], [ 77.780326850000051, 13.03248072100007 ], [ 77.780333497000129, 13.032473181000171 ], [ 77.779907112000103, 13.032104414000116 ], [ 77.779850286000055, 13.032055408000133 ], [ 77.779746892, 13.03168444500011 ], [ 77.77974766400007, 13.031518018000099 ], [ 77.779748785000095, 13.031286357 ], [ 77.77974058000018, 13.031261535999988 ], [ 77.779687107000143, 13.03109956600008 ], [ 77.779669802, 13.031103682999969 ], [ 77.779575188000194, 13.031126192000158 ], [ 77.779552621, 13.031131560000063 ], [ 77.779229809000128, 13.030503126000156 ], [ 77.779148590000091, 13.030516127000055 ], [ 77.779113547000122, 13.030521736000082 ], [ 77.779099114000076, 13.030528454000091 ], [ 77.77908495000014, 13.030535047 ], [ 77.779055458000187, 13.030548774000181 ], [ 77.778904839000063, 13.030618865 ], [ 77.77877609300009, 13.030670295 ], [ 77.778761234000171, 13.03067623000004 ], [ 77.778755856000089, 13.03068973500001 ], [ 77.778751272000079, 13.030691777000186 ], [ 77.778746033000061, 13.030705509000086 ], [ 77.778742685000168, 13.030695439000169 ], [ 77.778655263000189, 13.030432709000081 ], [ 77.778670251, 13.030427926000129 ], [ 77.778959124000039, 13.030335739000066 ], [ 77.779003242000101, 13.030321660000027 ], [ 77.779002921000199, 13.030320715000073 ], [ 77.779020343000184, 13.03031557900016 ], [ 77.778860851000161, 13.029838228000187 ], [ 77.778839984000115, 13.029837589000067 ], [ 77.778092296000068, 13.02981465 ], [ 77.778073802000108, 13.029814364000174 ], [ 77.778057503000127, 13.029814110000132 ], [ 77.77805672900007, 13.029820770000185 ], [ 77.77803448800006, 13.030012177000117 ], [ 77.777880703000051, 13.030090521000034 ], [ 77.777879050000195, 13.030084850000151 ], [ 77.777835994000156, 13.02993719 ], [ 77.777834038000037, 13.029868181999973 ], [ 77.777833372000146, 13.029844674000174 ], [ 77.777806162, 13.029848799000092 ], [ 77.777804974000105, 13.029813548999982 ], [ 77.77780408000018, 13.029787179000152 ], [ 77.777802824000105, 13.029749933000062 ], [ 77.777728004000096, 13.029511437000053 ], [ 77.777700693000099, 13.029368311000098 ], [ 77.777665765000052, 13.029185457999972 ], [ 77.777647052000191, 13.029081153000163 ], [ 77.777643787000159, 13.029062951000071 ], [ 77.77759269000012, 13.028778656999975 ], [ 77.777588582000135, 13.028770043000179 ], [ 77.777481913000088, 13.028546362000043 ], [ 77.777478888000132, 13.028515460000165 ], [ 77.777456121000114, 13.028282440000055 ], [ 77.777455821000046, 13.028279367999971 ], [ 77.777335607000055, 13.028283685000076 ], [ 77.777290287000028, 13.028285314000129 ], [ 77.777292269000043, 13.028271043000075 ], [ 77.777307349000068, 13.028162560000112 ], [ 77.777326099000163, 13.028027695000048 ], [ 77.777329861000112, 13.028000644000031 ], [ 77.777254324000182, 13.027774257000033 ], [ 77.777163450000103, 13.027501879000056 ], [ 77.777141885000049, 13.027437234000104 ], [ 77.777094863000059, 13.027105664000032 ], [ 77.777040937000038, 13.026724368000089 ], [ 77.777005877000136, 13.026592001000097 ], [ 77.776958534000073, 13.026412896000124 ], [ 77.776943169000106, 13.026354765000178 ], [ 77.776828004000095, 13.025919075 ], [ 77.776808749000168, 13.025846010000066 ], [ 77.776791862000096, 13.025781881 ], [ 77.776763856000116, 13.025562251000167 ], [ 77.776756681000109, 13.025505795000072 ], [ 77.776817061000145, 13.025520754000183 ], [ 77.776860639, 13.025531549000107 ], [ 77.776911806000101, 13.025544225999965 ], [ 77.776969895000036, 13.025558617 ], [ 77.776985508000166, 13.025556194999979 ], [ 77.777024668000195, 13.025568363000104 ], [ 77.777116191000061, 13.025554487000022 ], [ 77.777113541000176, 13.025546741000085 ], [ 77.776982763000035, 13.025169700000106 ], [ 77.776993789000016, 13.024946868000143 ], [ 77.77699957700014, 13.024829903000125 ], [ 77.776944934000142, 13.024633004000066 ], [ 77.776938734000169, 13.024591979000149 ], [ 77.776947988000074, 13.024358226000118 ], [ 77.776897031000033, 13.024133462000123 ], [ 77.77683147, 13.023844281000095 ], [ 77.776814925000167, 13.023778216000039 ], [ 77.776731274000099, 13.023544283000149 ], [ 77.776724245000139, 13.02352263500012 ], [ 77.776633663999974, 13.023251277000099 ], [ 77.776580707000164, 13.023098345000051 ], [ 77.776567546000194, 13.023060336000185 ], [ 77.776521655000067, 13.022927809000123 ], [ 77.776466671000094, 13.022818501000131 ], [ 77.776325358000065, 13.022542829000088 ], [ 77.776324522000152, 13.02246561200019 ], [ 77.776324211000031, 13.022426943000085 ], [ 77.77632388000012, 13.022338800000171 ], [ 77.776254296000047, 13.022352190000049 ], [ 77.776007727000149, 13.022399639000128 ], [ 77.77507970500011, 13.022578218000092 ], [ 77.774993065000046, 13.022367997000174 ], [ 77.774943265, 13.022247251000124 ], [ 77.774936742000079, 13.022231443000067 ], [ 77.774869737000131, 13.022074376000148 ], [ 77.774858330000029, 13.022047635000149 ], [ 77.774846762000095, 13.021916349000094 ], [ 77.774843923000162, 13.021884139000122 ], [ 77.774823660000152, 13.021780224000111 ], [ 77.774794623000162, 13.021631281000168 ], [ 77.774786033000169, 13.02158721800015 ], [ 77.774783869000146, 13.021495111000092 ], [ 77.774782909000066, 13.021454250000147 ], [ 77.774786158000097, 13.021417605000067 ], [ 77.774798816000043, 13.021275580000122 ], [ 77.774810810000133, 13.021142484000109 ], [ 77.774813938000079, 13.021107778000101 ], [ 77.774783804000037, 13.020944125000142 ], [ 77.774776283000051, 13.020903283000109 ], [ 77.77477537700014, 13.020901678000087 ], [ 77.774743222000097, 13.020844677000071 ], [ 77.774729302000139, 13.020820002999983 ], [ 77.77475210900019, 13.020161784000152 ], [ 77.774754101000156, 13.020104307000111 ], [ 77.774755999000149, 13.020025978000092 ], [ 77.774638467000045, 13.01988011100002 ], [ 77.774561861000052, 13.019725975000085 ], [ 77.774572014000114, 13.019570905000023 ], [ 77.774434067000186, 13.019357086000184 ], [ 77.774348313000189, 13.019385994000118 ], [ 77.77413662500004, 13.019456043000105 ], [ 77.773701918000086, 13.019687595999983 ], [ 77.77337932, 13.019711353000105 ], [ 77.773417436000159, 13.019267718000094 ], [ 77.773421790000157, 13.01921696900007 ], [ 77.773438946000169, 13.01901696800013 ], [ 77.773443657000087, 13.01896256200007 ], [ 77.773444795000046, 13.018949420000013 ], [ 77.773444552000115, 13.01894881700008 ], [ 77.773396047000062, 13.018827992000126 ], [ 77.773373396000068, 13.018771563000143 ], [ 77.773338871000135, 13.018685553000125 ], [ 77.773316841999986, 13.018630665000046 ], [ 77.773043055000187, 13.017948487000069 ], [ 77.773020465000059, 13.017892264000125 ], [ 77.772857704000046, 13.017487179999989 ], [ 77.772860141000137, 13.017443362000108 ], [ 77.772867464000115, 13.017311745000143 ], [ 77.77285957800018, 13.017292646999977 ], [ 77.772826230000078, 13.017211884000176 ], [ 77.772775857000113, 13.017124951000142 ], [ 77.772763372000043, 13.01710340700015 ], [ 77.77274098200013, 13.017073664000065 ], [ 77.772429306000106, 13.01665962300001 ], [ 77.772067666000055, 13.015959260000045 ], [ 77.77206135800003, 13.015946181000118 ], [ 77.771719461000089, 13.015238380000085 ], [ 77.77174385700016, 13.015229670999986 ], [ 77.772125780000067, 13.015093340000021 ], [ 77.772389546, 13.014999788000068 ], [ 77.772513288000141, 13.014956039000083 ], [ 77.772540618000107, 13.014946376000125 ], [ 77.772582206000152, 13.014934501000084 ], [ 77.772831085000064, 13.014863433000073 ], [ 77.77284717200007, 13.014859041000079 ], [ 77.772874586000171, 13.014816824000036 ], [ 77.77315696300019, 13.014381972000137 ], [ 77.773477972000194, 13.01388762900018 ], [ 77.773886882999989, 13.013440991000152 ], [ 77.774063031000196, 13.013248589000057 ], [ 77.774144448000072, 13.013159661000145 ], [ 77.77411644100016, 13.012887914000146 ], [ 77.774068534000037, 13.012423066000053 ], [ 77.774026140000046, 13.012011710000138 ], [ 77.773908252000069, 13.010867830000166 ], [ 77.773903763000135, 13.010824262000085 ], [ 77.773901137000109, 13.010798786000123 ], [ 77.773862418000192, 13.010759337000138 ], [ 77.773800239000138, 13.010695984000165 ], [ 77.773679267000034, 13.010572730000092 ], [ 77.77353445600005, 13.010425188000113 ], [ 77.773399654000116, 13.010287843000015 ], [ 77.773311529000182, 13.010041183000055 ], [ 77.773214089000135, 13.009553302000086 ], [ 77.773193526000114, 13.009220983000034 ], [ 77.773167714000124, 13.008803820000082 ], [ 77.773450470000057, 13.008118922000108 ], [ 77.773414071000161, 13.007524326000066 ], [ 77.773405028000184, 13.007363616000134 ], [ 77.773363780000182, 13.006577441000161 ], [ 77.773354382000093, 13.006398309000076 ], [ 77.773568274000183, 13.006169948000093 ], [ 77.773861001000171, 13.006178272000113 ], [ 77.774178447000168, 13.006346598000164 ], [ 77.774359355, 13.00635972900011 ], [ 77.774477596000111, 13.006307675000073 ], [ 77.774696301000176, 13.006248573000164 ], [ 77.775105296, 13.006041047 ], [ 77.775191616000029, 13.00601790800016 ], [ 77.775266313000088, 13.00599788500017 ], [ 77.775518345000194, 13.00593032400019 ], [ 77.775635928000042, 13.005898804000083 ], [ 77.775755347000086, 13.005866792000063 ], [ 77.775836368000114, 13.005755386000089 ], [ 77.775735704000112, 13.005123706000063 ], [ 77.775710863000086, 13.004643578000127 ], [ 77.775629386000048, 13.004089456000088 ], [ 77.77562384700019, 13.004051785000115 ], [ 77.775596698000186, 13.003802319000044 ], [ 77.775569550000057, 13.003552853000031 ], [ 77.77554849500018, 13.003537258000051 ], [ 77.775448113000039, 13.00346291000011 ], [ 77.775323793000041, 13.003370832000144 ], [ 77.774780670000155, 13.002968566000106 ], [ 77.774482927000122, 13.002933510000048 ], [ 77.774038651000126, 13.003091220000101 ], [ 77.773502610000094, 13.003106512000159 ], [ 77.773459475000152, 13.003099490000068 ], [ 77.773296077000168, 13.003072893000081 ], [ 77.773116815000037, 13.003043713000181 ], [ 77.77308043700009, 13.003034937000166 ], [ 77.772869346000107, 13.002984010000148 ], [ 77.772738758000116, 13.00296978 ], [ 77.772714520000079, 13.002951386000063 ], [ 77.772713821000139, 13.002950855000108 ], [ 77.772641594999982, 13.00289604000011 ], [ 77.772617474000072, 13.002877735000141 ], [ 77.772559453000156, 13.002527406000183 ], [ 77.77292213200019, 13.002061637999986 ], [ 77.773334040000179, 13.001896476000013 ], [ 77.77333507600008, 13.001896062000185 ], [ 77.77344781700009, 13.001851154000178 ], [ 77.773508882999977, 13.001826829000038 ], [ 77.773625574000164, 13.001780348000182 ], [ 77.773652273000152, 13.001769712 ], [ 77.773800340000037, 13.001273893000132 ], [ 77.774199457000122, 13.001155176000168 ], [ 77.774544511000045, 13.001130350000039 ], [ 77.774748294000119, 13.001115686000105 ], [ 77.774748183000042, 13.001101777000088 ], [ 77.774742852000031, 13.000432844000045 ], [ 77.774741434000077, 13.000256511000146 ], [ 77.774737664000156, 12.999787490000131 ], [ 77.774799632000111, 12.999321290000125 ], [ 77.774846393000189, 12.998969506000151 ], [ 77.774951442000088, 12.998178155000119 ], [ 77.774454407000064, 12.997914513000183 ], [ 77.774483381000152, 12.997644771000068 ], [ 77.77449432800006, 12.997542856000052 ], [ 77.7745525200001, 12.997357503999979 ], [ 77.774586365000175, 12.997249696000154 ], [ 77.774638904000142, 12.997082350000142 ], [ 77.774570503000064, 12.996765024000183 ], [ 77.774502102000042, 12.9964476990001 ], [ 77.774655974000154, 12.995758002000173 ], [ 77.774634840000147, 12.995718553000188 ], [ 77.774405640000055, 12.995290716000056 ], [ 77.774382114000048, 12.995157492000033 ], [ 77.774376411, 12.995125208000047 ], [ 77.774359403, 12.995028919000163 ], [ 77.774327195000183, 12.994846573000132 ], [ 77.774278088000131, 12.994568658000162 ], [ 77.774264303000166, 12.994490648000124 ], [ 77.774215271000173, 12.994213182000067 ], [ 77.77416144100016, 12.993908556000065 ], [ 77.774209590000169, 12.993863026000042 ], [ 77.774229494, 12.993844206000063 ], [ 77.774287641000114, 12.993789221000043 ], [ 77.77429512600014, 12.993827166000074 ], [ 77.774351496000179, 12.993773133000161 ], [ 77.774407158000145, 12.993719824000095 ], [ 77.774407044000156, 12.993719156000054 ], [ 77.774400057000037, 12.993678026 ], [ 77.77424058400004, 12.992742594000049 ], [ 77.774186239000073, 12.992423817000088 ], [ 77.774141509000117, 12.99216143700005 ], [ 77.774140948000138, 12.992158142000051 ], [ 77.774110425, 12.99197984 ], [ 77.774118197000121, 12.991886376000082 ], [ 77.774118245000125, 12.991885823000132 ], [ 77.774145212000178, 12.991883918999974 ], [ 77.774469030000148, 12.991861056000118 ], [ 77.775053537000076, 12.99194722600015 ], [ 77.775073332000034, 12.991950145000146 ], [ 77.775452975000064, 12.991760101000068 ], [ 77.775485983000181, 12.991705919000026 ], [ 77.775502864000032, 12.991678210000089 ], [ 77.77560556200018, 12.991509639000128 ], [ 77.775543025000104, 12.990993893000052 ], [ 77.775543399000128, 12.990287220000141 ], [ 77.775721495000084, 12.990031382000097 ], [ 77.775807137000072, 12.989756086000057 ], [ 77.775824315000079, 12.989700868000114 ], [ 77.775885958000117, 12.989502714000025 ], [ 77.775936602000058, 12.989292810999984 ], [ 77.776058254000191, 12.988788606000128 ], [ 77.776152364000154, 12.988260725000032 ], [ 77.776143295000168, 12.988146572000119 ], [ 77.77614268300016, 12.988138855999978 ], [ 77.776128992000167, 12.98796642100001 ], [ 77.7760982100001, 12.987578666 ], [ 77.77606038800019, 12.987453432000109 ], [ 77.77605197600019, 12.987425578000114 ], [ 77.776009343000112, 12.987284432000024 ], [ 77.775990106000052, 12.987159164000104 ], [ 77.775962564000054, 12.986979812000015 ], [ 77.775959961000126, 12.986962822000066 ], [ 77.775941890000126, 12.986973427000123 ], [ 77.775922945000048, 12.986842572000057 ], [ 77.775865834000058, 12.986448043000166 ], [ 77.775972782, 12.986141471000053 ], [ 77.77598369500015, 12.98611018600019 ], [ 77.776159231000065, 12.985778328000094 ], [ 77.776424412000097, 12.985542174999978 ], [ 77.776513669999986, 12.985462688999974 ], [ 77.776722236000012, 12.985344246000068 ], [ 77.776847489000033, 12.985246339000014 ], [ 77.77691339200004, 12.985194827000043 ], [ 77.776828196999986, 12.984988009000176 ], [ 77.776781290000145, 12.984874138000066 ], [ 77.776766859000077, 12.984797215000185 ], [ 77.776564943999972, 12.984318736000091 ], [ 77.776498597000113, 12.984113362000187 ], [ 77.776411947000042, 12.983844949000058 ], [ 77.776354925000135, 12.983526806000157 ], [ 77.776328848000162, 12.983459702000118 ], [ 77.776279376000161, 12.983332358000041 ], [ 77.776276105000136, 12.983323932000076 ], [ 77.776262072000179, 12.983287793000159 ], [ 77.776186985000095, 12.983094349000169 ], [ 77.776132904000121, 12.982954836999966 ], [ 77.776095715000167, 12.98285890000011 ], [ 77.776042646000121, 12.982721998000159 ], [ 77.775758050000036, 12.982496582000181 ], [ 77.775634065000133, 12.982398223000132 ], [ 77.775443461000179, 12.98216499900019 ], [ 77.775441104000095, 12.982162111000093 ], [ 77.77537442900018, 12.98208036300008 ], [ 77.775238357000092, 12.981558272000143 ], [ 77.775233956000193, 12.981397715000128 ], [ 77.775249484000199, 12.981397327000082 ], [ 77.775247222000189, 12.981310365000184 ], [ 77.775065009000116, 12.981136093000146 ], [ 77.774865121000119, 12.980877220000139 ], [ 77.774834004000127, 12.980822961000172 ], [ 77.774700833000054, 12.980590701000096 ], [ 77.774686853000105, 12.980534036000165 ], [ 77.77466827700016, 12.980458735000013 ], [ 77.775031131000162, 12.980278955000074 ], [ 77.775489245000074, 12.980054582000093 ], [ 77.775835021000091, 12.979895923000186 ], [ 77.77601490800015, 12.979695491000143 ], [ 77.77619259800008, 12.979497711000079 ], [ 77.776250943000036, 12.979427216000033 ], [ 77.776270204000127, 12.97940394200009 ], [ 77.77648076000014, 12.979149535999966 ], [ 77.77679164400007, 12.978775024000072 ], [ 77.776885034000031, 12.978662777000125 ], [ 77.776946316000078, 12.978589192000186 ], [ 77.777029519000166, 12.978489380999974 ], [ 77.777275767999981, 12.978401430000076 ], [ 77.777590191000172, 12.978485370000101 ], [ 77.777928191000058, 12.978510217000121 ], [ 77.778148943000019, 12.978428719000135 ], [ 77.778208584000083, 12.978370824000024 ], [ 77.77815362400014, 12.97836125300006 ], [ 77.778173227000082, 12.978342272000134 ], [ 77.778207268000187, 12.978309312000079 ], [ 77.778375853000171, 12.977962677000107 ], [ 77.778416834000097, 12.977799741000126 ], [ 77.778483040000083, 12.977536514000121 ], [ 77.778530664000073, 12.977231918000143 ], [ 77.778496908000136, 12.976948392000111 ], [ 77.778490863000115, 12.976920088999975 ], [ 77.778466638000111, 12.976806679000049 ], [ 77.778462911000076, 12.976789232000101 ], [ 77.77844857000008, 12.976721941000108 ], [ 77.778447957000083, 12.976719066000157 ], [ 77.778331226000091, 12.97656504400004 ], [ 77.778306970000074, 12.976533041000096 ], [ 77.778278432000036, 12.976495385000021 ], [ 77.778269947000126, 12.976486353000155 ], [ 77.778075504000071, 12.976279363000117 ], [ 77.777758743999982, 12.97628295100003 ], [ 77.777402645000109, 12.97643609 ], [ 77.777353908000066, 12.976457048000157 ], [ 77.777173977000189, 12.976483244000178 ], [ 77.777060420000112, 12.976381377 ], [ 77.776917800000035, 12.976253438000185 ], [ 77.776757884000119, 12.976213664000056 ], [ 77.776657661000115, 12.9761885100001 ], [ 77.776504941999974, 12.975977355000168 ], [ 77.776489292000122, 12.97593390000003 ], [ 77.776402023000117, 12.975691595000114 ], [ 77.776266563000092, 12.975316448000115 ], [ 77.77620470200003, 12.975145687000065 ], [ 77.77620167800012, 12.975137342000039 ], [ 77.776222450000091, 12.974992028000088 ], [ 77.776230113000111, 12.974938422000093 ], [ 77.77625001500013, 12.974799196000106 ], [ 77.776251392000177, 12.974789564 ], [ 77.776438337000059, 12.974546320000115 ], [ 77.776542187000132, 12.974492470000143 ], [ 77.776552407000111, 12.974487171000135 ], [ 77.776770697000075, 12.974088467000172 ], [ 77.77678497800008, 12.97406238300016 ], [ 77.777093016000151, 12.973778886000048 ], [ 77.777460361000067, 12.973594302000038 ], [ 77.777498334000143, 12.973575222000079 ], [ 77.777515412000128, 12.973566640000058 ], [ 77.777779566000106, 12.973446492999983 ], [ 77.777931439000156, 12.973329251000052 ], [ 77.777962933000083, 12.973304939 ], [ 77.777986245000079, 12.973268065000184 ], [ 77.778110082000126, 12.973072188 ], [ 77.77822707200005, 12.972962469000095 ], [ 77.778277898000169, 12.972914800000126 ], [ 77.778544571999987, 12.97287749100019 ], [ 77.778795892000176, 12.972813694000138 ], [ 77.778824961, 12.972747837000099 ], [ 77.778923819000056, 12.972523873000057 ], [ 77.778966034000064, 12.972262825000143 ], [ 77.778979289000176, 12.972180857000069 ], [ 77.778980669000134, 12.972172322000176 ], [ 77.77895948400004, 12.972118923000096 ], [ 77.778833787000053, 12.97180207800011 ], [ 77.778708669000196, 12.971502769000097 ], [ 77.778619286000151, 12.971288948000108 ], [ 77.778572280000162, 12.97107083700007 ], [ 77.778529307000099, 12.970871442000032 ], [ 77.77852789300016, 12.97086487700011 ], [ 77.778628373000117, 12.970576879000077 ], [ 77.778823670000179, 12.970404342999984 ], [ 77.779200834000108, 12.9702339910001 ], [ 77.77948874100008, 12.970135732000074 ], [ 77.779699072000142, 12.970096413000078 ], [ 77.779744377000043, 12.970087944 ], [ 77.779878282000027, 12.970062910000081 ], [ 77.780346233000103, 12.969930820000172 ], [ 77.780470122000168, 12.969987510000067 ], [ 77.780504825000094, 12.97001974900013 ], [ 77.780827854999984, 12.970319829000118 ], [ 77.781164050000029, 12.970718895000118 ], [ 77.781225463000055, 12.970735465000018 ], [ 77.781327653000176, 12.97076303900019 ], [ 77.781540620000101, 12.970820503000141 ], [ 77.781955611000058, 12.970855631000063 ], [ 77.782205132000172, 12.970857334000073 ], [ 77.782623074000128, 12.970910073000084 ], [ 77.782893619000049, 12.970944185000064 ], [ 77.783163436000052, 12.970906418000084 ], [ 77.783203030000152, 12.970900876000144 ], [ 77.783391210000104, 12.970588298000052 ], [ 77.783395195000139, 12.970559638000168 ], [ 77.783416388000035, 12.970407192000152 ], [ 77.783470416000057, 12.970018558000163 ], [ 77.78350425800005, 12.969775380000101 ], [ 77.783578922000174, 12.969241682000188 ], [ 77.783583190000172, 12.96921117100004 ], [ 77.783587399000055, 12.969181086000106 ], [ 77.783588433000148, 12.969178197000133 ], [ 77.783744221000063, 12.968743076000123 ], [ 77.78379191800019, 12.968496027000015 ], [ 77.783885098000098, 12.968282042000169 ], [ 77.783922349000079, 12.968106251000108 ], [ 77.783956006000096, 12.967947432000187 ], [ 77.783963902000039, 12.967894375000185 ], [ 77.783964309000169, 12.967891645000122 ], [ 77.783968234000042, 12.967865293000045 ], [ 77.784014561000049, 12.967554111000084 ], [ 77.784022674000141, 12.967168464000054 ], [ 77.78402855700017, 12.966890496000133 ], [ 77.784038717000101, 12.966844339000147 ], [ 77.784044408000113, 12.966818485000147 ], [ 77.784051442000191, 12.966786533000175 ], [ 77.784063868000146, 12.966730084 ], [ 77.784046420000152, 12.966723414000171 ], [ 77.784005786000137, 12.966707881000048 ], [ 77.784002044000033, 12.966706452000039 ], [ 77.783816033000164, 12.966635347000079 ], [ 77.783453863000034, 12.966569933000187 ], [ 77.783055935000164, 12.966484798000124 ], [ 77.782585884000071, 12.966357497 ], [ 77.782372436000173, 12.966268471000092 ], [ 77.782123545000104, 12.966165635000095 ], [ 77.782041745000072, 12.966184682000176 ], [ 77.781977159000064, 12.966208283000071 ], [ 77.781877163000161, 12.96626373800018 ], [ 77.781822935000093, 12.966293812000174 ], [ 77.781783180000104, 12.966315859000133 ], [ 77.781642244000182, 12.966516690000105 ], [ 77.78144644300005, 12.966795742000102 ], [ 77.781264037000199, 12.96691743000008 ], [ 77.78122305300019, 12.966944771000101 ], [ 77.780907444000093, 12.967036217000043 ], [ 77.78079766400009, 12.96705860000003 ], [ 77.780753117000017, 12.967067683000153 ], [ 77.780645117000176, 12.967089703 ], [ 77.780238431999976, 12.967078613000183 ], [ 77.780008758000179, 12.96709584000007 ], [ 77.779894913000078, 12.96710432500015 ], [ 77.779716607000069, 12.967044721000036 ], [ 77.779703019000181, 12.96704017899998 ], [ 77.779301266000061, 12.966905800000177 ], [ 77.77897869800006, 12.966819674000135 ], [ 77.778945484000133, 12.966817498000125 ], [ 77.778898034000122, 12.966814381000177 ], [ 77.778796412000077, 12.966807705000122 ], [ 77.778791055000056, 12.966807351999989 ], [ 77.778772026000183, 12.966842310000061 ], [ 77.778704586000117, 12.966966202000037 ], [ 77.77866623500006, 12.96717518700018 ], [ 77.778749422000089, 12.967362693000041 ], [ 77.778844518000142, 12.967654246999984 ], [ 77.778679017, 12.967736749000096 ], [ 77.778639325000142, 12.967756537000128 ], [ 77.778504589000136, 12.967823702000089 ], [ 77.777647029000093, 12.968150358000116 ], [ 77.777638059000026, 12.968153774000029 ], [ 77.777629175000186, 12.968157159000043 ], [ 77.777598104000049, 12.968147018000025 ], [ 77.777583937000031, 12.968142394000154 ], [ 77.777578548000179, 12.968140638000023 ], [ 77.777562023000144, 12.968135245000042 ], [ 77.777508186000034, 12.968117674999974 ], [ 77.777456549000135, 12.968100826000125 ], [ 77.77743754800008, 12.968094625000049 ], [ 77.77742875000007, 12.968091754000056 ], [ 77.777440517000059, 12.968089199000133 ], [ 77.777437507000172, 12.968055573000186 ], [ 77.777416722000112, 12.967823375000137 ], [ 77.777334176000068, 12.967805837000128 ], [ 77.777311739000027, 12.967801120000161 ], [ 77.777296269000033, 12.967797867000172 ], [ 77.776940324000122, 12.967723031 ], [ 77.776923685000099, 12.967719533000093 ], [ 77.776849973000196, 12.967704185000059 ], [ 77.776789089000147, 12.967691528000159 ], [ 77.776708977000112, 12.967674814000191 ], [ 77.776657052000132, 12.967657562 ], [ 77.776562072000104, 12.967626003000134 ], [ 77.776346331000127, 12.967554323000115 ], [ 77.776308260000064, 12.967534845999978 ], [ 77.776180141000054, 12.967457059000026 ], [ 77.775995440000145, 12.967344917000162 ], [ 77.775944457000094, 12.967314085000112 ], [ 77.775801018000038, 12.967227380000111 ], [ 77.775782896000123, 12.967217217999973 ], [ 77.775777816000073, 12.967214141 ], [ 77.775264113000105, 12.966903816000183 ], [ 77.775223862000075, 12.966859528000043 ], [ 77.775194806000115, 12.966827577000174 ], [ 77.775067984000145, 12.966688282000121 ], [ 77.774861125000143, 12.966609379999966 ], [ 77.774781025000095, 12.966578825 ], [ 77.774688652000179, 12.966565544000105 ], [ 77.774631484000054, 12.966557322000085 ], [ 77.774599949000049, 12.966547886000058 ], [ 77.774542545000088, 12.966531268999972 ], [ 77.774512044000119, 12.96652243900013 ], [ 77.774456288000124, 12.966506299000059 ], [ 77.774416390000056, 12.966494749000162 ], [ 77.774241167000184, 12.966444018000175 ], [ 77.774203040000145, 12.966432981000025 ], [ 77.774193889000173, 12.966425044000175 ], [ 77.77406394500008, 12.966312336999977 ], [ 77.773959350000041, 12.966263102000084 ], [ 77.773635383000169, 12.96611055000011 ], [ 77.773598292000031, 12.966106542000091 ], [ 77.773543805000031, 12.966100654000172 ], [ 77.773528928000133, 12.966099046000011 ], [ 77.773495471000103, 12.966083490000187 ], [ 77.773458742, 12.966079621000119 ], [ 77.773347387000115, 12.966067885000029 ], [ 77.773146899000039, 12.966046710000114 ], [ 77.773038438000071, 12.966035255000179 ], [ 77.772189711000067, 12.965942975000189 ], [ 77.772085852000089, 12.965931683000122 ], [ 77.771978687000058, 12.965805253000156 ], [ 77.771321388000104, 12.965029789000084 ], [ 77.771287606000158, 12.964989935000176 ], [ 77.771257945000116, 12.964945964000037 ], [ 77.771201093000172, 12.964861795000047 ], [ 77.770765862000133, 12.96422106100016 ], [ 77.770506085000079, 12.963213317000111 ], [ 77.770621205000168, 12.963214503000188 ], [ 77.770628163000197, 12.963149988000112 ], [ 77.770642771000155, 12.963014572000077 ], [ 77.770657457000141, 12.962878443000079 ], [ 77.770545648000052, 12.962893752000014 ], [ 77.770506414000181, 12.962899124000103 ], [ 77.770428555000194, 12.962909783000043 ], [ 77.770374484000115, 12.962917186000027 ], [ 77.770373554000173, 12.962902586000041 ], [ 77.770366767000098, 12.9627959500001 ], [ 77.770360260000132, 12.962693737000109 ], [ 77.770338823000088, 12.962651952000101 ], [ 77.770332711000094, 12.962640039000064 ], [ 77.770156612000164, 12.962296765000133 ], [ 77.769952064000108, 12.961898030000043 ], [ 77.769763775000115, 12.961834227000054 ], [ 77.769740574000025, 12.961826364 ], [ 77.769651715000066, 12.961796253999978 ], [ 77.769327506000138, 12.961686396000118 ], [ 77.769261496000183, 12.961678162000169 ], [ 77.769078781000076, 12.961655366000059 ], [ 77.76895313100016, 12.961639704 ], [ 77.768824603000041, 12.961545894000039 ], [ 77.768716637000125, 12.96146709300001 ], [ 77.768564238000067, 12.961355868000169 ], [ 77.768390786000111, 12.96122933800018 ], [ 77.768174761000068, 12.960560909000037 ], [ 77.768144686000142, 12.960467850000043 ], [ 77.7674955600001, 12.960213202000091 ], [ 77.767490870000074, 12.960202170000059 ], [ 77.767244965000032, 12.959623962000023 ], [ 77.76721665600013, 12.959557387000132 ], [ 77.767203650000113, 12.959526800000162 ], [ 77.767072275000146, 12.959476018000032 ], [ 77.767046070000049, 12.959465890000104 ], [ 77.76704292300002, 12.959481007000022 ], [ 77.76704225300017, 12.959480738000082 ], [ 77.767016722000108, 12.95947043700005 ], [ 77.76700873600015, 12.959511981000105 ], [ 77.767000746000178, 12.959553523000125 ], [ 77.766990624000073, 12.959555491000117 ], [ 77.766952804000141, 12.959562879000032 ], [ 77.766879005000135, 12.959577298000056 ], [ 77.766919544000018, 12.959425023000165 ], [ 77.766962738000075, 12.959262915000068 ], [ 77.76696822100007, 12.959236152000074 ], [ 77.766975194000054, 12.959202118000121 ], [ 77.767005658000073, 12.959053418000053 ], [ 77.767015231000073, 12.959006715000044 ], [ 77.767108755000152, 12.958799523000096 ], [ 77.767259376000084, 12.958435350000116 ], [ 77.767404753000108, 12.958337394000182 ], [ 77.767445904000056, 12.958308401000181 ], [ 77.767659750000178, 12.95815777700011 ], [ 77.767738509000196, 12.958029058000022 ], [ 77.767849656000067, 12.957849876000125 ], [ 77.767887444, 12.957758249000108 ], [ 77.76793192100007, 12.957651508000083 ], [ 77.767951100000118, 12.957605477000072 ], [ 77.76804942900003, 12.957369492 ], [ 77.768090600000107, 12.957278571000018 ], [ 77.768141279000133, 12.957167011000024 ], [ 77.768151007000085, 12.957105375000083 ], [ 77.768182097000135, 12.956908890000079 ], [ 77.768190380000192, 12.956764588000055 ], [ 77.768193797000038, 12.956705233000037 ], [ 77.768387736000193, 12.956518186000096 ], [ 77.768419145000053, 12.9564303840001 ], [ 77.768509358000131, 12.955954748000181 ], [ 77.76856992900008, 12.955936550000104 ], [ 77.768624881, 12.955920039999967 ], [ 77.768652993000046, 12.955911591000074 ], [ 77.768654355000137, 12.955908681000039 ], [ 77.768685588000153, 12.955898916000024 ], [ 77.768713661000049, 12.95589014799998 ], [ 77.768737799000121, 12.955837631000179 ], [ 77.768877118000034, 12.955534796000109 ], [ 77.76901730600008, 12.955232430000137 ], [ 77.769294426000101, 12.955066085000112 ], [ 77.769320781000033, 12.955050264000135 ], [ 77.769640330000072, 12.954893167000023 ], [ 77.769754079000165, 12.954837248000104 ], [ 77.769802789000153, 12.954813302000048 ], [ 77.769855712000151, 12.954741344000183 ], [ 77.769868440000153, 12.95473285800017 ], [ 77.770008833000134, 12.954591951000168 ], [ 77.770036534000042, 12.954564149000134 ], [ 77.770555637000086, 12.95404314700005 ], [ 77.770570877000068, 12.954017124000075 ], [ 77.770626718000187, 12.953921781000133 ], [ 77.770629502000077, 12.953917029000081 ], [ 77.770701702000167, 12.953793785000187 ], [ 77.770824698000013, 12.953583892000154 ], [ 77.770899606, 12.953456101000143 ], [ 77.771014910000133, 12.95325947800012 ], [ 77.771044720000134, 12.953208643000096 ], [ 77.771045616000038, 12.953177292000078 ], [ 77.771087033000185, 12.953136489000144 ], [ 77.771095427000148, 12.9531221740001 ], [ 77.771145800000113, 12.953072614000121 ], [ 77.771173058000102, 12.953045797000129 ], [ 77.77166881800008, 12.952557519000038 ], [ 77.771795962000112, 12.952432293000129 ], [ 77.772668363000093, 12.951566996000054 ], [ 77.772709139000085, 12.951526552000075 ], [ 77.772729240000047, 12.951506509000126 ], [ 77.772514952000108, 12.951303947000042 ], [ 77.772403671, 12.951198871000088 ], [ 77.772145995000187, 12.950955865000026 ], [ 77.771217318000197, 12.950084587000049 ], [ 77.770817033000185, 12.949710547 ], [ 77.770502476000047, 12.949416879000069 ], [ 77.770500423000101, 12.949414963000095 ], [ 77.770473636000133, 12.949389969000151 ], [ 77.7695599810001, 12.948681339000132 ], [ 77.769524693000051, 12.948653968000087 ], [ 77.769511034000061, 12.948643380000078 ], [ 77.769344738000143, 12.94854877299997 ], [ 77.769048283000075, 12.94832537100018 ], [ 77.768944132000058, 12.948246883000081 ], [ 77.768905745000154, 12.948217956000065 ], [ 77.767251769000097, 12.94688110900006 ], [ 77.76696749600012, 12.946649912000169 ], [ 77.766907410000101, 12.946601044000033 ], [ 77.766017430000034, 12.945873684000105 ], [ 77.765571237000131, 12.945508712999981 ], [ 77.765528795000193, 12.945473981000134 ], [ 77.765513649000184, 12.945461591000026 ], [ 77.76549009200005, 12.945434005000038 ], [ 77.765477199000145, 12.945298185000183 ], [ 77.765475172000095, 12.945274808000079 ], [ 77.765474875000166, 12.945271382000158 ], [ 77.765465507999977, 12.945163703000048 ], [ 77.765456041, 12.945054883000125 ], [ 77.765455825000174, 12.945052435000093 ], [ 77.765444895000144, 12.944927373000041 ], [ 77.765442900000096, 12.944904616000031 ], [ 77.765367386000037, 12.944265041000108 ], [ 77.76536309200003, 12.94422867000003 ], [ 77.765347070000132, 12.944093482000028 ], [ 77.76526488200011, 12.943404245000124 ], [ 77.765257972000029, 12.943351532000122 ], [ 77.76513524, 12.942388655000116 ], [ 77.765236934000086, 12.942326981000178 ], [ 77.765282260000106, 12.94229949400011 ], [ 77.766390248000107, 12.941996901000039 ], [ 77.766430616000093, 12.941986209000049 ] ] ] ] } }
]
}
